unique_id,species,kmer_size,madb_time,cogent3_time
ENSG00000204518.fa,Chimpanzee,10,0.006043672561645508,0.008650064468383789
ENSG00000204518.fa,Chimpanzee,15,0.004887580871582031,0.008650064468383789
ENSG00000204518.fa,Chimpanzee,20,0.0046863555908203125,0.008650064468383789
ENSG00000204518.fa,Chimpanzee,25,0.004398822784423828,0.008650064468383789
ENSG00000204518.fa,Chimpanzee,30,0.0052487850189208984,0.008650064468383789
ENSG00000204518.fa,Chimpanzee,35,0.0044345855712890625,0.008650064468383789
ENSG00000204518.fa,Chimpanzee,40,0.004300832748413086,0.008650064468383789
ENSG00000204518.fa,Chimpanzee,45,0.004121303558349609,0.008650064468383789
ENSG00000204518.fa,Chimpanzee,50,0.004009723663330078,0.008650064468383789
ENSG00000204518.fa,Chimpanzee,55,0.004931211471557617,0.008650064468383789
ENSG00000204518.fa,Chimpanzee,60,0.0038115978240966797,0.008650064468383789
ENSG00000204518.fa,Chimpanzee,65,0.0038073062896728516,0.008650064468383789
ENSG00000204518.fa,Chimpanzee,70,0.003925800323486328,0.008650064468383789
ENSG00000204518.fa,Chimpanzee,75,0.003617525100708008,0.008650064468383789
ENSG00000204518.fa,Chimpanzee,80,0.0035860538482666016,0.008650064468383789
ENSG00000204518.fa,Chimpanzee,85,0.0035974979400634766,0.008650064468383789
ENSG00000204518.fa,Chimpanzee,90,0.005277872085571289,0.008650064468383789
ENSG00000204518.fa,Chimpanzee,95,0.003317117691040039,0.008650064468383789
ENSG00000184389.fa,Chimpanzee,60,0.4723951816558838,13.164615869522095
ENSG00000184389.fa,Chimpanzee,65,0.47157955169677734,13.164615869522095
ENSG00000184389.fa,Chimpanzee,70,0.48030829429626465,13.164615869522095
ENSG00000184389.fa,Chimpanzee,75,0.5061030387878418,13.164615869522095
ENSG00000184389.fa,Chimpanzee,80,0.5028781890869141,13.164615869522095
ENSG00000184389.fa,Chimpanzee,85,0.5201051235198975,13.164615869522095
ENSG00000184389.fa,Chimpanzee,90,0.352236270904541,13.164615869522095
ENSG00000184389.fa,Chimpanzee,95,0.5565378665924072,13.164615869522095
ENSG00000143632.fa,Chimpanzee,40,0.07537531852722168,0.39345669746398926
ENSG00000143632.fa,Chimpanzee,45,0.07411408424377441,0.39345669746398926
ENSG00000143632.fa,Chimpanzee,50,0.07147836685180664,0.39345669746398926
ENSG00000143632.fa,Chimpanzee,55,0.18824315071105957,0.39345669746398926
ENSG00000143632.fa,Chimpanzee,60,0.07420754432678223,0.39345669746398926
ENSG00000143632.fa,Chimpanzee,65,0.07624602317810059,0.39345669746398926
ENSG00000143632.fa,Chimpanzee,70,0.07520818710327148,0.39345669746398926
ENSG00000143632.fa,Chimpanzee,75,0.19385266304016113,0.39345669746398926
ENSG00000143632.fa,Chimpanzee,80,0.07780861854553223,0.39345669746398926
ENSG00000143632.fa,Chimpanzee,85,0.07623958587646484,0.39345669746398926
ENSG00000143632.fa,Chimpanzee,90,0.19420742988586426,0.39345669746398926
ENSG00000143632.fa,Chimpanzee,95,0.07649564743041992,0.39345669746398926
ENSG00000169717.fa,Chimpanzee,15,0.02737903594970703,0.06905674934387207
ENSG00000169717.fa,Chimpanzee,20,0.02640223503112793,0.06905674934387207
ENSG00000169717.fa,Chimpanzee,25,0.02591538429260254,0.06905674934387207
ENSG00000169717.fa,Chimpanzee,30,0.02702784538269043,0.06905674934387207
ENSG00000169717.fa,Chimpanzee,35,0.02620983123779297,0.06905674934387207
ENSG00000169717.fa,Chimpanzee,40,0.14479565620422363,0.06905674934387207
ENSG00000169717.fa,Chimpanzee,45,0.024439334869384766,0.06905674934387207
ENSG00000169717.fa,Chimpanzee,50,0.024506092071533203,0.06905674934387207
ENSG00000169717.fa,Chimpanzee,55,0.02427506446838379,0.06905674934387207
ENSG00000169717.fa,Chimpanzee,60,0.024143457412719727,0.06905674934387207
ENSG00000169717.fa,Chimpanzee,65,0.024770021438598633,0.06905674934387207
ENSG00000169717.fa,Chimpanzee,70,0.02404189109802246,0.06905674934387207
ENSG00000169717.fa,Chimpanzee,75,0.023380041122436523,0.06905674934387207
ENSG00000169717.fa,Chimpanzee,80,0.023556947708129883,0.06905674934387207
ENSG00000169717.fa,Chimpanzee,85,0.02386331558227539,0.06905674934387207
ENSG00000169717.fa,Chimpanzee,90,0.02455425262451172,0.06905674934387207
ENSG00000169717.fa,Chimpanzee,95,0.1346285343170166,0.06905674934387207
ENSG00000134249-0.fa,Chimpanzee,10,0.030997753143310547,0.07002615928649902
ENSG00000134249-0.fa,Chimpanzee,15,0.029008150100708008,0.07002615928649902
ENSG00000134249-0.fa,Chimpanzee,20,0.030162334442138672,0.07002615928649902
ENSG00000134249-0.fa,Chimpanzee,25,0.02959918975830078,0.07002615928649902
ENSG00000134249-0.fa,Chimpanzee,30,0.026736736297607422,0.07002615928649902
ENSG00000134249-0.fa,Chimpanzee,35,0.02742624282836914,0.07002615928649902
ENSG00000134249-0.fa,Chimpanzee,40,0.029736757278442383,0.07002615928649902
ENSG00000134249-0.fa,Chimpanzee,45,0.025270462036132812,0.07002615928649902
ENSG00000134249-0.fa,Chimpanzee,50,0.024677515029907227,0.07002615928649902
ENSG00000134249-0.fa,Chimpanzee,55,0.02455615997314453,0.07002615928649902
ENSG00000134249-0.fa,Chimpanzee,60,0.024263381958007812,0.07002615928649902
ENSG00000134249-0.fa,Chimpanzee,65,0.023556232452392578,0.07002615928649902
ENSG00000134249-0.fa,Chimpanzee,70,0.21205639839172363,0.07002615928649902
ENSG00000134249-0.fa,Chimpanzee,75,0.02367997169494629,0.07002615928649902
ENSG00000134249-0.fa,Chimpanzee,80,0.0237886905670166,0.07002615928649902
ENSG00000134249-0.fa,Chimpanzee,85,0.02352166175842285,0.07002615928649902
ENSG00000134249-0.fa,Chimpanzee,90,0.022949695587158203,0.07002615928649902
ENSG00000134249-0.fa,Chimpanzee,95,0.02308058738708496,0.07002615928649902
ENSG00000282608.fa,Chimpanzee,60,0.09769606590270996,0.5517609119415283
ENSG00000282608.fa,Chimpanzee,65,0.09589552879333496,0.5517609119415283
ENSG00000282608.fa,Chimpanzee,70,0.21401405334472656,0.5517609119415283
ENSG00000282608.fa,Chimpanzee,75,0.09806108474731445,0.5517609119415283
ENSG00000282608.fa,Chimpanzee,80,0.09885501861572266,0.5517609119415283
ENSG00000282608.fa,Chimpanzee,85,0.2279520034790039,0.5517609119415283
ENSG00000282608.fa,Chimpanzee,90,0.10258722305297852,0.5517609119415283
ENSG00000282608.fa,Chimpanzee,95,0.10064339637756348,0.5517609119415283
ENSG00000116863.fa,Chimpanzee,30,0.0926666259765625,1.2551755905151367
ENSG00000116863.fa,Chimpanzee,35,0.0900120735168457,1.2551755905151367
ENSG00000116863.fa,Chimpanzee,40,0.20973944664001465,1.2551755905151367
ENSG00000116863.fa,Chimpanzee,45,0.09094429016113281,1.2551755905151367
ENSG00000116863.fa,Chimpanzee,50,0.08982992172241211,1.2551755905151367
ENSG00000116863.fa,Chimpanzee,55,0.2088942527770996,1.2551755905151367
ENSG00000116863.fa,Chimpanzee,60,0.08930063247680664,1.2551755905151367
ENSG00000126070-0.fa,Chimpanzee,15,0.017891407012939453,0.040555477142333984
ENSG00000126070-0.fa,Chimpanzee,20,0.018086910247802734,0.040555477142333984
ENSG00000126070-0.fa,Chimpanzee,25,0.01791071891784668,0.040555477142333984
ENSG00000126070-0.fa,Chimpanzee,30,0.01736903190612793,0.040555477142333984
ENSG00000126070-0.fa,Chimpanzee,35,0.14911770820617676,0.040555477142333984
ENSG00000126070-0.fa,Chimpanzee,40,0.01690840721130371,0.040555477142333984
ENSG00000126070-0.fa,Chimpanzee,45,0.017516136169433594,0.040555477142333984
ENSG00000126070-0.fa,Chimpanzee,50,0.017417430877685547,0.040555477142333984
ENSG00000126070-0.fa,Chimpanzee,55,0.01718449592590332,0.040555477142333984
ENSG00000126070-0.fa,Chimpanzee,60,0.01852703094482422,0.040555477142333984
ENSG00000126070-0.fa,Chimpanzee,65,0.017276525497436523,0.040555477142333984
ENSG00000126070-0.fa,Chimpanzee,70,0.017113208770751953,0.040555477142333984
ENSG00000126070-0.fa,Chimpanzee,75,0.017132997512817383,0.040555477142333984
ENSG00000126070-0.fa,Chimpanzee,80,0.01658010482788086,0.040555477142333984
ENSG00000126070-0.fa,Chimpanzee,85,0.016154050827026367,0.040555477142333984
ENSG00000126070-0.fa,Chimpanzee,90,0.016643524169921875,0.040555477142333984
ENSG00000126070-0.fa,Chimpanzee,95,0.016220569610595703,0.040555477142333984
ENSG00000186094-1.fa,Chimpanzee,50,0.210160493850708,7.29657244682312
ENSG00000186094-1.fa,Chimpanzee,55,0.35323286056518555,7.29657244682312
ENSG00000186094-1.fa,Chimpanzee,60,0.3424086570739746,7.29657244682312
ENSG00000186094-1.fa,Chimpanzee,65,0.3324263095855713,7.29657244682312
ENSG00000186094-1.fa,Chimpanzee,70,0.21347713470458984,7.29657244682312
ENSG00000186094-1.fa,Chimpanzee,75,0.3597278594970703,7.29657244682312
ENSG00000186094-1.fa,Chimpanzee,80,0.3382563591003418,7.29657244682312
ENSG00000186094-1.fa,Chimpanzee,85,0.2083587646484375,7.29657244682312
ENSG00000186094-1.fa,Chimpanzee,90,0.35642337799072266,7.29657244682312
ENSG00000186094-1.fa,Chimpanzee,95,0.3354325294494629,7.29657244682312
ENSG00000188157-0.fa,Chimpanzee,15,0.04761648178100586,0.18207883834838867
ENSG00000188157-0.fa,Chimpanzee,20,0.2030184268951416,0.18207883834838867
ENSG00000188157-0.fa,Chimpanzee,25,0.04708695411682129,0.18207883834838867
ENSG00000188157-0.fa,Chimpanzee,30,0.045606374740600586,0.18207883834838867
ENSG00000188157-0.fa,Chimpanzee,35,0.04697394371032715,0.18207883834838867
ENSG00000188157-0.fa,Chimpanzee,40,0.14565253257751465,0.18207883834838867
ENSG00000188157-0.fa,Chimpanzee,45,0.04595661163330078,0.18207883834838867
ENSG00000188157-0.fa,Chimpanzee,50,0.04587125778198242,0.18207883834838867
ENSG00000188157-0.fa,Chimpanzee,55,0.0453343391418457,0.18207883834838867
ENSG00000188157-0.fa,Chimpanzee,60,0.045958757400512695,0.18207883834838867
ENSG00000188157-0.fa,Chimpanzee,65,0.15342259407043457,0.18207883834838867
ENSG00000188157-0.fa,Chimpanzee,70,0.04579973220825195,0.18207883834838867
ENSG00000188157-0.fa,Chimpanzee,75,0.0459439754486084,0.18207883834838867
ENSG00000188157-0.fa,Chimpanzee,80,0.04580378532409668,0.18207883834838867
ENSG00000188157-0.fa,Chimpanzee,85,0.04642915725708008,0.18207883834838867
ENSG00000188157-0.fa,Chimpanzee,90,0.1608889102935791,0.18207883834838867
ENSG00000188157-0.fa,Chimpanzee,95,0.04549360275268555,0.18207883834838867
ENSG00000188157-1.fa,Chimpanzee,15,0.020282268524169922,0.03946638107299805
ENSG00000188157-1.fa,Chimpanzee,20,0.02020716667175293,0.03946638107299805
ENSG00000188157-1.fa,Chimpanzee,25,0.019575834274291992,0.03946638107299805
ENSG00000188157-1.fa,Chimpanzee,30,0.018900394439697266,0.03946638107299805
ENSG00000188157-1.fa,Chimpanzee,35,0.018868684768676758,0.03946638107299805
ENSG00000188157-1.fa,Chimpanzee,40,0.018460750579833984,0.03946638107299805
ENSG00000188157-1.fa,Chimpanzee,45,0.0183258056640625,0.03946638107299805
ENSG00000188157-1.fa,Chimpanzee,50,0.017783641815185547,0.03946638107299805
ENSG00000188157-1.fa,Chimpanzee,55,0.017061471939086914,0.03946638107299805
ENSG00000188157-1.fa,Chimpanzee,60,0.016429662704467773,0.03946638107299805
ENSG00000188157-1.fa,Chimpanzee,65,0.01742863655090332,0.03946638107299805
ENSG00000188157-1.fa,Chimpanzee,70,0.015221118927001953,0.03946638107299805
ENSG00000188157-1.fa,Chimpanzee,75,0.16381287574768066,0.03946638107299805
ENSG00000188157-1.fa,Chimpanzee,80,0.015535593032836914,0.03946638107299805
ENSG00000188157-1.fa,Chimpanzee,85,0.015742063522338867,0.03946638107299805
ENSG00000188157-1.fa,Chimpanzee,90,0.015498876571655273,0.03946638107299805
ENSG00000188157-1.fa,Chimpanzee,95,0.01485753059387207,0.03946638107299805
ENSG00000153207-0.fa,Chimpanzee,10,0.021247386932373047,0.04427361488342285
ENSG00000153207-0.fa,Chimpanzee,15,0.020614147186279297,0.04427361488342285
ENSG00000153207-0.fa,Chimpanzee,20,0.01977062225341797,0.04427361488342285
ENSG00000153207-0.fa,Chimpanzee,25,0.022294044494628906,0.04427361488342285
ENSG00000153207-0.fa,Chimpanzee,30,0.023052692413330078,0.04427361488342285
ENSG00000153207-0.fa,Chimpanzee,35,0.022656917572021484,0.04427361488342285
ENSG00000177674-0.fa,Chimpanzee,70,0.2406001091003418,7.479712963104248
ENSG00000177674-0.fa,Chimpanzee,75,0.3782508373260498,7.479712963104248
ENSG00000177674-0.fa,Chimpanzee,80,0.35951828956604004,7.479712963104248
ENSG00000177674-0.fa,Chimpanzee,85,0.22446155548095703,7.479712963104248
ENSG00000177674-0.fa,Chimpanzee,90,0.3779134750366211,7.479712963104248
ENSG00000177674-0.fa,Chimpanzee,95,0.3588237762451172,7.479712963104248
ENSG00000154027-0.fa,Chimpanzee,15,0.013207674026489258,0.023360490798950195
ENSG00000154027-0.fa,Chimpanzee,20,0.013299226760864258,0.023360490798950195
ENSG00000154027-0.fa,Chimpanzee,25,0.012646198272705078,0.023360490798950195
ENSG00000154027-0.fa,Chimpanzee,30,0.013804435729980469,0.023360490798950195
ENSG00000154027-0.fa,Chimpanzee,35,0.01238107681274414,0.023360490798950195
ENSG00000154027-0.fa,Chimpanzee,40,0.01316976547241211,0.023360490798950195
ENSG00000154027-0.fa,Chimpanzee,45,0.012172222137451172,0.023360490798950195
ENSG00000154027-0.fa,Chimpanzee,50,0.012104988098144531,0.023360490798950195
ENSG00000154027-0.fa,Chimpanzee,55,0.012618780136108398,0.023360490798950195
ENSG00000154027-0.fa,Chimpanzee,60,0.013657569885253906,0.023360490798950195
ENSG00000154027-0.fa,Chimpanzee,65,0.012616634368896484,0.023360490798950195
ENSG00000154027-0.fa,Chimpanzee,70,0.011239767074584961,0.023360490798950195
ENSG00000154027-0.fa,Chimpanzee,75,0.012023210525512695,0.023360490798950195
ENSG00000154027-0.fa,Chimpanzee,80,0.012553215026855469,0.023360490798950195
ENSG00000154027-0.fa,Chimpanzee,85,0.013106584548950195,0.023360490798950195
ENSG00000154027-0.fa,Chimpanzee,90,0.010643243789672852,0.023360490798950195
ENSG00000154027-0.fa,Chimpanzee,95,0.011212348937988281,0.023360490798950195
ENSG00000174574-0.fa,Chimpanzee,75,0.2573251724243164,2.3012900352478027
ENSG00000174574-0.fa,Chimpanzee,80,0.12868452072143555,2.3012900352478027
ENSG00000174574-0.fa,Chimpanzee,85,0.2528266906738281,2.3012900352478027
ENSG00000174574-0.fa,Chimpanzee,90,0.13263702392578125,2.3012900352478027
ENSG00000174574-0.fa,Chimpanzee,95,0.24813294410705566,2.3012900352478027
ENSG00000174574-1.fa,Chimpanzee,30,0.2852959632873535,3.063687324523926
ENSG00000053371-1.fa,Chimpanzee,10,0.004038572311401367,0.00484919548034668
ENSG00000053371-1.fa,Chimpanzee,15,0.0032379627227783203,0.00484919548034668
ENSG00000053371-1.fa,Chimpanzee,20,0.0031042098999023438,0.00484919548034668
ENSG00000053371-1.fa,Chimpanzee,25,0.005518436431884766,0.00484919548034668
ENSG00000053371-1.fa,Chimpanzee,30,0.005228281021118164,0.00484919548034668
ENSG00000053371-1.fa,Chimpanzee,35,0.005995512008666992,0.00484919548034668
ENSG00000053371-1.fa,Chimpanzee,40,0.004949808120727539,0.00484919548034668
ENSG00000053371-1.fa,Chimpanzee,45,0.004791975021362305,0.00484919548034668
ENSG00000053371-1.fa,Chimpanzee,50,0.004934072494506836,0.00484919548034668
ENSG00000053371-1.fa,Chimpanzee,55,0.004956960678100586,0.00484919548034668
ENSG00000053371-1.fa,Chimpanzee,60,0.004733085632324219,0.00484919548034668
ENSG00000053371-1.fa,Chimpanzee,65,0.005805492401123047,0.00484919548034668
ENSG00000053371-1.fa,Chimpanzee,70,0.004685640335083008,0.00484919548034668
ENSG00000053371-1.fa,Chimpanzee,75,0.0045795440673828125,0.00484919548034668
ENSG00000053371-1.fa,Chimpanzee,80,0.004830360412597656,0.00484919548034668
ENSG00000053371-1.fa,Chimpanzee,85,0.004579305648803711,0.00484919548034668
ENSG00000053371-1.fa,Chimpanzee,90,0.004479646682739258,0.00484919548034668
ENSG00000053371-1.fa,Chimpanzee,95,0.004640102386474609,0.00484919548034668
ENSG00000117448-1.fa,Chimpanzee,70,0.17572259902954102,4.676515579223633
ENSG00000117448-1.fa,Chimpanzee,75,0.3130934238433838,4.676515579223633
ENSG00000117448-1.fa,Chimpanzee,80,0.3052361011505127,4.676515579223633
ENSG00000117448-1.fa,Chimpanzee,85,0.17831182479858398,4.676515579223633
ENSG00000117448-1.fa,Chimpanzee,90,0.32580041885375977,4.676515579223633
ENSG00000117448-1.fa,Chimpanzee,95,0.19513559341430664,4.676515579223633
ENSG00000162482.fa,Chimpanzee,45,0.13025712966918945,1.8925671577453613
ENSG00000162482.fa,Chimpanzee,50,0.24924778938293457,1.8925671577453613
ENSG00000162482.fa,Chimpanzee,55,0.1200418472290039,1.8925671577453613
ENSG00000162482.fa,Chimpanzee,60,0.24205827713012695,1.8925671577453613
ENSG00000162482.fa,Chimpanzee,65,0.12252092361450195,1.8925671577453613
ENSG00000162482.fa,Chimpanzee,70,0.26819920539855957,1.8925671577453613
ENSG00000162482.fa,Chimpanzee,75,0.13149285316467285,1.8925671577453613
ENSG00000162482.fa,Chimpanzee,80,0.26618480682373047,1.8925671577453613
ENSG00000162482.fa,Chimpanzee,85,0.1370854377746582,1.8925671577453613
ENSG00000162482.fa,Chimpanzee,90,0.2677464485168457,1.8925671577453613
ENSG00000162482.fa,Chimpanzee,95,0.13544726371765137,1.8925671577453613
ENSG00000053371-0.fa,Chimpanzee,50,0.3040759563446045,5.682537317276001
ENSG00000053371-0.fa,Chimpanzee,55,0.3090369701385498,5.682537317276001
ENSG00000053371-0.fa,Chimpanzee,60,0.19711899757385254,5.682537317276001
ENSG00000053371-0.fa,Chimpanzee,65,0.32273387908935547,5.682537317276001
ENSG00000053371-0.fa,Chimpanzee,70,0.19422197341918945,5.682537317276001
ENSG00000053371-0.fa,Chimpanzee,75,0.3544580936431885,5.682537317276001
ENSG00000053371-0.fa,Chimpanzee,80,0.31067347526550293,5.682537317276001
ENSG00000053371-0.fa,Chimpanzee,85,0.3373377323150635,5.682537317276001
ENSG00000053371-0.fa,Chimpanzee,90,0.2074880599975586,5.682537317276001
ENSG00000053371-0.fa,Chimpanzee,95,0.34483814239501953,5.682537317276001
ENSG00000211454-1.fa,Chimpanzee,60,0.02624654769897461,0.06756806373596191
ENSG00000211454-1.fa,Chimpanzee,65,0.027068614959716797,0.06756806373596191
ENSG00000211454-1.fa,Chimpanzee,70,0.027039289474487305,0.06756806373596191
ENSG00000211454-1.fa,Chimpanzee,75,0.02846550941467285,0.06756806373596191
ENSG00000211454-1.fa,Chimpanzee,80,0.02696681022644043,0.06756806373596191
ENSG00000211454-1.fa,Chimpanzee,85,0.0266573429107666,0.06756806373596191
ENSG00000211454-1.fa,Chimpanzee,90,0.026437997817993164,0.06756806373596191
ENSG00000211454-1.fa,Chimpanzee,95,0.128281831741333,0.06756806373596191
ENSG00000211454-0.fa,Chimpanzee,30,0.449324369430542,2.3223180770874023
ENSG00000211454-0.fa,Chimpanzee,35,0.30705809593200684,2.3223180770874023
ENSG00000211454-0.fa,Chimpanzee,40,0.4277019500732422,2.3223180770874023
ENSG00000211454-0.fa,Chimpanzee,45,0.42511487007141113,2.3223180770874023
ENSG00000211454-0.fa,Chimpanzee,50,0.3141746520996094,2.3223180770874023
ENSG00000211454-0.fa,Chimpanzee,55,0.44233250617980957,2.3223180770874023
ENSG00000211454-0.fa,Chimpanzee,60,0.3418765068054199,2.3223180770874023
ENSG00000211454-0.fa,Chimpanzee,65,0.4615304470062256,2.3223180770874023
ENSG00000211454-0.fa,Chimpanzee,70,0.46649789810180664,2.3223180770874023
ENSG00000211454-0.fa,Chimpanzee,75,0.3936018943786621,2.3223180770874023
ENSG00000211454-0.fa,Chimpanzee,80,0.5560979843139648,2.3223180770874023
ENSG00000211454-0.fa,Chimpanzee,85,0.4369804859161377,2.3223180770874023
ENSG00000211454-0.fa,Chimpanzee,90,0.558358907699585,2.3223180770874023
ENSG00000211454-0.fa,Chimpanzee,95,0.5721337795257568,2.3223180770874023
ENSG00000156150.fa,Chimpanzee,50,0.22864699363708496,6.699259042739868
ENSG00000156150.fa,Chimpanzee,55,0.32800912857055664,6.699259042739868
ENSG00000156150.fa,Chimpanzee,60,0.33385539054870605,6.699259042739868
ENSG00000156150.fa,Chimpanzee,65,0.20692038536071777,6.699259042739868
ENSG00000156150.fa,Chimpanzee,70,0.3368375301361084,6.699259042739868
ENSG00000156150.fa,Chimpanzee,75,0.33196449279785156,6.699259042739868
ENSG00000156150.fa,Chimpanzee,80,0.20654797554016113,6.699259042739868
ENSG00000156150.fa,Chimpanzee,85,0.3380703926086426,6.699259042739868
ENSG00000156150.fa,Chimpanzee,90,0.335176944732666,6.699259042739868
ENSG00000156150.fa,Chimpanzee,95,0.21602177619934082,6.699259042739868
ENSG00000116337.fa,Chimpanzee,40,0.4169619083404541,14.19217586517334
ENSG00000116337.fa,Chimpanzee,45,0.4173450469970703,14.19217586517334
ENSG00000116337.fa,Chimpanzee,50,0.28145289421081543,14.19217586517334
ENSG00000116337.fa,Chimpanzee,55,0.4324038028717041,14.19217586517334
ENSG00000116337.fa,Chimpanzee,60,0.40920543670654297,14.19217586517334
ENSG00000116337.fa,Chimpanzee,65,0.411052942276001,14.19217586517334
ENSG00000116337.fa,Chimpanzee,70,0.4119436740875244,14.19217586517334
ENSG00000171819.fa,Chimpanzee,75,0.23818564414978027,2.1260931491851807
ENSG00000171819.fa,Chimpanzee,80,0.1156911849975586,2.1260931491851807
ENSG00000171819.fa,Chimpanzee,85,0.11144590377807617,2.1260931491851807
ENSG00000171819.fa,Chimpanzee,90,0.24225950241088867,2.1260931491851807
ENSG00000171819.fa,Chimpanzee,95,0.11294269561767578,2.1260931491851807
ENSG00000134262.fa,Chimpanzee,20,0.4167745113372803,7.641735076904297
ENSG00000134262.fa,Chimpanzee,25,0.3248012065887451,7.641735076904297
ENSG00000134262.fa,Chimpanzee,30,0.21195673942565918,7.641735076904297
ENSG00000134262.fa,Chimpanzee,35,0.34798598289489746,7.641735076904297
ENSG00000134262.fa,Chimpanzee,55,0.3522834777832031,7.641735076904297
ENSG00000134262.fa,Chimpanzee,60,0.20855093002319336,7.641735076904297
ENSG00000134262.fa,Chimpanzee,65,0.3373587131500244,7.641735076904297
ENSG00000134262.fa,Chimpanzee,70,0.3348267078399658,7.641735076904297
ENSG00000134262.fa,Chimpanzee,75,0.20761585235595703,7.641735076904297
ENSG00000134262.fa,Chimpanzee,80,0.34156131744384766,7.641735076904297
ENSG00000134262.fa,Chimpanzee,85,0.32514190673828125,7.641735076904297
ENSG00000134262.fa,Chimpanzee,90,0.20133733749389648,7.641735076904297
ENSG00000134262.fa,Chimpanzee,95,0.34174680709838867,7.641735076904297
ENSG00000198483.fa,Chimpanzee,95,0.5176734924316406,22.38974642753601
ENSG00000132703.fa,Chimpanzee,10,0.01882028579711914,0.04053235054016113
ENSG00000132703.fa,Chimpanzee,15,0.0177152156829834,0.04053235054016113
ENSG00000132703.fa,Chimpanzee,20,0.017731666564941406,0.04053235054016113
ENSG00000132703.fa,Chimpanzee,25,0.017266511917114258,0.04053235054016113
ENSG00000132703.fa,Chimpanzee,30,0.016675949096679688,0.04053235054016113
ENSG00000132703.fa,Chimpanzee,35,0.016736507415771484,0.04053235054016113
ENSG00000132703.fa,Chimpanzee,40,0.0185091495513916,0.04053235054016113
ENSG00000132703.fa,Chimpanzee,45,0.016151905059814453,0.04053235054016113
ENSG00000132703.fa,Chimpanzee,50,0.016519546508789062,0.04053235054016113
ENSG00000132703.fa,Chimpanzee,55,0.015879392623901367,0.04053235054016113
ENSG00000132703.fa,Chimpanzee,60,0.015713214874267578,0.04053235054016113
ENSG00000132703.fa,Chimpanzee,65,0.015983104705810547,0.04053235054016113
ENSG00000132703.fa,Chimpanzee,70,0.01573014259338379,0.04053235054016113
ENSG00000132703.fa,Chimpanzee,75,0.015636920928955078,0.04053235054016113
ENSG00000132703.fa,Chimpanzee,80,0.015422344207763672,0.04053235054016113
ENSG00000132703.fa,Chimpanzee,85,0.015354156494140625,0.04053235054016113
ENSG00000132703.fa,Chimpanzee,90,0.01505422592163086,0.04053235054016113
ENSG00000132703.fa,Chimpanzee,95,0.014861106872558594,0.04053235054016113
ENSG00000158874.fa,Chimpanzee,45,0.024317264556884766,0.059758901596069336
ENSG00000158874.fa,Chimpanzee,50,0.023932218551635742,0.059758901596069336
ENSG00000158874.fa,Chimpanzee,55,0.023986339569091797,0.059758901596069336
ENSG00000158874.fa,Chimpanzee,60,0.14460349082946777,0.059758901596069336
ENSG00000158874.fa,Chimpanzee,65,0.026213407516479492,0.059758901596069336
ENSG00000158874.fa,Chimpanzee,70,0.02502131462097168,0.059758901596069336
ENSG00000158874.fa,Chimpanzee,75,0.024928569793701172,0.059758901596069336
ENSG00000158874.fa,Chimpanzee,80,0.02486443519592285,0.059758901596069336
ENSG00000158874.fa,Chimpanzee,85,0.02536606788635254,0.059758901596069336
ENSG00000158874.fa,Chimpanzee,90,0.024107933044433594,0.059758901596069336
ENSG00000158874.fa,Chimpanzee,95,0.023888587951660156,0.059758901596069336
ENSG00000143595.fa,Chimpanzee,65,0.07233476638793945,0.5084934234619141
ENSG00000143595.fa,Chimpanzee,70,0.1810779571533203,0.5084934234619141
ENSG00000143595.fa,Chimpanzee,75,0.07285618782043457,0.5084934234619141
ENSG00000143595.fa,Chimpanzee,80,0.0705559253692627,0.5084934234619141
ENSG00000143595.fa,Chimpanzee,85,0.07173299789428711,0.5084934234619141
ENSG00000143595.fa,Chimpanzee,90,0.18081450462341309,0.5084934234619141
ENSG00000143595.fa,Chimpanzee,95,0.0721578598022461,0.5084934234619141
ENSG00000173627.fa,Chimpanzee,60,0.2510035037994385,2.4327898025512695
ENSG00000173627.fa,Chimpanzee,65,0.11640572547912598,2.4327898025512695
ENSG00000173627.fa,Chimpanzee,70,0.2573375701904297,2.4327898025512695
ENSG00000173627.fa,Chimpanzee,75,0.1273822784423828,2.4327898025512695
ENSG00000173627.fa,Chimpanzee,80,0.11956644058227539,2.4327898025512695
ENSG00000173627.fa,Chimpanzee,85,0.2517082691192627,2.4327898025512695
ENSG00000173627.fa,Chimpanzee,90,0.11704254150390625,2.4327898025512695
ENSG00000173627.fa,Chimpanzee,95,0.23234868049621582,2.4327898025512695
ENSG00000143761.fa,Chimpanzee,65,0.4547586441040039,15.088086605072021
ENSG00000143761.fa,Chimpanzee,70,0.29697656631469727,15.088086605072021
ENSG00000143761.fa,Chimpanzee,75,0.47136402130126953,15.088086605072021
ENSG00000143761.fa,Chimpanzee,80,0.5361478328704834,15.088086605072021
ENSG00000143761.fa,Chimpanzee,85,0.2814457416534424,15.088086605072021
ENSG00000143761.fa,Chimpanzee,90,0.4586317539215088,15.088086605072021
ENSG00000143761.fa,Chimpanzee,95,0.40846800804138184,15.088086605072021
ENSG00000142632-0.fa,Chimpanzee,60,0.08588933944702148,1.1559414863586426
ENSG00000142632-0.fa,Chimpanzee,65,0.2069227695465088,1.1559414863586426
ENSG00000142632-0.fa,Chimpanzee,70,0.08492517471313477,1.1559414863586426
ENSG00000142632-0.fa,Chimpanzee,75,0.08927655220031738,1.1559414863586426
ENSG00000142632-0.fa,Chimpanzee,80,0.20815300941467285,1.1559414863586426
ENSG00000142632-0.fa,Chimpanzee,85,0.0824127197265625,1.1559414863586426
ENSG00000142632-0.fa,Chimpanzee,90,0.08247995376586914,1.1559414863586426
ENSG00000142632-0.fa,Chimpanzee,95,0.21906590461730957,1.1559414863586426
ENSG00000142632-1.fa,Chimpanzee,90,0.3521158695220947,6.106229305267334
ENSG00000142632-1.fa,Chimpanzee,95,0.3452260494232178,6.106229305267334
ENSG00000204518.fa,Gorilla,10,0.006281852722167969,1.7780671119689941
ENSG00000204518.fa,Gorilla,15,0.005032062530517578,1.7780671119689941
ENSG00000204518.fa,Gorilla,20,0.004874467849731445,1.7780671119689941
ENSG00000204518.fa,Gorilla,25,0.00535893440246582,1.7780671119689941
ENSG00000204518.fa,Gorilla,30,0.00448918342590332,1.7780671119689941
ENSG00000204518.fa,Gorilla,35,0.004312753677368164,1.7780671119689941
ENSG00000204518.fa,Gorilla,40,0.004250526428222656,1.7780671119689941
ENSG00000204518.fa,Gorilla,45,0.004221916198730469,1.7780671119689941
ENSG00000204518.fa,Gorilla,50,0.004357099533081055,1.7780671119689941
ENSG00000204518.fa,Gorilla,55,0.004727602005004883,1.7780671119689941
ENSG00000204518.fa,Gorilla,60,0.0035517215728759766,1.7780671119689941
ENSG00000204518.fa,Gorilla,65,0.0034940242767333984,1.7780671119689941
ENSG00000204518.fa,Gorilla,70,0.0033986568450927734,1.7780671119689941
ENSG00000204518.fa,Gorilla,75,0.003347158432006836,1.7780671119689941
ENSG00000204518.fa,Gorilla,80,0.003955364227294922,1.7780671119689941
ENSG00000204518.fa,Gorilla,85,1.7363221645355225,1.7780671119689941
ENSG00000204518.fa,Gorilla,90,0.006001710891723633,1.7780671119689941
ENSG00000204518.fa,Gorilla,95,0.005780935287475586,1.7780671119689941
ENSG00000213088.fa,Gorilla,60,0.028160572052001953,0.08384275436401367
ENSG00000213088.fa,Gorilla,65,0.12368106842041016,0.08384275436401367
ENSG00000213088.fa,Gorilla,70,0.030176401138305664,0.08384275436401367
ENSG00000213088.fa,Gorilla,75,0.02832651138305664,0.08384275436401367
ENSG00000213088.fa,Gorilla,80,0.027052640914916992,0.08384275436401367
ENSG00000213088.fa,Gorilla,85,0.02959585189819336,0.08384275436401367
ENSG00000213088.fa,Gorilla,90,0.027721643447875977,0.08384275436401367
ENSG00000213088.fa,Gorilla,95,0.027594804763793945,0.08384275436401367
ENSG00000184389.fa,Gorilla,75,0.39118432998657227,13.143872022628784
ENSG00000184389.fa,Gorilla,80,0.38704657554626465,13.143872022628784
ENSG00000184389.fa,Gorilla,85,0.4254310131072998,13.143872022628784
ENSG00000184389.fa,Gorilla,90,0.4107978343963623,13.143872022628784
ENSG00000184389.fa,Gorilla,95,0.4277381896972656,13.143872022628784
ENSG00000143632.fa,Gorilla,35,0.20553851127624512,0.40123534202575684
ENSG00000143632.fa,Gorilla,40,0.07833433151245117,0.40123534202575684
ENSG00000143632.fa,Gorilla,45,0.07421398162841797,0.40123534202575684
ENSG00000143632.fa,Gorilla,50,0.07181501388549805,0.40123534202575684
ENSG00000143632.fa,Gorilla,55,0.17169737815856934,0.40123534202575684
ENSG00000143632.fa,Gorilla,60,0.07454800605773926,0.40123534202575684
ENSG00000143632.fa,Gorilla,65,0.07002472877502441,0.40123534202575684
ENSG00000143632.fa,Gorilla,70,0.07115578651428223,0.40123534202575684
ENSG00000143632.fa,Gorilla,75,0.170151948928833,0.40123534202575684
ENSG00000143632.fa,Gorilla,80,0.07806873321533203,0.40123534202575684
ENSG00000143632.fa,Gorilla,85,0.07985329627990723,0.40123534202575684
ENSG00000143632.fa,Gorilla,90,0.18044376373291016,0.40123534202575684
ENSG00000143632.fa,Gorilla,95,0.0822439193725586,0.40123534202575684
ENSG00000169717.fa,Gorilla,15,0.026607275009155273,0.06777524948120117
ENSG00000169717.fa,Gorilla,20,0.026527881622314453,0.06777524948120117
ENSG00000169717.fa,Gorilla,25,0.02800273895263672,0.06777524948120117
ENSG00000169717.fa,Gorilla,30,0.027640819549560547,0.06777524948120117
ENSG00000169717.fa,Gorilla,35,0.024945974349975586,0.06777524948120117
ENSG00000169717.fa,Gorilla,40,0.024193525314331055,0.06777524948120117
ENSG00000169717.fa,Gorilla,45,0.02370619773864746,0.06777524948120117
ENSG00000169717.fa,Gorilla,50,0.023525714874267578,0.06777524948120117
ENSG00000169717.fa,Gorilla,55,0.022908926010131836,0.06777524948120117
ENSG00000169717.fa,Gorilla,60,0.02265477180480957,0.06777524948120117
ENSG00000169717.fa,Gorilla,65,0.02202916145324707,0.06777524948120117
ENSG00000169717.fa,Gorilla,70,0.02197718620300293,0.06777524948120117
ENSG00000169717.fa,Gorilla,75,0.1676328182220459,0.06777524948120117
ENSG00000169717.fa,Gorilla,80,0.02149653434753418,0.06777524948120117
ENSG00000169717.fa,Gorilla,85,0.021240711212158203,0.06777524948120117
ENSG00000169717.fa,Gorilla,90,0.02132725715637207,0.06777524948120117
ENSG00000169717.fa,Gorilla,95,0.021114587783813477,0.06777524948120117
ENSG00000134249-0.fa,Gorilla,10,0.026708364486694336,0.07355856895446777
ENSG00000134249-0.fa,Gorilla,15,0.025235891342163086,0.07355856895446777
ENSG00000134249-0.fa,Gorilla,20,0.024999141693115234,0.07355856895446777
ENSG00000134249-0.fa,Gorilla,25,0.026560544967651367,0.07355856895446777
ENSG00000134249-0.fa,Gorilla,30,0.026285648345947266,0.07355856895446777
ENSG00000134249-0.fa,Gorilla,35,0.12788844108581543,0.07355856895446777
ENSG00000134249-0.fa,Gorilla,40,0.026824474334716797,0.07355856895446777
ENSG00000134249-0.fa,Gorilla,45,0.02640390396118164,0.07355856895446777
ENSG00000134249-0.fa,Gorilla,50,0.026262760162353516,0.07355856895446777
ENSG00000134249-0.fa,Gorilla,55,0.025964975357055664,0.07355856895446777
ENSG00000134249-0.fa,Gorilla,60,0.0256803035736084,0.07355856895446777
ENSG00000134249-0.fa,Gorilla,65,0.0257565975189209,0.07355856895446777
ENSG00000134249-0.fa,Gorilla,70,0.025200843811035156,0.07355856895446777
ENSG00000134249-0.fa,Gorilla,75,0.027669906616210938,0.07355856895446777
ENSG00000134249-0.fa,Gorilla,80,0.027483463287353516,0.07355856895446777
ENSG00000134249-0.fa,Gorilla,85,0.02712416648864746,0.07355856895446777
ENSG00000134249-0.fa,Gorilla,90,0.12514734268188477,0.07355856895446777
ENSG00000134249-0.fa,Gorilla,95,0.027278423309326172,0.07355856895446777
ENSG00000143537.fa,Gorilla,45,0.34273600578308105,8.523818731307983
ENSG00000143537.fa,Gorilla,50,0.33357739448547363,8.523818731307983
ENSG00000143537.fa,Gorilla,55,0.23994135856628418,8.523818731307983
ENSG00000143537.fa,Gorilla,60,0.3363215923309326,8.523818731307983
ENSG00000143537.fa,Gorilla,65,0.3420124053955078,8.523818731307983
ENSG00000143537.fa,Gorilla,70,0.24308228492736816,8.523818731307983
ENSG00000143537.fa,Gorilla,75,0.34576869010925293,8.523818731307983
ENSG00000143537.fa,Gorilla,80,0.33602285385131836,8.523818731307983
ENSG00000143537.fa,Gorilla,85,0.34561991691589355,8.523818731307983
ENSG00000143537.fa,Gorilla,90,0.22951436042785645,8.523818731307983
ENSG00000143537.fa,Gorilla,95,0.3626210689544678,8.523818731307983
ENSG00000251246.fa,Gorilla,80,0.5836071968078613,33.5502986907959
ENSG00000251246.fa,Gorilla,85,0.6879827976226807,33.5502986907959
ENSG00000251246.fa,Gorilla,90,0.5668900012969971,33.5502986907959
ENSG00000251246.fa,Gorilla,95,0.5865769386291504,33.5502986907959
ENSG00000143382.fa,Gorilla,35,0.23035001754760742,7.634325742721558
ENSG00000143382.fa,Gorilla,85,0.226593017578125,7.634325742721558
ENSG00000143382.fa,Gorilla,90,0.3542661666870117,7.634325742721558
ENSG00000143382.fa,Gorilla,95,0.34576940536499023,7.634325742721558
ENSG00000282608.fa,Gorilla,60,0.08432960510253906,0.5095303058624268
ENSG00000282608.fa,Gorilla,65,0.19757485389709473,0.5095303058624268
ENSG00000282608.fa,Gorilla,70,0.08293938636779785,0.5095303058624268
ENSG00000282608.fa,Gorilla,75,0.08249235153198242,0.5095303058624268
ENSG00000282608.fa,Gorilla,80,0.18919014930725098,0.5095303058624268
ENSG00000282608.fa,Gorilla,85,0.08843779563903809,0.5095303058624268
ENSG00000282608.fa,Gorilla,90,0.08662080764770508,0.5095303058624268
ENSG00000282608.fa,Gorilla,95,0.19824767112731934,0.5095303058624268
ENSG00000035687-0.fa,Gorilla,20,0.20504045486450195,1.2342171669006348
ENSG00000035687-0.fa,Gorilla,25,0.09281468391418457,1.2342171669006348
ENSG00000035687-0.fa,Gorilla,30,0.08542799949645996,1.2342171669006348
ENSG00000116863.fa,Gorilla,65,0.09696817398071289,1.2944176197052002
ENSG00000116863.fa,Gorilla,70,0.20619702339172363,1.2944176197052002
ENSG00000116863.fa,Gorilla,75,0.10336828231811523,1.2944176197052002
ENSG00000116863.fa,Gorilla,80,0.09357714653015137,1.2944176197052002
ENSG00000116863.fa,Gorilla,85,0.20992350578308105,1.2944176197052002
ENSG00000116863.fa,Gorilla,90,0.10248303413391113,1.2944176197052002
ENSG00000116863.fa,Gorilla,95,0.21377038955688477,1.2944176197052002
ENSG00000126070-0.fa,Gorilla,10,0.019686222076416016,0.04035687446594238
ENSG00000126070-0.fa,Gorilla,15,0.018535375595092773,0.04035687446594238
ENSG00000126070-0.fa,Gorilla,20,0.01910710334777832,0.04035687446594238
ENSG00000126070-0.fa,Gorilla,25,0.018720388412475586,0.04035687446594238
ENSG00000126070-0.fa,Gorilla,30,0.01775527000427246,0.04035687446594238
ENSG00000126070-0.fa,Gorilla,35,0.01919722557067871,0.04035687446594238
ENSG00000126070-0.fa,Gorilla,40,0.018385648727416992,0.04035687446594238
ENSG00000126070-0.fa,Gorilla,45,0.01722860336303711,0.04035687446594238
ENSG00000126070-0.fa,Gorilla,50,0.01732158660888672,0.04035687446594238
ENSG00000126070-0.fa,Gorilla,55,0.016777515411376953,0.04035687446594238
ENSG00000126070-0.fa,Gorilla,60,0.01669907569885254,0.04035687446594238
ENSG00000126070-0.fa,Gorilla,65,0.016548871994018555,0.04035687446594238
ENSG00000126070-0.fa,Gorilla,70,0.016572237014770508,0.04035687446594238
ENSG00000126070-0.fa,Gorilla,75,0.016593456268310547,0.04035687446594238
ENSG00000126070-0.fa,Gorilla,80,0.016570091247558594,0.04035687446594238
ENSG00000126070-0.fa,Gorilla,85,0.13950490951538086,0.04035687446594238
ENSG00000126070-0.fa,Gorilla,90,0.01593184471130371,0.04035687446594238
ENSG00000126070-0.fa,Gorilla,95,0.01651287078857422,0.04035687446594238
ENSG00000126070-1.fa,Gorilla,25,0.1070704460144043,1.5291650295257568
ENSG00000126070-1.fa,Gorilla,30,0.2227020263671875,1.5291650295257568
ENSG00000126070-1.fa,Gorilla,35,0.11283683776855469,1.5291650295257568
ENSG00000126070-1.fa,Gorilla,40,0.10915040969848633,1.5291650295257568
ENSG00000126070-1.fa,Gorilla,45,0.20943713188171387,1.5291650295257568
ENSG00000126070-1.fa,Gorilla,50,0.10294675827026367,1.5291650295257568
ENSG00000126070-1.fa,Gorilla,55,0.20893430709838867,1.5291650295257568
ENSG00000126070-1.fa,Gorilla,60,0.10694527626037598,1.5291650295257568
ENSG00000126070-1.fa,Gorilla,65,0.1029348373413086,1.5291650295257568
ENSG00000126070-1.fa,Gorilla,70,0.21572327613830566,1.5291650295257568
ENSG00000126070-1.fa,Gorilla,75,0.10318803787231445,1.5291650295257568
ENSG00000126070-1.fa,Gorilla,80,0.21795868873596191,1.5291650295257568
ENSG00000126070-1.fa,Gorilla,85,0.10530853271484375,1.5291650295257568
ENSG00000126070-1.fa,Gorilla,90,0.10422277450561523,1.5291650295257568
ENSG00000126070-1.fa,Gorilla,95,0.22550082206726074,1.5291650295257568
ENSG00000186094-1.fa,Gorilla,65,0.266005277633667,8.391717910766602
ENSG00000186094-1.fa,Gorilla,70,0.38049960136413574,8.391717910766602
ENSG00000186094-1.fa,Gorilla,75,0.38455700874328613,8.391717910766602
ENSG00000186094-1.fa,Gorilla,80,0.3970017433166504,8.391717910766602
ENSG00000186094-1.fa,Gorilla,85,0.39790773391723633,8.391717910766602
ENSG00000186094-1.fa,Gorilla,90,0.30388545989990234,8.391717910766602
ENSG00000186094-1.fa,Gorilla,95,0.3871421813964844,8.391717910766602
ENSG00000116771.fa,Gorilla,70,0.41915011405944824,10.137323379516602
ENSG00000116771.fa,Gorilla,75,0.42203783988952637,10.137323379516602
ENSG00000116771.fa,Gorilla,80,0.3225865364074707,10.137323379516602
ENSG00000116771.fa,Gorilla,85,0.4912850856781006,10.137323379516602
ENSG00000116771.fa,Gorilla,90,0.5067601203918457,10.137323379516602
ENSG00000116771.fa,Gorilla,95,0.5131144523620605,10.137323379516602
ENSG00000188157-0.fa,Gorilla,15,0.04056906700134277,0.07886576652526855
ENSG00000188157-0.fa,Gorilla,20,0.04118061065673828,0.07886576652526855
ENSG00000188157-0.fa,Gorilla,25,0.21239519119262695,0.07886576652526855
ENSG00000188157-0.fa,Gorilla,30,0.04252886772155762,0.07886576652526855
ENSG00000188157-0.fa,Gorilla,35,0.043359994888305664,0.07886576652526855
ENSG00000188157-0.fa,Gorilla,40,0.04201912879943848,0.07886576652526855
ENSG00000188157-0.fa,Gorilla,45,0.042069196701049805,0.07886576652526855
ENSG00000188157-0.fa,Gorilla,50,0.04011964797973633,0.07886576652526855
ENSG00000188157-0.fa,Gorilla,55,0.04101848602294922,0.07886576652526855
ENSG00000188157-0.fa,Gorilla,60,0.1477794647216797,0.07886576652526855
ENSG00000188157-0.fa,Gorilla,65,0.04396510124206543,0.07886576652526855
ENSG00000188157-0.fa,Gorilla,70,0.044471025466918945,0.07886576652526855
ENSG00000188157-0.fa,Gorilla,75,0.04335594177246094,0.07886576652526855
ENSG00000188157-0.fa,Gorilla,80,0.045257568359375,0.07886576652526855
ENSG00000188157-0.fa,Gorilla,85,0.0488431453704834,0.07886576652526855
ENSG00000188157-0.fa,Gorilla,90,0.049192190170288086,0.07886576652526855
ENSG00000188157-0.fa,Gorilla,95,0.1624469757080078,0.07886576652526855
ENSG00000134698-1.fa,Gorilla,45,0.38309335708618164,2.8558149337768555
ENSG00000134698-1.fa,Gorilla,50,0.2693336009979248,2.8558149337768555
ENSG00000134698-1.fa,Gorilla,55,0.38184070587158203,2.8558149337768555
ENSG00000134698-1.fa,Gorilla,60,0.3853433132171631,2.8558149337768555
ENSG00000134698-1.fa,Gorilla,65,0.26461100578308105,2.8558149337768555
ENSG00000134698-1.fa,Gorilla,70,0.4087400436401367,2.8558149337768555
ENSG00000134698-1.fa,Gorilla,75,0.2796664237976074,2.8558149337768555
ENSG00000134698-1.fa,Gorilla,80,0.39069128036499023,2.8558149337768555
ENSG00000134698-1.fa,Gorilla,85,0.3888208866119385,2.8558149337768555
ENSG00000134698-1.fa,Gorilla,90,0.2911982536315918,2.8558149337768555
ENSG00000134698-1.fa,Gorilla,95,0.3996877670288086,2.8558149337768555
ENSG00000188157-1.fa,Gorilla,25,0.022377967834472656,0.0995941162109375
ENSG00000188157-1.fa,Gorilla,30,0.021714448928833008,0.0995941162109375
ENSG00000188157-1.fa,Gorilla,35,0.02063131332397461,0.0995941162109375
ENSG00000188157-1.fa,Gorilla,40,0.022693395614624023,0.0995941162109375
ENSG00000188157-1.fa,Gorilla,45,0.022910356521606445,0.0995941162109375
ENSG00000188157-1.fa,Gorilla,50,0.02432084083557129,0.0995941162109375
ENSG00000188157-1.fa,Gorilla,55,0.18279242515563965,0.0995941162109375
ENSG00000188157-1.fa,Gorilla,60,0.0197446346282959,0.0995941162109375
ENSG00000188157-1.fa,Gorilla,65,0.021045446395874023,0.0995941162109375
ENSG00000188157-1.fa,Gorilla,70,0.021897315979003906,0.0995941162109375
ENSG00000188157-1.fa,Gorilla,75,0.0209658145904541,0.0995941162109375
ENSG00000188157-1.fa,Gorilla,80,0.020992279052734375,0.0995941162109375
ENSG00000188157-1.fa,Gorilla,85,0.020219802856445312,0.0995941162109375
ENSG00000188157-1.fa,Gorilla,90,0.02087092399597168,0.0995941162109375
ENSG00000188157-1.fa,Gorilla,95,0.019759416580200195,0.0995941162109375
ENSG00000153207-0.fa,Gorilla,25,0.02731013298034668,0.04585075378417969
ENSG00000153207-0.fa,Gorilla,30,0.1545698642730713,0.04585075378417969
ENSG00000153207-0.fa,Gorilla,35,0.027796506881713867,0.04585075378417969
ENSG00000153207-0.fa,Gorilla,40,0.02771306037902832,0.04585075378417969
ENSG00000153207-0.fa,Gorilla,45,0.025754213333129883,0.04585075378417969
ENSG00000153207-0.fa,Gorilla,50,0.024384498596191406,0.04585075378417969
ENSG00000153207-0.fa,Gorilla,55,0.026022911071777344,0.04585075378417969
ENSG00000153207-0.fa,Gorilla,60,0.025908231735229492,0.04585075378417969
ENSG00000153207-0.fa,Gorilla,65,0.027027606964111328,0.04585075378417969
ENSG00000153207-0.fa,Gorilla,70,0.02585315704345703,0.04585075378417969
ENSG00000153207-0.fa,Gorilla,75,0.026372909545898438,0.04585075378417969
ENSG00000153207-0.fa,Gorilla,80,0.026480913162231445,0.04585075378417969
ENSG00000153207-0.fa,Gorilla,85,0.025650739669799805,0.04585075378417969
ENSG00000153207-0.fa,Gorilla,90,0.13916707038879395,0.04585075378417969
ENSG00000153207-0.fa,Gorilla,95,0.01989889144897461,0.04585075378417969
ENSG00000154027-0.fa,Gorilla,10,0.013514280319213867,0.02219414710998535
ENSG00000154027-0.fa,Gorilla,15,0.012667179107666016,0.02219414710998535
ENSG00000154027-0.fa,Gorilla,20,0.012005329132080078,0.02219414710998535
ENSG00000154027-0.fa,Gorilla,25,0.14372587203979492,0.02219414710998535
ENSG00000154027-0.fa,Gorilla,30,0.012331247329711914,0.02219414710998535
ENSG00000154027-0.fa,Gorilla,35,0.012695550918579102,0.02219414710998535
ENSG00000154027-0.fa,Gorilla,40,0.012120485305786133,0.02219414710998535
ENSG00000154027-0.fa,Gorilla,45,0.012334108352661133,0.02219414710998535
ENSG00000154027-0.fa,Gorilla,50,0.011911153793334961,0.02219414710998535
ENSG00000154027-0.fa,Gorilla,55,0.011953592300415039,0.02219414710998535
ENSG00000154027-0.fa,Gorilla,60,0.011452913284301758,0.02219414710998535
ENSG00000154027-0.fa,Gorilla,65,0.011595487594604492,0.02219414710998535
ENSG00000154027-0.fa,Gorilla,70,0.011617422103881836,0.02219414710998535
ENSG00000154027-0.fa,Gorilla,75,0.011063575744628906,0.02219414710998535
ENSG00000154027-0.fa,Gorilla,80,0.011306047439575195,0.02219414710998535
ENSG00000154027-0.fa,Gorilla,85,0.010785579681396484,0.02219414710998535
ENSG00000154027-0.fa,Gorilla,90,0.011337757110595703,0.02219414710998535
ENSG00000154027-0.fa,Gorilla,95,0.010797977447509766,0.02219414710998535
ENSG00000174574-0.fa,Gorilla,70,0.3020362854003906,3.7706618309020996
ENSG00000174574-0.fa,Gorilla,75,0.18601036071777344,3.7706618309020996
ENSG00000174574-0.fa,Gorilla,80,0.3580305576324463,3.7706618309020996
ENSG00000174574-0.fa,Gorilla,85,0.24957633018493652,3.7706618309020996
ENSG00000174574-0.fa,Gorilla,90,0.37250280380249023,3.7706618309020996
ENSG00000174574-0.fa,Gorilla,95,0.37189221382141113,3.7706618309020996
ENSG00000004455-1.fa,Gorilla,95,0.39600419998168945,10.87138032913208
ENSG00000117448-0.fa,Gorilla,45,0.25519657135009766,2.376582384109497
ENSG00000117448-0.fa,Gorilla,50,0.13400697708129883,2.376582384109497
ENSG00000117448-0.fa,Gorilla,55,0.2506904602050781,2.376582384109497
ENSG00000117448-0.fa,Gorilla,60,0.1344764232635498,2.376582384109497
ENSG00000117448-0.fa,Gorilla,90,0.15277886390686035,2.376582384109497
ENSG00000117448-0.fa,Gorilla,95,0.27925992012023926,2.376582384109497
ENSG00000117448-1.fa,Gorilla,45,0.16576886177062988,3.2985382080078125
ENSG00000117448-1.fa,Gorilla,50,0.27969813346862793,3.2985382080078125
ENSG00000117448-1.fa,Gorilla,70,0.2905280590057373,3.2985382080078125
ENSG00000117448-1.fa,Gorilla,75,0.2893075942993164,3.2985382080078125
ENSG00000117448-1.fa,Gorilla,80,0.18060755729675293,3.2985382080078125
ENSG00000117448-1.fa,Gorilla,85,0.28757762908935547,3.2985382080078125
ENSG00000117448-1.fa,Gorilla,90,0.16622042655944824,3.2985382080078125
ENSG00000117448-1.fa,Gorilla,95,0.2969331741333008,3.2985382080078125
ENSG00000053371-1.fa,Gorilla,10,0.006366729736328125,0.006377696990966797
ENSG00000053371-1.fa,Gorilla,15,0.005300760269165039,0.006377696990966797
ENSG00000053371-1.fa,Gorilla,20,0.005221843719482422,0.006377696990966797
ENSG00000053371-1.fa,Gorilla,25,0.004980802536010742,0.006377696990966797
ENSG00000053371-1.fa,Gorilla,30,0.005941867828369141,0.006377696990966797
ENSG00000053371-1.fa,Gorilla,35,0.00448918342590332,0.006377696990966797
ENSG00000053371-1.fa,Gorilla,40,0.004419803619384766,0.006377696990966797
ENSG00000053371-1.fa,Gorilla,45,0.004444122314453125,0.006377696990966797
ENSG00000053371-1.fa,Gorilla,50,0.004728555679321289,0.006377696990966797
ENSG00000053371-1.fa,Gorilla,55,0.004221200942993164,0.006377696990966797
ENSG00000053371-1.fa,Gorilla,60,0.005311489105224609,0.006377696990966797
ENSG00000053371-1.fa,Gorilla,65,0.004159450531005859,0.006377696990966797
ENSG00000053371-1.fa,Gorilla,70,0.004122257232666016,0.006377696990966797
ENSG00000053371-1.fa,Gorilla,75,0.0039920806884765625,0.006377696990966797
ENSG00000053371-1.fa,Gorilla,80,0.004126071929931641,0.006377696990966797
ENSG00000053371-1.fa,Gorilla,85,0.003733396530151367,0.006377696990966797
ENSG00000053371-1.fa,Gorilla,90,0.004873514175415039,0.006377696990966797
ENSG00000053371-1.fa,Gorilla,95,0.003474712371826172,0.006377696990966797
ENSG00000211454-1.fa,Gorilla,40,0.18286681175231934,0.06825566291809082
ENSG00000211454-1.fa,Gorilla,45,0.03202390670776367,0.06825566291809082
ENSG00000211454-1.fa,Gorilla,50,0.03197932243347168,0.06825566291809082
ENSG00000211454-1.fa,Gorilla,55,0.03143453598022461,0.06825566291809082
ENSG00000211454-1.fa,Gorilla,60,0.0325007438659668,0.06825566291809082
ENSG00000211454-1.fa,Gorilla,65,0.03263092041015625,0.06825566291809082
ENSG00000211454-1.fa,Gorilla,70,0.031650543212890625,0.06825566291809082
ENSG00000211454-1.fa,Gorilla,75,0.03167438507080078,0.06825566291809082
ENSG00000211454-1.fa,Gorilla,80,0.03128623962402344,0.06825566291809082
ENSG00000211454-1.fa,Gorilla,85,0.14345932006835938,0.06825566291809082
ENSG00000211454-1.fa,Gorilla,90,0.030888795852661133,0.06825566291809082
ENSG00000211454-1.fa,Gorilla,95,0.03146862983703613,0.06825566291809082
ENSG00000053371-0.fa,Gorilla,20,0.3149697780609131,5.585708856582642
ENSG00000053371-0.fa,Gorilla,25,0.19019198417663574,5.585708856582642
ENSG00000053371-0.fa,Gorilla,85,0.3319556713104248,5.585708856582642
ENSG00000053371-0.fa,Gorilla,90,0.3473818302154541,5.585708856582642
ENSG00000053371-0.fa,Gorilla,95,0.21148276329040527,5.585708856582642
ENSG00000211454-0.fa,Gorilla,55,0.32036638259887695,2.1964073181152344
ENSG00000211454-0.fa,Gorilla,60,0.20485711097717285,2.1964073181152344
ENSG00000211454-0.fa,Gorilla,65,0.32632970809936523,2.1964073181152344
ENSG00000211454-0.fa,Gorilla,70,0.21675848960876465,2.1964073181152344
ENSG00000211454-0.fa,Gorilla,75,0.33709216117858887,2.1964073181152344
ENSG00000211454-0.fa,Gorilla,80,0.21339154243469238,2.1964073181152344
ENSG00000211454-0.fa,Gorilla,85,0.3291432857513428,2.1964073181152344
ENSG00000211454-0.fa,Gorilla,90,0.20901823043823242,2.1964073181152344
ENSG00000211454-0.fa,Gorilla,95,0.32933807373046875,2.1964073181152344
ENSG00000181754.fa,Gorilla,40,0.10110640525817871,1.5298213958740234
ENSG00000181754.fa,Gorilla,45,0.21976089477539062,1.5298213958740234
ENSG00000181754.fa,Gorilla,50,0.10227322578430176,1.5298213958740234
ENSG00000181754.fa,Gorilla,55,0.10024237632751465,1.5298213958740234
ENSG00000181754.fa,Gorilla,60,0.2235398292541504,1.5298213958740234
ENSG00000181754.fa,Gorilla,65,0.09819293022155762,1.5298213958740234
ENSG00000181754.fa,Gorilla,70,0.09842276573181152,1.5298213958740234
ENSG00000181754.fa,Gorilla,75,0.2208714485168457,1.5298213958740234
ENSG00000181754.fa,Gorilla,80,0.0969095230102539,1.5298213958740234
ENSG00000181754.fa,Gorilla,85,0.09691190719604492,1.5298213958740234
ENSG00000181754.fa,Gorilla,90,0.21733784675598145,1.5298213958740234
ENSG00000181754.fa,Gorilla,95,0.09712886810302734,1.5298213958740234
ENSG00000116337.fa,Gorilla,30,0.46654582023620605,14.185747623443604
ENSG00000116337.fa,Gorilla,35,0.41925597190856934,14.185747623443604
ENSG00000116337.fa,Gorilla,40,0.43120670318603516,14.185747623443604
ENSG00000116337.fa,Gorilla,45,0.4212453365325928,14.185747623443604
ENSG00000116337.fa,Gorilla,75,0.4500570297241211,14.185747623443604
ENSG00000116337.fa,Gorilla,80,0.41533374786376953,14.185747623443604
ENSG00000116337.fa,Gorilla,85,0.43084025382995605,14.185747623443604
ENSG00000116337.fa,Gorilla,90,0.4197053909301758,14.185747623443604
ENSG00000116337.fa,Gorilla,95,0.4280412197113037,14.185747623443604
ENSG00000132855.fa,Gorilla,80,0.3473849296569824,3.7285637855529785
ENSG00000132855.fa,Gorilla,85,0.34662652015686035,3.7285637855529785
ENSG00000132855.fa,Gorilla,90,0.22688508033752441,3.7285637855529785
ENSG00000132855.fa,Gorilla,95,0.35592079162597656,3.7285637855529785
ENSG00000171819.fa,Gorilla,25,0.129669189453125,2.2105584144592285
ENSG00000171819.fa,Gorilla,30,0.2575571537017822,2.2105584144592285
ENSG00000171819.fa,Gorilla,35,0.13350415229797363,2.2105584144592285
ENSG00000171819.fa,Gorilla,40,0.2505836486816406,2.2105584144592285
ENSG00000171819.fa,Gorilla,45,0.12658143043518066,2.2105584144592285
ENSG00000171819.fa,Gorilla,50,0.2488086223602295,2.2105584144592285
ENSG00000171819.fa,Gorilla,65,0.27193737030029297,2.2105584144592285
ENSG00000171819.fa,Gorilla,70,0.12932372093200684,2.2105584144592285
ENSG00000171819.fa,Gorilla,75,0.24575471878051758,2.2105584144592285
ENSG00000171819.fa,Gorilla,80,0.12718629837036133,2.2105584144592285
ENSG00000171819.fa,Gorilla,85,0.2522897720336914,2.2105584144592285
ENSG00000171819.fa,Gorilla,90,0.12291574478149414,2.2105584144592285
ENSG00000171819.fa,Gorilla,95,0.24655580520629883,2.2105584144592285
ENSG00000116194.fa,Gorilla,70,0.8571634292602539,28.361924171447754
ENSG00000116194.fa,Gorilla,75,0.5785121917724609,28.361924171447754
ENSG00000116194.fa,Gorilla,80,0.5993306636810303,28.361924171447754
ENSG00000132703.fa,Gorilla,10,0.02072620391845703,0.03815197944641113
ENSG00000132703.fa,Gorilla,15,0.01917409896850586,0.03815197944641113
ENSG00000132703.fa,Gorilla,20,0.019103288650512695,0.03815197944641113
ENSG00000132703.fa,Gorilla,25,0.019135475158691406,0.03815197944641113
ENSG00000132703.fa,Gorilla,30,0.018217802047729492,0.03815197944641113
ENSG00000132703.fa,Gorilla,35,0.018143177032470703,0.03815197944641113
ENSG00000132703.fa,Gorilla,40,0.017728567123413086,0.03815197944641113
ENSG00000132703.fa,Gorilla,45,0.017409801483154297,0.03815197944641113
ENSG00000132703.fa,Gorilla,50,0.01683354377746582,0.03815197944641113
ENSG00000132703.fa,Gorilla,55,0.016543149948120117,0.03815197944641113
ENSG00000132703.fa,Gorilla,60,0.016786813735961914,0.03815197944641113
ENSG00000132703.fa,Gorilla,65,0.016342639923095703,0.03815197944641113
ENSG00000132703.fa,Gorilla,70,0.015941858291625977,0.03815197944641113
ENSG00000132703.fa,Gorilla,75,0.015956640243530273,0.03815197944641113
ENSG00000132703.fa,Gorilla,80,0.01564812660217285,0.03815197944641113
ENSG00000132703.fa,Gorilla,85,0.01661086082458496,0.03815197944641113
ENSG00000132703.fa,Gorilla,90,0.01530909538269043,0.03815197944641113
ENSG00000132703.fa,Gorilla,95,0.015208721160888672,0.03815197944641113
ENSG00000117362.fa,Gorilla,15,0.31584596633911133,0.4812610149383545
ENSG00000117362.fa,Gorilla,20,0.07931351661682129,0.4812610149383545
ENSG00000117362.fa,Gorilla,25,0.0795285701751709,0.4812610149383545
ENSG00000117362.fa,Gorilla,30,0.07893109321594238,0.4812610149383545
ENSG00000117362.fa,Gorilla,35,0.18755435943603516,0.4812610149383545
ENSG00000117362.fa,Gorilla,40,0.08497929573059082,0.4812610149383545
ENSG00000117362.fa,Gorilla,45,0.07569503784179688,0.4812610149383545
ENSG00000117362.fa,Gorilla,50,0.07837104797363281,0.4812610149383545
ENSG00000117362.fa,Gorilla,55,0.1886434555053711,0.4812610149383545
ENSG00000117362.fa,Gorilla,60,0.07456636428833008,0.4812610149383545
ENSG00000117362.fa,Gorilla,65,0.07397031784057617,0.4812610149383545
ENSG00000117362.fa,Gorilla,70,0.18944048881530762,0.4812610149383545
ENSG00000117362.fa,Gorilla,75,0.07317948341369629,0.4812610149383545
ENSG00000117362.fa,Gorilla,80,0.07219457626342773,0.4812610149383545
ENSG00000117362.fa,Gorilla,85,0.06983089447021484,0.4812610149383545
ENSG00000117362.fa,Gorilla,90,0.189528226852417,0.4812610149383545
ENSG00000117362.fa,Gorilla,95,0.07026839256286621,0.4812610149383545
ENSG00000158874.fa,Gorilla,40,0.15603876113891602,0.06113028526306152
ENSG00000158874.fa,Gorilla,45,0.0243074893951416,0.06113028526306152
ENSG00000158874.fa,Gorilla,50,0.024745464324951172,0.06113028526306152
ENSG00000158874.fa,Gorilla,55,0.023842334747314453,0.06113028526306152
ENSG00000158874.fa,Gorilla,60,0.024143218994140625,0.06113028526306152
ENSG00000158874.fa,Gorilla,65,0.02402782440185547,0.06113028526306152
ENSG00000158874.fa,Gorilla,70,0.02433466911315918,0.06113028526306152
ENSG00000158874.fa,Gorilla,75,0.024053096771240234,0.06113028526306152
ENSG00000158874.fa,Gorilla,80,0.0234982967376709,0.06113028526306152
ENSG00000158874.fa,Gorilla,85,0.022594928741455078,0.06113028526306152
ENSG00000158874.fa,Gorilla,90,0.12714409828186035,0.06113028526306152
ENSG00000158874.fa,Gorilla,95,0.02162027359008789,0.06113028526306152
ENSG00000134262.fa,Gorilla,20,0.3662564754486084,7.732594966888428
ENSG00000134262.fa,Gorilla,25,0.2307887077331543,7.732594966888428
ENSG00000134262.fa,Gorilla,30,0.37076568603515625,7.732594966888428
ENSG00000134262.fa,Gorilla,35,0.3512868881225586,7.732594966888428
ENSG00000134262.fa,Gorilla,45,0.3705921173095703,7.732594966888428
ENSG00000134262.fa,Gorilla,50,0.3550429344177246,7.732594966888428
ENSG00000134262.fa,Gorilla,55,0.2206575870513916,7.732594966888428
ENSG00000134262.fa,Gorilla,60,0.3520517349243164,7.732594966888428
ENSG00000134262.fa,Gorilla,65,0.34290361404418945,7.732594966888428
ENSG00000134262.fa,Gorilla,70,0.20910382270812988,7.732594966888428
ENSG00000134262.fa,Gorilla,75,0.37575483322143555,7.732594966888428
ENSG00000134262.fa,Gorilla,80,0.33042144775390625,7.732594966888428
ENSG00000134262.fa,Gorilla,85,0.3423027992248535,7.732594966888428
ENSG00000134262.fa,Gorilla,90,0.21036839485168457,7.732594966888428
ENSG00000134262.fa,Gorilla,95,0.36312317848205566,7.732594966888428
ENSG00000143595.fa,Gorilla,35,0.08432412147521973,0.5571334362030029
ENSG00000143595.fa,Gorilla,40,0.0867013931274414,0.5571334362030029
ENSG00000143595.fa,Gorilla,45,0.2034435272216797,0.5571334362030029
ENSG00000143595.fa,Gorilla,50,0.08545994758605957,0.5571334362030029
ENSG00000143595.fa,Gorilla,55,0.08234643936157227,0.5571334362030029
ENSG00000143595.fa,Gorilla,60,0.08277559280395508,0.5571334362030029
ENSG00000143595.fa,Gorilla,65,0.20133471488952637,0.5571334362030029
ENSG00000143595.fa,Gorilla,70,0.08176445960998535,0.5571334362030029
ENSG00000143595.fa,Gorilla,75,0.08328461647033691,0.5571334362030029
ENSG00000143595.fa,Gorilla,80,0.19912981986999512,0.5571334362030029
ENSG00000143595.fa,Gorilla,85,0.09247899055480957,0.5571334362030029
ENSG00000143595.fa,Gorilla,90,0.21075654029846191,0.5571334362030029
ENSG00000143595.fa,Gorilla,95,0.09784078598022461,0.5571334362030029
ENSG00000143761.fa,Gorilla,45,0.47525978088378906,15.233043909072876
ENSG00000143761.fa,Gorilla,50,0.3264322280883789,15.233043909072876
ENSG00000143761.fa,Gorilla,55,0.5031576156616211,15.233043909072876
ENSG00000143761.fa,Gorilla,60,0.4525790214538574,15.233043909072876
ENSG00000143761.fa,Gorilla,65,0.6126453876495361,15.233043909072876
ENSG00000143761.fa,Gorilla,70,0.3120267391204834,15.233043909072876
ENSG00000143761.fa,Gorilla,75,0.5187115669250488,15.233043909072876
ENSG00000143761.fa,Gorilla,80,0.5950665473937988,15.233043909072876
ENSG00000143761.fa,Gorilla,85,0.4759652614593506,15.233043909072876
ENSG00000143761.fa,Gorilla,90,0.31848835945129395,15.233043909072876
ENSG00000143761.fa,Gorilla,95,0.6486811637878418,15.233043909072876
ENSG00000142632-0.fa,Gorilla,25,0.08742475509643555,1.1440849304199219
ENSG00000142632-0.fa,Gorilla,30,0.3784196376800537,1.1440849304199219
ENSG00000142632-0.fa,Gorilla,35,0.0883016586303711,1.1440849304199219
ENSG00000142632-0.fa,Gorilla,40,0.08630204200744629,1.1440849304199219
ENSG00000142632-0.fa,Gorilla,45,0.09392762184143066,1.1440849304199219
ENSG00000142632-0.fa,Gorilla,50,0.19424819946289062,1.1440849304199219
ENSG00000142632-0.fa,Gorilla,55,0.09174203872680664,1.1440849304199219
ENSG00000142632-0.fa,Gorilla,60,0.21411371231079102,1.1440849304199219
ENSG00000142632-0.fa,Gorilla,65,0.08927798271179199,1.1440849304199219
ENSG00000142632-0.fa,Gorilla,70,0.08893036842346191,1.1440849304199219
ENSG00000142632-0.fa,Gorilla,75,0.220689058303833,1.1440849304199219
ENSG00000142632-0.fa,Gorilla,80,0.09242820739746094,1.1440849304199219
ENSG00000142632-0.fa,Gorilla,85,0.09084415435791016,1.1440849304199219
ENSG00000142632-0.fa,Gorilla,90,0.20697689056396484,1.1440849304199219
ENSG00000142632-0.fa,Gorilla,95,0.0896751880645752,1.1440849304199219
ENSG00000132694-0.fa,Gorilla,60,0.5581800937652588,25.410001277923584
ENSG00000132694-0.fa,Gorilla,65,0.5317244529724121,25.410001277923584
ENSG00000132694-0.fa,Gorilla,70,0.5666546821594238,25.410001277923584
ENSG00000132694-0.fa,Gorilla,75,0.5533466339111328,25.410001277923584
ENSG00000132694-0.fa,Gorilla,80,0.5346989631652832,25.410001277923584
ENSG00000132694-0.fa,Gorilla,85,0.5523993968963623,25.410001277923584
ENSG00000132694-0.fa,Gorilla,90,0.5584704875946045,25.410001277923584
ENSG00000132694-0.fa,Gorilla,95,0.5431182384490967,25.410001277923584
ENSG00000142632-1.fa,Gorilla,85,0.20471954345703125,6.073132514953613
ENSG00000142632-1.fa,Gorilla,90,0.3461182117462158,6.073132514953613
ENSG00000142632-1.fa,Gorilla,95,0.33037853240966797,6.073132514953613
ENSG00000130762.fa,Gorilla,70,0.748894453048706,41.2377142906189
ENSG00000130762.fa,Gorilla,75,0.9430770874023438,41.2377142906189
ENSG00000130762.fa,Gorilla,80,0.7859599590301514,41.2377142906189
ENSG00000130762.fa,Gorilla,85,0.8448739051818848,41.2377142906189
ENSG00000130762.fa,Gorilla,90,0.8767282962799072,41.2377142906189
ENSG00000130762.fa,Gorilla,95,1.1383392810821533,41.2377142906189
ENSG00000204518.fa,Macaque,10,0.012412309646606445,1.7635183334350586
ENSG00000204518.fa,Macaque,15,0.010779142379760742,1.7635183334350586
ENSG00000204518.fa,Macaque,20,0.008640289306640625,1.7635183334350586
ENSG00000204518.fa,Macaque,25,0.009832143783569336,1.7635183334350586
ENSG00000204518.fa,Macaque,30,0.009403228759765625,1.7635183334350586
ENSG00000204518.fa,Macaque,35,0.009727239608764648,1.7635183334350586
ENSG00000204518.fa,Macaque,40,0.009175777435302734,1.7635183334350586
ENSG00000213088.fa,Macaque,15,0.03589487075805664,0.08890700340270996
ENSG00000213088.fa,Macaque,20,0.03356599807739258,0.08890700340270996
ENSG00000213088.fa,Macaque,25,0.030222654342651367,0.08890700340270996
ENSG00000213088.fa,Macaque,30,0.028685331344604492,0.08890700340270996
ENSG00000213088.fa,Macaque,35,0.29030656814575195,0.08890700340270996
ENSG00000213088.fa,Macaque,40,0.03049921989440918,0.08890700340270996
ENSG00000213088.fa,Macaque,45,0.02887105941772461,0.08890700340270996
ENSG00000213088.fa,Macaque,50,0.02829265594482422,0.08890700340270996
ENSG00000213088.fa,Macaque,55,0.029081106185913086,0.08890700340270996
ENSG00000213088.fa,Macaque,60,0.028316736221313477,0.08890700340270996
ENSG00000213088.fa,Macaque,65,0.02924180030822754,0.08890700340270996
ENSG00000213088.fa,Macaque,70,0.18633103370666504,0.08890700340270996
ENSG00000213088.fa,Macaque,75,0.07902264595031738,0.08890700340270996
ENSG00000213088.fa,Macaque,80,0.07925295829772949,0.08890700340270996
ENSG00000213088.fa,Macaque,85,0.07949185371398926,0.08890700340270996
ENSG00000213088.fa,Macaque,90,0.07954859733581543,0.08890700340270996
ENSG00000213088.fa,Macaque,95,0.07961177825927734,0.08890700340270996
ENSG00000184389.fa,Macaque,35,0.5469040870666504,12.014663934707642
ENSG00000184389.fa,Macaque,40,0.5761363506317139,12.014663934707642
ENSG00000184389.fa,Macaque,45,0.5863358974456787,12.014663934707642
ENSG00000184389.fa,Macaque,50,0.8159582614898682,12.014663934707642
ENSG00000184389.fa,Macaque,55,0.8410608768463135,12.014663934707642
ENSG00000184389.fa,Macaque,60,0.8303115367889404,12.014663934707642
ENSG00000184389.fa,Macaque,65,1.020918846130371,12.014663934707642
ENSG00000184389.fa,Macaque,70,1.292898178100586,12.014663934707642
ENSG00000184389.fa,Macaque,75,1.417632818222046,12.014663934707642
ENSG00000184389.fa,Macaque,80,2.5060787200927734,12.014663934707642
ENSG00000184389.fa,Macaque,85,2.8615975379943848,12.014663934707642
ENSG00000184389.fa,Macaque,90,2.724430561065674,12.014663934707642
ENSG00000184389.fa,Macaque,95,2.7351129055023193,12.014663934707642
ENSG00000143632.fa,Macaque,25,0.08862590789794922,0.40555381774902344
ENSG00000143632.fa,Macaque,30,0.19764232635498047,0.40555381774902344
ENSG00000143632.fa,Macaque,35,0.08910989761352539,0.40555381774902344
ENSG00000143632.fa,Macaque,40,0.0952446460723877,0.40555381774902344
ENSG00000143632.fa,Macaque,45,0.20198917388916016,0.40555381774902344
ENSG00000143632.fa,Macaque,50,0.09867334365844727,0.40555381774902344
ENSG00000143632.fa,Macaque,55,0.09817314147949219,0.40555381774902344
ENSG00000143632.fa,Macaque,60,0.2129213809967041,0.40555381774902344
ENSG00000143632.fa,Macaque,65,0.11206960678100586,0.40555381774902344
ENSG00000143632.fa,Macaque,70,0.21999144554138184,0.40555381774902344
ENSG00000143632.fa,Macaque,75,0.12855815887451172,0.40555381774902344
ENSG00000143632.fa,Macaque,80,0.12676692008972168,0.40555381774902344
ENSG00000143632.fa,Macaque,85,0.23129653930664062,0.40555381774902344
ENSG00000143632.fa,Macaque,90,0.12633299827575684,0.40555381774902344
ENSG00000143632.fa,Macaque,95,0.1340169906616211,0.40555381774902344
ENSG00000169717.fa,Macaque,15,0.03302288055419922,0.06893658638000488
ENSG00000169717.fa,Macaque,20,0.1599874496459961,0.06893658638000488
ENSG00000169717.fa,Macaque,25,0.030109882354736328,0.06893658638000488
ENSG00000169717.fa,Macaque,30,0.02864837646484375,0.06893658638000488
ENSG00000169717.fa,Macaque,35,0.025767803192138672,0.06893658638000488
ENSG00000169717.fa,Macaque,40,0.026100635528564453,0.06893658638000488
ENSG00000169717.fa,Macaque,45,0.02528834342956543,0.06893658638000488
ENSG00000169717.fa,Macaque,50,0.02519536018371582,0.06893658638000488
ENSG00000169717.fa,Macaque,55,0.02476811408996582,0.06893658638000488
ENSG00000169717.fa,Macaque,60,0.14905667304992676,0.06893658638000488
ENSG00000169717.fa,Macaque,65,0.038925886154174805,0.06893658638000488
ENSG00000169717.fa,Macaque,70,0.03927898406982422,0.06893658638000488
ENSG00000169717.fa,Macaque,75,0.04556632041931152,0.06893658638000488
ENSG00000169717.fa,Macaque,80,0.045960426330566406,0.06893658638000488
ENSG00000169717.fa,Macaque,85,0.04395890235900879,0.06893658638000488
ENSG00000169717.fa,Macaque,90,0.04430794715881348,0.06893658638000488
ENSG00000169717.fa,Macaque,95,0.047393083572387695,0.06893658638000488
ENSG00000131584.fa,Macaque,45,0.9462554454803467,18.218661308288574
ENSG00000131584.fa,Macaque,50,1.1448137760162354,18.218661308288574
ENSG00000131584.fa,Macaque,55,1.165496826171875,18.218661308288574
ENSG00000131584.fa,Macaque,60,1.5155730247497559,18.218661308288574
ENSG00000131584.fa,Macaque,65,1.388540506362915,18.218661308288574
ENSG00000131584.fa,Macaque,70,2.264998197555542,18.218661308288574
ENSG00000131584.fa,Macaque,75,2.5362820625305176,18.218661308288574
ENSG00000131584.fa,Macaque,80,3.6468045711517334,18.218661308288574
ENSG00000131584.fa,Macaque,85,4.277040481567383,18.218661308288574
ENSG00000131584.fa,Macaque,90,4.278105735778809,18.218661308288574
ENSG00000131584.fa,Macaque,95,4.456609010696411,18.218661308288574
ENSG00000134249-0.fa,Macaque,15,0.03044915199279785,0.07173681259155273
ENSG00000134249-0.fa,Macaque,20,0.028824329376220703,0.07173681259155273
ENSG00000134249-0.fa,Macaque,25,0.027481555938720703,0.07173681259155273
ENSG00000134249-0.fa,Macaque,30,0.15120720863342285,0.07173681259155273
ENSG00000134249-0.fa,Macaque,35,0.025998830795288086,0.07173681259155273
ENSG00000134249-0.fa,Macaque,40,0.026149988174438477,0.07173681259155273
ENSG00000134249-0.fa,Macaque,45,0.027585506439208984,0.07173681259155273
ENSG00000134249-0.fa,Macaque,50,0.02929377555847168,0.07173681259155273
ENSG00000134249-0.fa,Macaque,55,0.0298309326171875,0.07173681259155273
ENSG00000134249-0.fa,Macaque,60,0.029134273529052734,0.07173681259155273
ENSG00000134249-0.fa,Macaque,65,0.028942584991455078,0.07173681259155273
ENSG00000134249-0.fa,Macaque,70,0.13586783409118652,0.07173681259155273
ENSG00000134249-0.fa,Macaque,75,0.028174877166748047,0.07173681259155273
ENSG00000134249-0.fa,Macaque,80,0.028705835342407227,0.07173681259155273
ENSG00000134249-0.fa,Macaque,85,0.028378009796142578,0.07173681259155273
ENSG00000134249-0.fa,Macaque,90,0.02989983558654785,0.07173681259155273
ENSG00000134249-0.fa,Macaque,95,0.029619216918945312,0.07173681259155273
ENSG00000143537.fa,Macaque,70,0.6093108654022217,8.621382236480713
ENSG00000143537.fa,Macaque,75,0.6381032466888428,8.621382236480713
ENSG00000143537.fa,Macaque,80,0.6609342098236084,8.621382236480713
ENSG00000143537.fa,Macaque,85,0.6858978271484375,8.621382236480713
ENSG00000143537.fa,Macaque,90,0.8911740779876709,8.621382236480713
ENSG00000143537.fa,Macaque,95,0.9256908893585205,8.621382236480713
ENSG00000143382.fa,Macaque,35,0.30278801918029785,7.992762088775635
ENSG00000143382.fa,Macaque,40,0.4366953372955322,7.992762088775635
ENSG00000143382.fa,Macaque,45,0.4335334300994873,7.992762088775635
ENSG00000143382.fa,Macaque,50,0.4399874210357666,7.992762088775635
ENSG00000143382.fa,Macaque,55,0.4958946704864502,7.992762088775635
ENSG00000143382.fa,Macaque,60,0.3549792766571045,7.992762088775635
ENSG00000143382.fa,Macaque,65,0.48000454902648926,7.992762088775635
ENSG00000143382.fa,Macaque,70,0.5089941024780273,7.992762088775635
ENSG00000143382.fa,Macaque,75,0.5059587955474854,7.992762088775635
ENSG00000143382.fa,Macaque,80,0.5982139110565186,7.992762088775635
ENSG00000143382.fa,Macaque,85,0.6262762546539307,7.992762088775635
ENSG00000143382.fa,Macaque,90,0.7113654613494873,7.992762088775635
ENSG00000143382.fa,Macaque,95,0.7275717258453369,7.992762088775635
ENSG00000251246.fa,Macaque,60,0.8853123188018799,35.955005407333374
ENSG00000251246.fa,Macaque,65,1.0192890167236328,35.955005407333374
ENSG00000251246.fa,Macaque,70,1.2140295505523682,35.955005407333374
ENSG00000251246.fa,Macaque,75,2.282712936401367,35.955005407333374
ENSG00000251246.fa,Macaque,80,2.7448344230651855,35.955005407333374
ENSG00000251246.fa,Macaque,85,2.738460063934326,35.955005407333374
ENSG00000251246.fa,Macaque,90,4.287009000778198,35.955005407333374
ENSG00000251246.fa,Macaque,95,4.3063225746154785,35.955005407333374
ENSG00000158859.fa,Macaque,45,0.5317642688751221,12.661077976226807
ENSG00000158859.fa,Macaque,50,0.6618790626525879,12.661077976226807
ENSG00000158859.fa,Macaque,55,0.5397341251373291,12.661077976226807
ENSG00000158859.fa,Macaque,60,0.5938925743103027,12.661077976226807
ENSG00000158859.fa,Macaque,65,0.6110696792602539,12.661077976226807
ENSG00000158859.fa,Macaque,70,0.6789286136627197,12.661077976226807
ENSG00000158859.fa,Macaque,75,0.7107210159301758,12.661077976226807
ENSG00000158859.fa,Macaque,80,0.7461719512939453,12.661077976226807
ENSG00000158859.fa,Macaque,85,1.5927822589874268,12.661077976226807
ENSG00000158859.fa,Macaque,90,1.598933219909668,12.661077976226807
ENSG00000158859.fa,Macaque,95,1.7851364612579346,12.661077976226807
ENSG00000282608.fa,Macaque,55,0.13625669479370117,0.46467041969299316
ENSG00000282608.fa,Macaque,60,0.15323615074157715,0.46467041969299316
ENSG00000282608.fa,Macaque,65,0.3671534061431885,0.46467041969299316
ENSG00000282608.fa,Macaque,70,0.24437689781188965,0.46467041969299316
ENSG00000282608.fa,Macaque,75,0.3701624870300293,0.46467041969299316
ENSG00000282608.fa,Macaque,80,0.31023192405700684,0.46467041969299316
ENSG00000282608.fa,Macaque,85,0.39368104934692383,0.46467041969299316
ENSG00000282608.fa,Macaque,90,0.5245716571807861,0.46467041969299316
ENSG00000282608.fa,Macaque,95,0.41016173362731934,0.46467041969299316
ENSG00000035687-0.fa,Macaque,20,0.22624707221984863,1.234830617904663
ENSG00000035687-0.fa,Macaque,35,0.1349964141845703,1.234830617904663
ENSG00000035687-0.fa,Macaque,40,0.14133477210998535,1.234830617904663
ENSG00000035687-0.fa,Macaque,45,0.2657053470611572,1.234830617904663
ENSG00000035687-0.fa,Macaque,50,0.17084813117980957,1.234830617904663
ENSG00000035687-0.fa,Macaque,55,0.32291221618652344,1.234830617904663
ENSG00000035687-0.fa,Macaque,60,0.2302107810974121,1.234830617904663
ENSG00000035687-0.fa,Macaque,65,0.37265920639038086,1.234830617904663
ENSG00000035687-0.fa,Macaque,70,0.31482744216918945,1.234830617904663
ENSG00000035687-0.fa,Macaque,75,0.513939619064331,1.234830617904663
ENSG00000035687-0.fa,Macaque,80,0.4010438919067383,1.234830617904663
ENSG00000035687-0.fa,Macaque,85,0.5234794616699219,1.234830617904663
ENSG00000035687-0.fa,Macaque,90,0.3997371196746826,1.234830617904663
ENSG00000035687-0.fa,Macaque,95,0.5105760097503662,1.234830617904663
ENSG00000116863.fa,Macaque,35,0.12464714050292969,1.2728896141052246
ENSG00000116863.fa,Macaque,40,0.12219810485839844,1.2728896141052246
ENSG00000116863.fa,Macaque,45,0.25690627098083496,1.2728896141052246
ENSG00000116863.fa,Macaque,50,0.17443203926086426,1.2728896141052246
ENSG00000116863.fa,Macaque,55,0.28288936614990234,1.2728896141052246
ENSG00000116863.fa,Macaque,60,0.17946600914001465,1.2728896141052246
ENSG00000116863.fa,Macaque,65,0.3100850582122803,1.2728896141052246
ENSG00000116863.fa,Macaque,70,0.18944406509399414,1.2728896141052246
ENSG00000116863.fa,Macaque,75,0.3064248561859131,1.2728896141052246
ENSG00000116863.fa,Macaque,80,0.20789408683776855,1.2728896141052246
ENSG00000116863.fa,Macaque,85,0.3581056594848633,1.2728896141052246
ENSG00000116863.fa,Macaque,90,0.23166513442993164,1.2728896141052246
ENSG00000116863.fa,Macaque,95,0.3460559844970703,1.2728896141052246
ENSG00000126070-0.fa,Macaque,15,0.022997379302978516,0.043331146240234375
ENSG00000126070-0.fa,Macaque,20,0.024143457412719727,0.043331146240234375
ENSG00000126070-0.fa,Macaque,25,0.025886058807373047,0.043331146240234375
ENSG00000126070-0.fa,Macaque,30,0.026287317276000977,0.043331146240234375
ENSG00000126070-0.fa,Macaque,35,0.025196075439453125,0.043331146240234375
ENSG00000126070-0.fa,Macaque,40,0.0245513916015625,0.043331146240234375
ENSG00000126070-0.fa,Macaque,45,0.024708986282348633,0.043331146240234375
ENSG00000126070-0.fa,Macaque,50,0.025060415267944336,0.043331146240234375
ENSG00000126070-0.fa,Macaque,55,0.02390122413635254,0.043331146240234375
ENSG00000126070-0.fa,Macaque,60,0.024380207061767578,0.043331146240234375
ENSG00000126070-0.fa,Macaque,65,0.14229273796081543,0.043331146240234375
ENSG00000126070-0.fa,Macaque,70,0.02936697006225586,0.043331146240234375
ENSG00000126070-0.fa,Macaque,75,0.029288530349731445,0.043331146240234375
ENSG00000126070-0.fa,Macaque,80,0.0292205810546875,0.043331146240234375
ENSG00000126070-0.fa,Macaque,85,0.028891563415527344,0.043331146240234375
ENSG00000126070-0.fa,Macaque,90,0.028849124908447266,0.043331146240234375
ENSG00000126070-0.fa,Macaque,95,0.028947114944458008,0.043331146240234375
ENSG00000126070-1.fa,Macaque,75,0.35213541984558105,1.5201330184936523
ENSG00000126070-1.fa,Macaque,80,0.44384765625,1.5201330184936523
ENSG00000126070-1.fa,Macaque,85,0.6914124488830566,1.5201330184936523
ENSG00000126070-1.fa,Macaque,90,0.5666093826293945,1.5201330184936523
ENSG00000126070-1.fa,Macaque,95,0.6704628467559814,1.5201330184936523
ENSG00000159346.fa,Macaque,25,1.0811097621917725,17.268049716949463
ENSG00000159346.fa,Macaque,85,1.5750148296356201,17.268049716949463
ENSG00000159346.fa,Macaque,90,2.6540584564208984,17.268049716949463
ENSG00000159346.fa,Macaque,95,2.87650728225708,17.268049716949463
ENSG00000186094-1.fa,Macaque,50,0.3934013843536377,8.477466583251953
ENSG00000186094-1.fa,Macaque,55,0.675468921661377,8.477466583251953
ENSG00000186094-1.fa,Macaque,60,0.5996241569519043,8.477466583251953
ENSG00000186094-1.fa,Macaque,65,0.5970616340637207,8.477466583251953
ENSG00000186094-1.fa,Macaque,70,0.6500527858734131,8.477466583251953
ENSG00000186094-1.fa,Macaque,75,0.6905252933502197,8.477466583251953
ENSG00000186094-1.fa,Macaque,80,0.7557110786437988,8.477466583251953
ENSG00000186094-1.fa,Macaque,85,0.9917528629302979,8.477466583251953
ENSG00000186094-1.fa,Macaque,90,1.083505630493164,8.477466583251953
ENSG00000186094-1.fa,Macaque,95,1.1920883655548096,8.477466583251953
ENSG00000188157-0.fa,Macaque,15,0.03468060493469238,0.047011375427246094
ENSG00000188157-0.fa,Macaque,20,0.03216814994812012,0.047011375427246094
ENSG00000188157-0.fa,Macaque,25,0.0301816463470459,0.047011375427246094
ENSG00000188157-0.fa,Macaque,30,0.029598236083984375,0.047011375427246094
ENSG00000188157-0.fa,Macaque,35,0.031037330627441406,0.047011375427246094
ENSG00000188157-0.fa,Macaque,40,0.036078453063964844,0.047011375427246094
ENSG00000188157-0.fa,Macaque,45,0.030930042266845703,0.047011375427246094
ENSG00000188157-0.fa,Macaque,50,0.02930760383605957,0.047011375427246094
ENSG00000188157-0.fa,Macaque,55,0.03474140167236328,0.047011375427246094
ENSG00000188157-0.fa,Macaque,60,0.2429208755493164,0.047011375427246094
ENSG00000188157-0.fa,Macaque,65,0.03805804252624512,0.047011375427246094
ENSG00000116771.fa,Macaque,40,0.6431276798248291,10.083367824554443
ENSG00000116771.fa,Macaque,45,0.5719871520996094,10.083367824554443
ENSG00000116771.fa,Macaque,50,0.7013747692108154,10.083367824554443
ENSG00000116771.fa,Macaque,55,0.8052995204925537,10.083367824554443
ENSG00000116771.fa,Macaque,60,0.7972502708435059,10.083367824554443
ENSG00000116771.fa,Macaque,65,1.0954256057739258,10.083367824554443
ENSG00000116771.fa,Macaque,70,1.0747768878936768,10.083367824554443
ENSG00000116771.fa,Macaque,75,1.2789864540100098,10.083367824554443
ENSG00000116771.fa,Macaque,80,1.536543846130371,10.083367824554443
ENSG00000116771.fa,Macaque,85,3.5954856872558594,10.083367824554443
ENSG00000116771.fa,Macaque,90,3.4739444255828857,10.083367824554443
ENSG00000116771.fa,Macaque,95,7.70481538772583,10.083367824554443
ENSG00000134698-1.fa,Macaque,75,0.2014176845550537,2.3973443508148193
ENSG00000134698-1.fa,Macaque,80,0.3184497356414795,2.3973443508148193
ENSG00000134698-1.fa,Macaque,85,0.20979905128479004,2.3973443508148193
ENSG00000134698-1.fa,Macaque,90,0.3334472179412842,2.3973443508148193
ENSG00000134698-1.fa,Macaque,95,0.21986031532287598,2.3973443508148193
ENSG00000188157-1.fa,Macaque,15,0.026432037353515625,0.04345250129699707
ENSG00000188157-1.fa,Macaque,20,0.026137113571166992,0.04345250129699707
ENSG00000188157-1.fa,Macaque,25,0.0293424129486084,0.04345250129699707
ENSG00000188157-1.fa,Macaque,30,0.028885841369628906,0.04345250129699707
ENSG00000188157-1.fa,Macaque,35,0.02958822250366211,0.04345250129699707
ENSG00000188157-1.fa,Macaque,40,0.02425527572631836,0.04345250129699707
ENSG00000188157-1.fa,Macaque,45,0.03602862358093262,0.04345250129699707
ENSG00000188157-1.fa,Macaque,50,0.04573822021484375,0.04345250129699707
ENSG00000188157-1.fa,Macaque,55,0.044976234436035156,0.04345250129699707
ENSG00000153207-0.fa,Macaque,15,0.035953521728515625,0.047210693359375
ENSG00000153207-0.fa,Macaque,20,0.0330810546875,0.047210693359375
ENSG00000153207-0.fa,Macaque,25,0.03621315956115723,0.047210693359375
ENSG00000153207-0.fa,Macaque,30,0.03351259231567383,0.047210693359375
ENSG00000153207-0.fa,Macaque,35,0.03581690788269043,0.047210693359375
ENSG00000153207-0.fa,Macaque,40,0.0374910831451416,0.047210693359375
ENSG00000153207-0.fa,Macaque,45,0.03268098831176758,0.047210693359375
ENSG00000153207-0.fa,Macaque,50,0.03402352333068848,0.047210693359375
ENSG00000153207-0.fa,Macaque,55,0.03430652618408203,0.047210693359375
ENSG00000153207-0.fa,Macaque,60,0.1377570629119873,0.047210693359375
ENSG00000153207-0.fa,Macaque,65,0.034195899963378906,0.047210693359375
ENSG00000153207-0.fa,Macaque,70,0.03367805480957031,0.047210693359375
ENSG00000153207-0.fa,Macaque,75,0.03421807289123535,0.047210693359375
ENSG00000153207-0.fa,Macaque,80,0.03438758850097656,0.047210693359375
ENSG00000177674-0.fa,Macaque,30,0.4595680236816406,8.85253095626831
ENSG00000177674-0.fa,Macaque,35,0.35616254806518555,8.85253095626831
ENSG00000177674-0.fa,Macaque,40,0.574678897857666,8.85253095626831
ENSG00000177674-0.fa,Macaque,45,0.6886625289916992,8.85253095626831
ENSG00000177674-0.fa,Macaque,50,0.7112236022949219,8.85253095626831
ENSG00000177674-0.fa,Macaque,55,0.881237268447876,8.85253095626831
ENSG00000177674-0.fa,Macaque,60,0.9996087551116943,8.85253095626831
ENSG00000177674-0.fa,Macaque,65,1.1928997039794922,8.85253095626831
ENSG00000177674-0.fa,Macaque,70,1.30064058303833,8.85253095626831
ENSG00000177674-0.fa,Macaque,75,3.0535776615142822,8.85253095626831
ENSG00000177674-0.fa,Macaque,80,3.162026882171631,8.85253095626831
ENSG00000177674-0.fa,Macaque,85,7.1715452671051025,8.85253095626831
ENSG00000177674-0.fa,Macaque,90,7.295062065124512,8.85253095626831
ENSG00000177674-0.fa,Macaque,95,7.154987335205078,8.85253095626831
ENSG00000116922.fa,Macaque,45,0.4498941898345947,7.5710530281066895
ENSG00000116922.fa,Macaque,50,0.541140079498291,7.5710530281066895
ENSG00000116922.fa,Macaque,55,0.595637321472168,7.5710530281066895
ENSG00000116922.fa,Macaque,60,0.6664679050445557,7.5710530281066895
ENSG00000116922.fa,Macaque,65,2.0057156085968018,7.5710530281066895
ENSG00000116922.fa,Macaque,70,2.0075833797454834,7.5710530281066895
ENSG00000116922.fa,Macaque,75,2.1300809383392334,7.5710530281066895
ENSG00000116922.fa,Macaque,80,2.556075096130371,7.5710530281066895
ENSG00000116922.fa,Macaque,85,2.5615859031677246,7.5710530281066895
ENSG00000116922.fa,Macaque,90,2.5657362937927246,7.5710530281066895
ENSG00000116922.fa,Macaque,95,2.568359375,7.5710530281066895
ENSG00000153207-1.fa,Macaque,45,1.336529016494751,12.02146029472351
ENSG00000153207-1.fa,Macaque,50,1.280005931854248,12.02146029472351
ENSG00000153207-1.fa,Macaque,55,1.9417884349822998,12.02146029472351
ENSG00000153207-1.fa,Macaque,60,2.8111605644226074,12.02146029472351
ENSG00000153207-1.fa,Macaque,65,2.7134459018707275,12.02146029472351
ENSG00000153207-1.fa,Macaque,70,2.691272497177124,12.02146029472351
ENSG00000153207-1.fa,Macaque,75,3.22355318069458,12.02146029472351
ENSG00000153207-1.fa,Macaque,80,4.1683361530303955,12.02146029472351
ENSG00000153207-1.fa,Macaque,85,4.415534734725952,12.02146029472351
ENSG00000153207-1.fa,Macaque,90,4.245922088623047,12.02146029472351
ENSG00000153207-1.fa,Macaque,95,7.871137857437134,12.02146029472351
ENSG00000154027-0.fa,Macaque,15,0.018947839736938477,0.022773265838623047
ENSG00000154027-0.fa,Macaque,20,0.017470598220825195,0.022773265838623047
ENSG00000154027-0.fa,Macaque,25,0.016632556915283203,0.022773265838623047
ENSG00000154027-0.fa,Macaque,30,0.016111135482788086,0.022773265838623047
ENSG00000154027-0.fa,Macaque,35,0.1352078914642334,0.022773265838623047
ENSG00000154027-0.fa,Macaque,40,0.014754056930541992,0.022773265838623047
ENSG00000154027-0.fa,Macaque,45,0.014024734497070312,0.022773265838623047
ENSG00000154027-0.fa,Macaque,50,0.018162250518798828,0.022773265838623047
ENSG00000154027-0.fa,Macaque,55,0.017607688903808594,0.022773265838623047
ENSG00000154027-0.fa,Macaque,60,0.01760077476501465,0.022773265838623047
ENSG00000154027-0.fa,Macaque,65,0.017374038696289062,0.022773265838623047
ENSG00000154027-0.fa,Macaque,70,0.01756119728088379,0.022773265838623047
ENSG00000154027-0.fa,Macaque,75,0.019269466400146484,0.022773265838623047
ENSG00000154027-0.fa,Macaque,80,0.017238378524780273,0.022773265838623047
ENSG00000154027-0.fa,Macaque,85,0.01743626594543457,0.022773265838623047
ENSG00000154027-0.fa,Macaque,90,0.017531633377075195,0.022773265838623047
ENSG00000154027-0.fa,Macaque,95,0.01677680015563965,0.022773265838623047
ENSG00000174574-0.fa,Macaque,30,0.3776366710662842,2.4102120399475098
ENSG00000174574-0.fa,Macaque,90,1.8308236598968506,2.4102120399475098
ENSG00000174574-0.fa,Macaque,95,2.141437530517578,2.4102120399475098
ENSG00000004455-1.fa,Macaque,50,0.4144446849822998,10.298788070678711
ENSG00000004455-1.fa,Macaque,55,0.5956029891967773,10.298788070678711
ENSG00000004455-1.fa,Macaque,60,0.5804834365844727,10.298788070678711
ENSG00000004455-1.fa,Macaque,65,0.7278668880462646,10.298788070678711
ENSG00000004455-1.fa,Macaque,70,0.7025396823883057,10.298788070678711
ENSG00000004455-1.fa,Macaque,75,0.9351246356964111,10.298788070678711
ENSG00000004455-1.fa,Macaque,80,0.9171154499053955,10.298788070678711
ENSG00000004455-1.fa,Macaque,85,1.044508695602417,10.298788070678711
ENSG00000004455-1.fa,Macaque,90,1.0673718452453613,10.298788070678711
ENSG00000004455-1.fa,Macaque,95,2.388496160507202,10.298788070678711
ENSG00000174574-1.fa,Macaque,25,0.3874690532684326,2.5894927978515625
ENSG00000174574-1.fa,Macaque,30,0.32677698135375977,2.5894927978515625
ENSG00000174574-1.fa,Macaque,35,0.215928316116333,2.5894927978515625
ENSG00000174574-1.fa,Macaque,40,0.35323333740234375,2.5894927978515625
ENSG00000174574-1.fa,Macaque,45,0.23121142387390137,2.5894927978515625
ENSG00000174574-1.fa,Macaque,50,0.36235666275024414,2.5894927978515625
ENSG00000174574-1.fa,Macaque,55,0.3648393154144287,2.5894927978515625
ENSG00000174574-1.fa,Macaque,60,0.24979043006896973,2.5894927978515625
ENSG00000174574-1.fa,Macaque,65,0.4113337993621826,2.5894927978515625
ENSG00000174574-1.fa,Macaque,70,0.4153575897216797,2.5894927978515625
ENSG00000174574-1.fa,Macaque,75,0.501446008682251,2.5894927978515625
ENSG00000174574-1.fa,Macaque,80,0.6543965339660645,2.5894927978515625
ENSG00000174574-1.fa,Macaque,85,0.8619227409362793,2.5894927978515625
ENSG00000174574-1.fa,Macaque,90,0.743680477142334,2.5894927978515625
ENSG00000174574-1.fa,Macaque,95,0.8746092319488525,2.5894927978515625
ENSG00000117448-0.fa,Macaque,45,0.3636198043823242,1.7815067768096924
ENSG00000117448-0.fa,Macaque,50,0.20069551467895508,1.7815067768096924
ENSG00000117448-0.fa,Macaque,55,0.3034095764160156,1.7815067768096924
ENSG00000117448-0.fa,Macaque,60,0.3070662021636963,1.7815067768096924
ENSG00000117448-0.fa,Macaque,65,0.48018932342529297,1.7815067768096924
ENSG00000117448-0.fa,Macaque,70,0.5416760444641113,1.7815067768096924
ENSG00000117448-0.fa,Macaque,75,0.42019128799438477,1.7815067768096924
ENSG00000117448-0.fa,Macaque,80,0.5384688377380371,1.7815067768096924
ENSG00000117448-0.fa,Macaque,85,0.5387866497039795,1.7815067768096924
ENSG00000117448-0.fa,Macaque,90,0.4192638397216797,1.7815067768096924
ENSG00000117448-0.fa,Macaque,95,0.5418844223022461,1.7815067768096924
ENSG00000134698-0.fa,Macaque,70,1.9390661716461182,36.550535917282104
ENSG00000134698-0.fa,Macaque,75,2.0420358180999756,36.550535917282104
ENSG00000134698-0.fa,Macaque,80,4.115735054016113,36.550535917282104
ENSG00000134698-0.fa,Macaque,85,4.076338052749634,36.550535917282104
ENSG00000134698-0.fa,Macaque,90,4.150906562805176,36.550535917282104
ENSG00000134698-0.fa,Macaque,95,4.147196054458618,36.550535917282104
ENSG00000053371-1.fa,Macaque,10,0.006297588348388672,0.006746053695678711
ENSG00000053371-1.fa,Macaque,15,0.005100250244140625,0.006746053695678711
ENSG00000053371-1.fa,Macaque,20,0.004779815673828125,0.006746053695678711
ENSG00000053371-1.fa,Macaque,25,0.00487208366394043,0.006746053695678711
ENSG00000053371-1.fa,Macaque,30,0.004534244537353516,0.006746053695678711
ENSG00000053371-1.fa,Macaque,35,0.0038268566131591797,0.006746053695678711
ENSG00000053371-1.fa,Macaque,40,0.003774881362915039,0.006746053695678711
ENSG00000053371-1.fa,Macaque,45,0.003973484039306641,0.006746053695678711
ENSG00000053371-1.fa,Macaque,50,0.0045392513275146484,0.006746053695678711
ENSG00000053371-1.fa,Macaque,55,0.003437519073486328,0.006746053695678711
ENSG00000053371-1.fa,Macaque,60,0.0034825801849365234,0.006746053695678711
ENSG00000053371-1.fa,Macaque,65,0.0036416053771972656,0.006746053695678711
ENSG00000053371-1.fa,Macaque,70,0.003397703170776367,0.006746053695678711
ENSG00000053371-1.fa,Macaque,75,0.004389524459838867,0.006746053695678711
ENSG00000053371-1.fa,Macaque,80,0.003242969512939453,0.006746053695678711
ENSG00000053371-1.fa,Macaque,85,0.003177165985107422,0.006746053695678711
ENSG00000053371-1.fa,Macaque,90,0.0031538009643554688,0.006746053695678711
ENSG00000053371-1.fa,Macaque,95,0.0033800601959228516,0.006746053695678711
ENSG00000117448-1.fa,Macaque,35,0.43698716163635254,3.7351770401000977
ENSG00000117448-1.fa,Macaque,40,0.3816416263580322,3.7351770401000977
ENSG00000117448-1.fa,Macaque,45,0.30562496185302734,3.7351770401000977
ENSG00000117448-1.fa,Macaque,50,0.4434084892272949,3.7351770401000977
ENSG00000117448-1.fa,Macaque,55,0.4210634231567383,3.7351770401000977
ENSG00000117448-1.fa,Macaque,60,0.5380866527557373,3.7351770401000977
ENSG00000117448-1.fa,Macaque,65,0.5716478824615479,3.7351770401000977
ENSG00000117448-1.fa,Macaque,70,0.41898608207702637,3.7351770401000977
ENSG00000117448-1.fa,Macaque,75,0.7809858322143555,3.7351770401000977
ENSG00000117448-1.fa,Macaque,80,0.864253044128418,3.7351770401000977
ENSG00000117448-1.fa,Macaque,85,0.9051024913787842,3.7351770401000977
ENSG00000117448-1.fa,Macaque,90,0.9099812507629395,3.7351770401000977
ENSG00000117448-1.fa,Macaque,95,0.9050683975219727,3.7351770401000977
ENSG00000004455-0.fa,Macaque,40,0.9710140228271484,21.476903676986694
ENSG00000004455-0.fa,Macaque,45,0.826366662979126,21.476903676986694
ENSG00000004455-0.fa,Macaque,50,0.8847906589508057,21.476903676986694
ENSG00000004455-0.fa,Macaque,55,1.0274748802185059,21.476903676986694
ENSG00000004455-0.fa,Macaque,60,0.9338207244873047,21.476903676986694
ENSG00000004455-0.fa,Macaque,65,1.227588415145874,21.476903676986694
ENSG00000004455-0.fa,Macaque,70,1.164855718612671,21.476903676986694
ENSG00000004455-0.fa,Macaque,75,1.3337597846984863,21.476903676986694
ENSG00000004455-0.fa,Macaque,80,1.6287598609924316,21.476903676986694
ENSG00000004455-0.fa,Macaque,85,1.509366750717163,21.476903676986694
ENSG00000004455-0.fa,Macaque,90,3.5484814643859863,21.476903676986694
ENSG00000004455-0.fa,Macaque,95,5.086313009262085,21.476903676986694
ENSG00000211454-1.fa,Macaque,15,0.03183603286743164,0.12213516235351562
ENSG00000211454-1.fa,Macaque,20,0.03394651412963867,0.12213516235351562
ENSG00000211454-1.fa,Macaque,25,0.032965660095214844,0.12213516235351562
ENSG00000211454-1.fa,Macaque,30,0.030632495880126953,0.12213516235351562
ENSG00000211454-1.fa,Macaque,35,0.03923845291137695,0.12213516235351562
ENSG00000211454-1.fa,Macaque,40,0.1882030963897705,0.12213516235351562
ENSG00000211454-1.fa,Macaque,45,0.04320979118347168,0.12213516235351562
ENSG00000211454-1.fa,Macaque,50,0.04318976402282715,0.12213516235351562
ENSG00000211454-1.fa,Macaque,55,0.04362678527832031,0.12213516235351562
ENSG00000211454-1.fa,Macaque,60,0.05896425247192383,0.12213516235351562
ENSG00000162482.fa,Macaque,25,0.17322063446044922,1.7914760112762451
ENSG00000162482.fa,Macaque,30,0.3045213222503662,1.7914760112762451
ENSG00000162482.fa,Macaque,35,0.2938649654388428,1.7914760112762451
ENSG00000162482.fa,Macaque,40,0.18442940711975098,1.7914760112762451
ENSG00000162482.fa,Macaque,45,0.34922051429748535,1.7914760112762451
ENSG00000162482.fa,Macaque,50,0.2545509338378906,1.7914760112762451
ENSG00000162482.fa,Macaque,55,0.37927937507629395,1.7914760112762451
ENSG00000162482.fa,Macaque,60,0.2650642395019531,1.7914760112762451
ENSG00000162482.fa,Macaque,65,0.42045021057128906,1.7914760112762451
ENSG00000162482.fa,Macaque,70,0.4977140426635742,1.7914760112762451
ENSG00000162482.fa,Macaque,75,0.4053974151611328,1.7914760112762451
ENSG00000162482.fa,Macaque,80,0.5111241340637207,1.7914760112762451
ENSG00000162482.fa,Macaque,85,0.5269014835357666,1.7914760112762451
ENSG00000162482.fa,Macaque,90,0.4040999412536621,1.7914760112762451
ENSG00000162482.fa,Macaque,95,0.5221841335296631,1.7914760112762451
ENSG00000053371-0.fa,Macaque,35,0.47450780868530273,5.710432529449463
ENSG00000053371-0.fa,Macaque,40,0.482891321182251,5.710432529449463
ENSG00000053371-0.fa,Macaque,45,0.4595341682434082,5.710432529449463
ENSG00000053371-0.fa,Macaque,50,0.48551440238952637,5.710432529449463
ENSG00000053371-0.fa,Macaque,55,0.5669198036193848,5.710432529449463
ENSG00000053371-0.fa,Macaque,60,0.47855472564697266,5.710432529449463
ENSG00000053371-0.fa,Macaque,65,0.8533143997192383,5.710432529449463
ENSG00000053371-0.fa,Macaque,70,1.0578315258026123,5.710432529449463
ENSG00000053371-0.fa,Macaque,75,1.016829252243042,5.710432529449463
ENSG00000053371-0.fa,Macaque,80,1.7974395751953125,5.710432529449463
ENSG00000053371-0.fa,Macaque,85,1.8195953369140625,5.710432529449463
ENSG00000053371-0.fa,Macaque,90,2.5993051528930664,5.710432529449463
ENSG00000053371-0.fa,Macaque,95,2.571986436843872,5.710432529449463
ENSG00000211454-0.fa,Macaque,25,0.5562465190887451,1.9313113689422607
ENSG00000211454-0.fa,Macaque,30,0.29845595359802246,1.9313113689422607
ENSG00000211454-0.fa,Macaque,35,0.20407438278198242,1.9313113689422607
ENSG00000211454-0.fa,Macaque,40,0.34148573875427246,1.9313113689422607
ENSG00000211454-0.fa,Macaque,45,0.23660588264465332,1.9313113689422607
ENSG00000211454-0.fa,Macaque,50,0.3729715347290039,1.9313113689422607
ENSG00000211454-0.fa,Macaque,55,0.4040827751159668,1.9313113689422607
ENSG00000211454-0.fa,Macaque,60,0.3092803955078125,1.9313113689422607
ENSG00000211454-0.fa,Macaque,65,0.41289854049682617,1.9313113689422607
ENSG00000211454-0.fa,Macaque,70,0.5683059692382812,1.9313113689422607
ENSG00000211454-0.fa,Macaque,75,0.4966137409210205,1.9313113689422607
ENSG00000211454-0.fa,Macaque,80,0.6192314624786377,1.9313113689422607
ENSG00000211454-0.fa,Macaque,85,0.6373233795166016,1.9313113689422607
ENSG00000211454-0.fa,Macaque,90,0.6081583499908447,1.9313113689422607
ENSG00000211454-0.fa,Macaque,95,0.7117197513580322,1.9313113689422607
ENSG00000181754.fa,Macaque,40,0.24422287940979004,1.5464868545532227
ENSG00000181754.fa,Macaque,45,0.11558079719543457,1.5464868545532227
ENSG00000181754.fa,Macaque,50,0.2318735122680664,1.5464868545532227
ENSG00000181754.fa,Macaque,55,0.11850285530090332,1.5464868545532227
ENSG00000181754.fa,Macaque,60,0.2706930637359619,1.5464868545532227
ENSG00000181754.fa,Macaque,65,0.14520764350891113,1.5464868545532227
ENSG00000181754.fa,Macaque,70,0.15031003952026367,1.5464868545532227
ENSG00000181754.fa,Macaque,75,0.2819969654083252,1.5464868545532227
ENSG00000181754.fa,Macaque,80,0.15167832374572754,1.5464868545532227
ENSG00000181754.fa,Macaque,85,0.27554798126220703,1.5464868545532227
ENSG00000181754.fa,Macaque,90,0.167466402053833,1.5464868545532227
ENSG00000181754.fa,Macaque,95,0.31777358055114746,1.5464868545532227
ENSG00000156150.fa,Macaque,30,0.2762479782104492,6.746304035186768
ENSG00000156150.fa,Macaque,35,0.4216575622558594,6.746304035186768
ENSG00000156150.fa,Macaque,40,0.4267308712005615,6.746304035186768
ENSG00000156150.fa,Macaque,45,0.438795804977417,6.746304035186768
ENSG00000156150.fa,Macaque,50,0.48979878425598145,6.746304035186768
ENSG00000156150.fa,Macaque,55,0.4010787010192871,6.746304035186768
ENSG00000156150.fa,Macaque,60,0.5493576526641846,6.746304035186768
ENSG00000156150.fa,Macaque,65,0.604891300201416,6.746304035186768
ENSG00000156150.fa,Macaque,70,0.6273858547210693,6.746304035186768
ENSG00000156150.fa,Macaque,75,0.6911027431488037,6.746304035186768
ENSG00000156150.fa,Macaque,80,0.787294864654541,6.746304035186768
ENSG00000156150.fa,Macaque,85,0.5803613662719727,6.746304035186768
ENSG00000156150.fa,Macaque,90,0.9979639053344727,6.746304035186768
ENSG00000156150.fa,Macaque,95,1.634211540222168,6.746304035186768
ENSG00000116337.fa,Macaque,50,0.5363743305206299,14.285956144332886
ENSG00000116337.fa,Macaque,55,0.3915729522705078,14.285956144332886
ENSG00000116337.fa,Macaque,60,0.7100436687469482,14.285956144332886
ENSG00000116337.fa,Macaque,65,0.4153280258178711,14.285956144332886
ENSG00000116337.fa,Macaque,70,0.7637238502502441,14.285956144332886
ENSG00000116337.fa,Macaque,75,0.4718942642211914,14.285956144332886
ENSG00000116337.fa,Macaque,80,0.9131124019622803,14.285956144332886
ENSG00000116337.fa,Macaque,85,0.8075709342956543,14.285956144332886
ENSG00000116337.fa,Macaque,90,0.8465907573699951,14.285956144332886
ENSG00000116337.fa,Macaque,95,1.0085558891296387,14.285956144332886
ENSG00000240038.fa,Macaque,35,0.8983569145202637,19.603593349456787
ENSG00000240038.fa,Macaque,40,0.8031008243560791,19.603593349456787
ENSG00000240038.fa,Macaque,45,0.9138007164001465,19.603593349456787
ENSG00000240038.fa,Macaque,50,1.1001107692718506,19.603593349456787
ENSG00000240038.fa,Macaque,55,1.5934326648712158,19.603593349456787
ENSG00000240038.fa,Macaque,60,1.824664831161499,19.603593349456787
ENSG00000240038.fa,Macaque,65,3.7495884895324707,19.603593349456787
ENSG00000240038.fa,Macaque,70,3.6206047534942627,19.603593349456787
ENSG00000240038.fa,Macaque,75,4.880164623260498,19.603593349456787
ENSG00000240038.fa,Macaque,80,6.152944803237915,19.603593349456787
ENSG00000240038.fa,Macaque,85,5.96959114074707,19.603593349456787
ENSG00000240038.fa,Macaque,90,11.530340671539307,19.603593349456787
ENSG00000240038.fa,Macaque,95,11.53044056892395,19.603593349456787
ENSG00000132855.fa,Macaque,50,0.2763807773590088,3.829789638519287
ENSG00000132855.fa,Macaque,55,0.4195897579193115,3.829789638519287
ENSG00000132855.fa,Macaque,60,0.4449315071105957,3.829789638519287
ENSG00000132855.fa,Macaque,65,0.31931257247924805,3.829789638519287
ENSG00000132855.fa,Macaque,70,0.4871079921722412,3.829789638519287
ENSG00000132855.fa,Macaque,75,0.4766998291015625,3.829789638519287
ENSG00000132855.fa,Macaque,80,0.3547251224517822,3.829789638519287
ENSG00000132855.fa,Macaque,85,0.4826202392578125,3.829789638519287
ENSG00000132855.fa,Macaque,90,0.5029807090759277,3.829789638519287
ENSG00000132855.fa,Macaque,95,0.7310428619384766,3.829789638519287
ENSG00000116748.fa,Macaque,40,1.2314932346343994,31.3046293258667
ENSG00000116748.fa,Macaque,45,1.247710943222046,31.3046293258667
ENSG00000116748.fa,Macaque,50,1.318410873413086,31.3046293258667
ENSG00000116748.fa,Macaque,55,1.3912038803100586,31.3046293258667
ENSG00000116748.fa,Macaque,60,1.4633421897888184,31.3046293258667
ENSG00000116748.fa,Macaque,65,1.209878921508789,31.3046293258667
ENSG00000116748.fa,Macaque,70,1.1210215091705322,31.3046293258667
ENSG00000116748.fa,Macaque,75,1.4575529098510742,31.3046293258667
ENSG00000116748.fa,Macaque,80,1.4299020767211914,31.3046293258667
ENSG00000116748.fa,Macaque,85,3.2937166690826416,31.3046293258667
ENSG00000116748.fa,Macaque,90,3.262641429901123,31.3046293258667
ENSG00000116748.fa,Macaque,95,3.2838964462280273,31.3046293258667
ENSG00000171819.fa,Macaque,25,0.1868278980255127,2.145329713821411
ENSG00000171819.fa,Macaque,30,0.28762125968933105,2.145329713821411
ENSG00000171819.fa,Macaque,35,0.15978145599365234,2.145329713821411
ENSG00000171819.fa,Macaque,40,0.278933048248291,2.145329713821411
ENSG00000171819.fa,Macaque,45,0.2995731830596924,2.145329713821411
ENSG00000171819.fa,Macaque,50,0.1854240894317627,2.145329713821411
ENSG00000171819.fa,Macaque,55,0.328763484954834,2.145329713821411
ENSG00000171819.fa,Macaque,60,0.2514946460723877,2.145329713821411
ENSG00000171819.fa,Macaque,65,0.42825794219970703,2.145329713821411
ENSG00000171819.fa,Macaque,70,0.4375426769256592,2.145329713821411
ENSG00000171819.fa,Macaque,75,0.3186476230621338,2.145329713821411
ENSG00000171819.fa,Macaque,80,0.4287106990814209,2.145329713821411
ENSG00000171819.fa,Macaque,85,0.31348133087158203,2.145329713821411
ENSG00000171819.fa,Macaque,90,0.5304887294769287,2.145329713821411
ENSG00000171819.fa,Macaque,95,0.45910191535949707,2.145329713821411
ENSG00000272031.fa,Macaque,25,0.12557530403137207,1.3358075618743896
ENSG00000272031.fa,Macaque,30,0.12010502815246582,1.3358075618743896
ENSG00000272031.fa,Macaque,35,0.23351144790649414,1.3358075618743896
ENSG00000272031.fa,Macaque,40,0.11520147323608398,1.3358075618743896
ENSG00000272031.fa,Macaque,45,0.23641180992126465,1.3358075618743896
ENSG00000272031.fa,Macaque,50,0.11707448959350586,1.3358075618743896
ENSG00000272031.fa,Macaque,55,0.12324261665344238,1.3358075618743896
ENSG00000272031.fa,Macaque,60,0.24833226203918457,1.3358075618743896
ENSG00000272031.fa,Macaque,65,0.12048792839050293,1.3358075618743896
ENSG00000272031.fa,Macaque,70,0.25380659103393555,1.3358075618743896
ENSG00000272031.fa,Macaque,75,0.1483151912689209,1.3358075618743896
ENSG00000272031.fa,Macaque,80,0.2761805057525635,1.3358075618743896
ENSG00000272031.fa,Macaque,85,0.14939117431640625,1.3358075618743896
ENSG00000272031.fa,Macaque,90,0.2775688171386719,1.3358075618743896
ENSG00000272031.fa,Macaque,95,0.17963266372680664,1.3358075618743896
ENSG00000174606.fa,Macaque,75,1.6917345523834229,35.07978868484497
ENSG00000174606.fa,Macaque,80,1.7533760070800781,35.07978868484497
ENSG00000174606.fa,Macaque,85,2.075258255004883,35.07978868484497
ENSG00000174606.fa,Macaque,90,1.902432918548584,35.07978868484497
ENSG00000174606.fa,Macaque,95,2.093385696411133,35.07978868484497
ENSG00000116194.fa,Macaque,40,0.878899335861206,28.188026189804077
ENSG00000116194.fa,Macaque,45,0.7628889083862305,28.188026189804077
ENSG00000116194.fa,Macaque,50,0.7979438304901123,28.188026189804077
ENSG00000116194.fa,Macaque,55,0.8109376430511475,28.188026189804077
ENSG00000116194.fa,Macaque,60,1.036548376083374,28.188026189804077
ENSG00000116194.fa,Macaque,65,1.0277769565582275,28.188026189804077
ENSG00000116194.fa,Macaque,70,1.3060410022735596,28.188026189804077
ENSG00000116194.fa,Macaque,75,1.6175665855407715,28.188026189804077
ENSG00000116194.fa,Macaque,80,1.4618818759918213,28.188026189804077
ENSG00000116194.fa,Macaque,85,1.657423973083496,28.188026189804077
ENSG00000116194.fa,Macaque,90,1.6162335872650146,28.188026189804077
ENSG00000116194.fa,Macaque,95,1.8615550994873047,28.188026189804077
ENSG00000134262.fa,Macaque,30,0.42679834365844727,8.255082130432129
ENSG00000134262.fa,Macaque,35,0.2806105613708496,8.255082130432129
ENSG00000134262.fa,Macaque,40,0.52341628074646,8.255082130432129
ENSG00000134262.fa,Macaque,45,0.4093055725097656,8.255082130432129
ENSG00000134262.fa,Macaque,50,0.45632362365722656,8.255082130432129
ENSG00000134262.fa,Macaque,55,0.49485135078430176,8.255082130432129
ENSG00000134262.fa,Macaque,60,0.5241827964782715,8.255082130432129
ENSG00000134262.fa,Macaque,65,0.5319499969482422,8.255082130432129
ENSG00000134262.fa,Macaque,70,0.5766305923461914,8.255082130432129
ENSG00000134262.fa,Macaque,75,0.6699447631835938,8.255082130432129
ENSG00000134262.fa,Macaque,80,0.6995933055877686,8.255082130432129
ENSG00000134262.fa,Macaque,85,0.9435062408447266,8.255082130432129
ENSG00000134262.fa,Macaque,90,0.9786026477813721,8.255082130432129
ENSG00000134262.fa,Macaque,95,0.9376928806304932,8.255082130432129
ENSG00000143412.fa,Macaque,45,0.8711588382720947,11.271401166915894
ENSG00000143412.fa,Macaque,50,0.8063483238220215,11.271401166915894
ENSG00000143412.fa,Macaque,55,0.8614528179168701,11.271401166915894
ENSG00000143412.fa,Macaque,60,0.8604352474212646,11.271401166915894
ENSG00000143412.fa,Macaque,65,0.8932545185089111,11.271401166915894
ENSG00000143412.fa,Macaque,70,0.9059476852416992,11.271401166915894
ENSG00000143412.fa,Macaque,75,1.02536940574646,11.271401166915894
ENSG00000143412.fa,Macaque,80,1.0414199829101562,11.271401166915894
ENSG00000143412.fa,Macaque,85,1.1757433414459229,11.271401166915894
ENSG00000143412.fa,Macaque,90,1.165808916091919,11.271401166915894
ENSG00000143412.fa,Macaque,95,3.95874285697937,11.271401166915894
ENSG00000132703.fa,Macaque,15,0.025704622268676758,0.040961503982543945
ENSG00000132703.fa,Macaque,20,0.02809906005859375,0.040961503982543945
ENSG00000132703.fa,Macaque,25,0.02346634864807129,0.040961503982543945
ENSG00000132703.fa,Macaque,30,0.02456068992614746,0.040961503982543945
ENSG00000132703.fa,Macaque,35,0.024393320083618164,0.040961503982543945
ENSG00000132703.fa,Macaque,40,0.16602349281311035,0.040961503982543945
ENSG00000132703.fa,Macaque,45,0.027228832244873047,0.040961503982543945
ENSG00000132703.fa,Macaque,50,0.02550220489501953,0.040961503982543945
ENSG00000132703.fa,Macaque,55,0.02758622169494629,0.040961503982543945
ENSG00000132703.fa,Macaque,60,0.027640581130981445,0.040961503982543945
ENSG00000132703.fa,Macaque,65,0.027272462844848633,0.040961503982543945
ENSG00000132703.fa,Macaque,70,0.031781673431396484,0.040961503982543945
ENSG00000132703.fa,Macaque,75,0.03164219856262207,0.040961503982543945
ENSG00000132703.fa,Macaque,80,0.03170132637023926,0.040961503982543945
ENSG00000143401.fa,Macaque,85,2.4652931690216064,20.87685751914978
ENSG00000143401.fa,Macaque,90,2.3314106464385986,20.87685751914978
ENSG00000143401.fa,Macaque,95,2.7245984077453613,20.87685751914978
ENSG00000117362.fa,Macaque,35,0.0820305347442627,0.501483678817749
ENSG00000117362.fa,Macaque,40,0.08123302459716797,0.501483678817749
ENSG00000117362.fa,Macaque,45,0.18700575828552246,0.501483678817749
ENSG00000117362.fa,Macaque,50,0.08101534843444824,0.501483678817749
ENSG00000117362.fa,Macaque,55,0.08419299125671387,0.501483678817749
ENSG00000117362.fa,Macaque,60,0.19974422454833984,0.501483678817749
ENSG00000117362.fa,Macaque,65,0.08668899536132812,0.501483678817749
ENSG00000117362.fa,Macaque,70,0.07917261123657227,0.501483678817749
ENSG00000117362.fa,Macaque,75,0.18597698211669922,0.501483678817749
ENSG00000117362.fa,Macaque,80,0.07804083824157715,0.501483678817749
ENSG00000117362.fa,Macaque,85,0.07725286483764648,0.501483678817749
ENSG00000117362.fa,Macaque,90,0.18859076499938965,0.501483678817749
ENSG00000117362.fa,Macaque,95,0.0828547477722168,0.501483678817749
ENSG00000198483.fa,Macaque,45,1.3719980716705322,22.94312024116516
ENSG00000198483.fa,Macaque,50,1.4707114696502686,22.94312024116516
ENSG00000198483.fa,Macaque,55,1.2839863300323486,22.94312024116516
ENSG00000198483.fa,Macaque,60,1.0165796279907227,22.94312024116516
ENSG00000198483.fa,Macaque,65,1.0217831134796143,22.94312024116516
ENSG00000198483.fa,Macaque,70,1.4874005317687988,22.94312024116516
ENSG00000198483.fa,Macaque,75,1.3829472064971924,22.94312024116516
ENSG00000198483.fa,Macaque,80,1.6463806629180908,22.94312024116516
ENSG00000198483.fa,Macaque,85,1.5724430084228516,22.94312024116516
ENSG00000198483.fa,Macaque,90,1.8941850662231445,22.94312024116516
ENSG00000198483.fa,Macaque,95,4.285857439041138,22.94312024116516
ENSG00000158874.fa,Macaque,40,0.032468318939208984,0.059590816497802734
ENSG00000158874.fa,Macaque,45,0.028976917266845703,0.059590816497802734
ENSG00000158874.fa,Macaque,50,0.03381228446960449,0.059590816497802734
ENSG00000158874.fa,Macaque,55,0.03783297538757324,0.059590816497802734
ENSG00000158874.fa,Macaque,60,0.038365840911865234,0.059590816497802734
ENSG00000158874.fa,Macaque,65,0.036975860595703125,0.059590816497802734
ENSG00000158874.fa,Macaque,70,0.036779165267944336,0.059590816497802734
ENSG00000158874.fa,Macaque,75,0.13633513450622559,0.059590816497802734
ENSG00000158874.fa,Macaque,80,0.05043649673461914,0.059590816497802734
ENSG00000158874.fa,Macaque,85,0.05121254920959473,0.059590816497802734
ENSG00000158874.fa,Macaque,90,0.05046820640563965,0.059590816497802734
ENSG00000143595.fa,Macaque,30,0.23972558975219727,0.5579288005828857
ENSG00000143595.fa,Macaque,35,0.09965252876281738,0.5579288005828857
ENSG00000143595.fa,Macaque,40,0.21143484115600586,0.5579288005828857
ENSG00000143595.fa,Macaque,45,0.10925745964050293,0.5579288005828857
ENSG00000143595.fa,Macaque,50,0.10556459426879883,0.5579288005828857
ENSG00000143595.fa,Macaque,55,0.2525634765625,0.5579288005828857
ENSG00000143595.fa,Macaque,60,0.1306614875793457,0.5579288005828857
ENSG00000143595.fa,Macaque,65,0.31883907318115234,0.5579288005828857
ENSG00000143595.fa,Macaque,70,0.20674705505371094,0.5579288005828857
ENSG00000143595.fa,Macaque,75,0.21652936935424805,0.5579288005828857
ENSG00000143595.fa,Macaque,80,0.42690515518188477,0.5579288005828857
ENSG00000143595.fa,Macaque,85,0.31622767448425293,0.5579288005828857
ENSG00000143595.fa,Macaque,90,0.6520857810974121,0.5579288005828857
ENSG00000143595.fa,Macaque,95,0.6473865509033203,0.5579288005828857
ENSG00000173627.fa,Macaque,25,0.3527381420135498,2.5944106578826904
ENSG00000173627.fa,Macaque,30,0.1791832447052002,2.5944106578826904
ENSG00000173627.fa,Macaque,35,0.30211782455444336,2.5944106578826904
ENSG00000173627.fa,Macaque,40,0.19135475158691406,2.5944106578826904
ENSG00000173627.fa,Macaque,45,0.32266712188720703,2.5944106578826904
ENSG00000173627.fa,Macaque,50,0.35471034049987793,2.5944106578826904
ENSG00000173627.fa,Macaque,55,0.2347555160522461,2.5944106578826904
ENSG00000173627.fa,Macaque,60,0.40419983863830566,2.5944106578826904
ENSG00000173627.fa,Macaque,65,0.7050161361694336,2.5944106578826904
ENSG00000173627.fa,Macaque,70,2.0173568725585938,2.5944106578826904
ENSG00000173627.fa,Macaque,75,2.1434497833251953,2.5944106578826904
ENSG00000173627.fa,Macaque,80,2.1237170696258545,2.5944106578826904
ENSG00000173627.fa,Macaque,85,2.1397571563720703,2.5944106578826904
ENSG00000173627.fa,Macaque,90,2.124121904373169,2.5944106578826904
ENSG00000173627.fa,Macaque,95,2.1451640129089355,2.5944106578826904
ENSG00000142632-0.fa,Macaque,55,0.28067779541015625,1.159040927886963
ENSG00000142632-0.fa,Macaque,60,0.16295123100280762,1.159040927886963
ENSG00000142632-0.fa,Macaque,65,0.18914008140563965,1.159040927886963
ENSG00000142632-0.fa,Macaque,70,0.3511331081390381,1.159040927886963
ENSG00000142632-0.fa,Macaque,75,0.28711843490600586,1.159040927886963
ENSG00000142632-0.fa,Macaque,80,0.43396973609924316,1.159040927886963
ENSG00000142632-0.fa,Macaque,85,0.634209156036377,1.159040927886963
ENSG00000142632-0.fa,Macaque,90,0.5166783332824707,1.159040927886963
ENSG00000142632-0.fa,Macaque,95,0.6289389133453369,1.159040927886963
ENSG00000132694-0.fa,Macaque,45,0.7464187145233154,25.859886169433594
ENSG00000132694-0.fa,Macaque,50,0.7834274768829346,25.859886169433594
ENSG00000132694-0.fa,Macaque,55,0.8101112842559814,25.859886169433594
ENSG00000132694-0.fa,Macaque,60,1.0785455703735352,25.859886169433594
ENSG00000132694-0.fa,Macaque,65,0.9772295951843262,25.859886169433594
ENSG00000132694-0.fa,Macaque,70,1.2683300971984863,25.859886169433594
ENSG00000132694-0.fa,Macaque,75,1.4981281757354736,25.859886169433594
ENSG00000132694-0.fa,Macaque,80,1.437101125717163,25.859886169433594
ENSG00000132694-0.fa,Macaque,85,1.9508755207061768,25.859886169433594
ENSG00000132694-0.fa,Macaque,90,2.602226495742798,25.859886169433594
ENSG00000132694-0.fa,Macaque,95,3.000037670135498,25.859886169433594
ENSG00000186517.fa,Macaque,50,1.1484851837158203,31.066164255142212
ENSG00000186517.fa,Macaque,55,1.4863367080688477,31.066164255142212
ENSG00000186517.fa,Macaque,60,2.0585200786590576,31.066164255142212
ENSG00000186517.fa,Macaque,65,2.9664433002471924,31.066164255142212
ENSG00000186517.fa,Macaque,70,2.805102825164795,31.066164255142212
ENSG00000186517.fa,Macaque,75,5.777538299560547,31.066164255142212
ENSG00000186517.fa,Macaque,80,7.458875417709351,31.066164255142212
ENSG00000186517.fa,Macaque,85,7.734771013259888,31.066164255142212
ENSG00000186517.fa,Macaque,90,7.7314746379852295,31.066164255142212
ENSG00000186517.fa,Macaque,95,7.8116044998168945,31.066164255142212
ENSG00000130762.fa,Macaque,60,2.2849321365356445,44.39007568359375
ENSG00000130762.fa,Macaque,65,3.134319305419922,44.39007568359375
ENSG00000130762.fa,Macaque,70,3.1998207569122314,44.39007568359375
ENSG00000130762.fa,Macaque,75,5.522588491439819,44.39007568359375
ENSG00000130762.fa,Macaque,80,5.787256956100464,44.39007568359375
ENSG00000130762.fa,Macaque,85,10.497331380844116,44.39007568359375
ENSG00000130762.fa,Macaque,90,14.911199569702148,44.39007568359375
ENSG00000130762.fa,Macaque,95,15.000083208084106,44.39007568359375
