species,unique_id,kmer_size,seq_length,madb_time,madb_score,madb_distance,madb_bubbles,madb_braids,madb_cycles,madb_longest_braid_length,jaccard_distance,ensembl_pd,ensembl_score,cogent3_time,cogent3_score,cogent3_pd,madb_ungapped_sw_length,ungapped_sw_time
Chimpanzee,ENSG00000204518.fa,10,273,0.006043672561645508,269.97780490935605,0.01098901098901099,0,1,False,273,0.18556701030927836,0.01098901098901099,269.97780490935605,0.008650064468383789,269.97780490935605,0.01098901098901099,273,0.005671024322509766
Chimpanzee,ENSG00000204518.fa,15,273,0.004887580871582031,269.97780490935605,0.01098901098901099,0,1,False,273,0.25,0.01098901098901099,269.97780490935605,0.008650064468383789,269.97780490935605,0.01098901098901099,273,0.005671024322509766
Chimpanzee,ENSG00000204518.fa,20,273,0.0046863555908203125,269.97780490935605,0.01098901098901099,0,1,False,273,0.31229235880398676,0.01098901098901099,269.97780490935605,0.008650064468383789,269.97780490935605,0.01098901098901099,273,0.005671024322509766
Chimpanzee,ENSG00000204518.fa,25,273,0.004398822784423828,269.97780490935605,0.01098901098901099,0,1,False,273,0.3509933774834437,0.01098901098901099,269.97780490935605,0.008650064468383789,269.97780490935605,0.01098901098901099,273,0.005671024322509766
Chimpanzee,ENSG00000204518.fa,30,273,0.0052487850189208984,269.97780490935605,0.01098901098901099,0,1,False,273,0.3841059602649006,0.01098901098901099,269.97780490935605,0.008650064468383789,269.97780490935605,0.01098901098901099,273,0.005671024322509766
Chimpanzee,ENSG00000204518.fa,35,273,0.0044345855712890625,269.97780490935605,0.01098901098901099,0,1,False,273,0.41721854304635764,0.01098901098901099,269.97780490935605,0.008650064468383789,269.97780490935605,0.01098901098901099,273,0.005671024322509766
Chimpanzee,ENSG00000204518.fa,40,273,0.004300832748413086,269.97780490935605,0.01098901098901099,0,1,False,273,0.45033112582781454,0.01098901098901099,269.97780490935605,0.008650064468383789,269.97780490935605,0.01098901098901099,273,0.005671024322509766
Chimpanzee,ENSG00000204518.fa,45,273,0.004121303558349609,269.97780490935605,0.01098901098901099,0,1,False,273,0.48344370860927155,0.01098901098901099,269.97780490935605,0.008650064468383789,269.97780490935605,0.01098901098901099,273,0.005671024322509766
Chimpanzee,ENSG00000204518.fa,50,273,0.004009723663330078,269.97780490935605,0.01098901098901099,0,1,False,273,0.5165562913907285,0.01098901098901099,269.97780490935605,0.008650064468383789,269.97780490935605,0.01098901098901099,273,0.005671024322509766
Chimpanzee,ENSG00000204518.fa,55,273,0.004931211471557617,269.97780490935605,0.01098901098901099,0,1,False,273,0.5496688741721854,0.01098901098901099,269.97780490935605,0.008650064468383789,269.97780490935605,0.01098901098901099,273,0.005671024322509766
Chimpanzee,ENSG00000204518.fa,60,273,0.0038115978240966797,269.97780490935605,0.01098901098901099,0,1,False,273,0.5827814569536424,0.01098901098901099,269.97780490935605,0.008650064468383789,269.97780490935605,0.01098901098901099,273,0.005671024322509766
Chimpanzee,ENSG00000204518.fa,65,273,0.0038073062896728516,269.97780490935605,0.01098901098901099,0,1,False,273,0.5973154362416108,0.01098901098901099,269.97780490935605,0.008650064468383789,269.97780490935605,0.01098901098901099,273,0.005671024322509766
Chimpanzee,ENSG00000204518.fa,70,273,0.003925800323486328,269.97780490935605,0.01098901098901099,0,1,False,273,0.6075085324232081,0.01098901098901099,269.97780490935605,0.008650064468383789,269.97780490935605,0.01098901098901099,273,0.005671024322509766
Chimpanzee,ENSG00000204518.fa,75,273,0.003617525100708008,269.97780490935605,0.01098901098901099,0,1,False,273,0.6180555555555556,0.01098901098901099,269.97780490935605,0.008650064468383789,269.97780490935605,0.01098901098901099,273,0.005671024322509766
Chimpanzee,ENSG00000204518.fa,80,273,0.0035860538482666016,269.97780490935605,0.01098901098901099,0,1,False,273,0.6289752650176679,0.01098901098901099,269.97780490935605,0.008650064468383789,269.97780490935605,0.01098901098901099,273,0.005671024322509766
Chimpanzee,ENSG00000204518.fa,85,273,0.0035974979400634766,269.97780490935605,0.01098901098901099,0,1,False,273,0.6402877697841727,0.01098901098901099,269.97780490935605,0.008650064468383789,269.97780490935605,0.01098901098901099,273,0.005671024322509766
Chimpanzee,ENSG00000204518.fa,90,273,0.005277872085571289,269.97780490935605,0.01098901098901099,0,1,False,273,0.652014652014652,0.01098901098901099,269.97780490935605,0.008650064468383789,269.97780490935605,0.01098901098901099,273,0.005671024322509766
Chimpanzee,ENSG00000204518.fa,95,273,0.003317117691040039,269.97780490935605,0.01098901098901099,0,1,False,273,0.664179104477612,0.01098901098901099,269.97780490935605,0.008650064468383789,269.97780490935605,0.01098901098901099,273,0.005671024322509766
Chimpanzee,ENSG00000184389.fa,60,14423,0.4723951816558838,12354.73678774617,0.008562075044069504,13,14,False,2402,0.7015095544306107,0.011432251831575558,8193.906621684873,13.164615869522095,12354.73678774617,0.011505611632667466,14180,5.269479990005493
Chimpanzee,ENSG00000184389.fa,65,14423,0.47157955169677734,12354.73678774617,0.008524645509790683,13,14,False,2402,0.7212687573007458,0.011432251831575558,8193.906621684873,13.164615869522095,12354.73678774617,0.011505611632667466,14180,5.269479990005493
Chimpanzee,ENSG00000184389.fa,70,14423,0.48030829429626465,12354.73678774617,0.008524645509790683,13,14,False,2402,0.7398910492050135,0.011432251831575558,8193.906621684873,13.164615869522095,12354.73678774617,0.011505611632667466,14180,5.269479990005493
Chimpanzee,ENSG00000184389.fa,75,14423,0.5061030387878418,12354.73678774617,0.008027923211169284,12,13,False,2323,0.7573400908773156,0.011432251831575558,8193.906621684873,13.164615869522095,12354.73678774617,0.011505611632667466,14180,5.269479990005493
Chimpanzee,ENSG00000184389.fa,80,14423,0.5028781890869141,12354.73678774617,0.00788098822279288,12,13,False,2323,0.7731607335490831,0.011432251831575558,8193.906621684873,13.164615869522095,12354.73678774617,0.011505611632667466,14180,5.269479990005493
Chimpanzee,ENSG00000184389.fa,85,14423,0.5201051235198975,12354.73678774617,0.00788098822279288,12,13,False,2323,0.7878193372286433,0.011432251831575558,8193.906621684873,13.164615869522095,12354.73678774617,0.011505611632667466,14180,5.269479990005493
Chimpanzee,ENSG00000184389.fa,90,14423,0.352236270904541,12354.73678774617,0.007782449235173092,12,13,False,2323,0.8018386539029224,0.011432251831575558,8193.906621684873,13.164615869522095,12354.73678774617,0.011505611632667466,14180,5.269479990005493
Chimpanzee,ENSG00000184389.fa,95,14423,0.5565378665924072,12354.73678774617,0.007632200617844812,12,13,False,2323,0.8149044479679546,0.011432251831575558,8193.906621684873,13.164615869522095,12354.73678774617,0.011505611632667466,14180,5.269479990005493
Chimpanzee,ENSG00000143632.fa,40,3741,0.07537531852722168,3578.6491644890957,0.009529309846953509,4,5,False,1390,0.5759212811113255,0.01237224314147391,3588.616359587698,0.39345669746398926,3578.6491644890957,0.011834319526627219,3280,0.3670361042022705
Chimpanzee,ENSG00000143632.fa,45,3741,0.07411408424377441,3578.6491644890957,0.009529309846953509,4,5,False,1390,0.611864406779661,0.01237224314147391,3588.616359587698,0.39345669746398926,3578.6491644890957,0.011834319526627219,3280,0.3670361042022705
Chimpanzee,ENSG00000143632.fa,50,3741,0.07147836685180664,3578.6491644890957,0.009529309846953509,4,5,False,1390,0.6446326643343767,0.01237224314147391,3588.616359587698,0.39345669746398926,3578.6491644890957,0.011834319526627219,3280,0.3670361042022705
Chimpanzee,ENSG00000143632.fa,55,3741,0.18824315071105957,3578.6491644890957,0.009529309846953509,4,5,False,1390,0.6728651381115724,0.01237224314147391,3588.616359587698,0.39345669746398926,3578.6491644890957,0.011834319526627219,3280,0.3670361042022705
Chimpanzee,ENSG00000143632.fa,60,3741,0.07420754432678223,3578.6491644890957,0.009529309846953509,4,5,False,1390,0.6988656504785538,0.01237224314147391,3588.616359587698,0.39345669746398926,3578.6491644890957,0.011834319526627219,3280,0.3670361042022705
Chimpanzee,ENSG00000143632.fa,65,3741,0.07624602317810059,3578.6491644890957,0.00823672971323978,4,5,False,1390,0.7205933682373473,0.01237224314147391,3588.616359587698,0.39345669746398926,3578.6491644890957,0.011834319526627219,3280,0.3670361042022705
Chimpanzee,ENSG00000143632.fa,70,3741,0.07520818710327148,3578.6491644890957,0.00823672971323978,4,5,False,1390,0.7410146173688736,0.01237224314147391,3588.616359587698,0.39345669746398926,3578.6491644890957,0.011834319526627219,3280,0.3670361042022705
Chimpanzee,ENSG00000143632.fa,75,3741,0.19385266304016113,3578.6491644890957,0.00823672971323978,4,5,False,1390,0.7608474576271187,0.01237224314147391,3588.616359587698,0.39345669746398926,3578.6491644890957,0.011834319526627219,3280,0.3670361042022705
Chimpanzee,ENSG00000143632.fa,80,3741,0.07780861854553223,3578.6491644890957,0.007345575959933222,4,5,False,1390,0.7788927914366951,0.01237224314147391,3588.616359587698,0.39345669746398926,3578.6491644890957,0.011834319526627219,3280,0.3670361042022705
Chimpanzee,ENSG00000143632.fa,85,3741,0.07623958587646484,3578.6491644890957,0.007214015802129852,4,5,False,1306,0.7954733190153642,0.01237224314147391,3588.616359587698,0.39345669746398926,3578.6491644890957,0.011834319526627219,3280,0.3670361042022705
Chimpanzee,ENSG00000143632.fa,90,3741,0.19420742988586426,3578.6491644890957,0.007087172218284904,4,5,False,1306,0.8106827834041164,0.01237224314147391,3588.616359587698,0.39345669746398926,3578.6491644890957,0.011834319526627219,3280,0.3670361042022705
Chimpanzee,ENSG00000143632.fa,95,3741,0.07649564743041992,3578.6491644890957,0.007087172218284904,4,5,False,1306,0.8244139046079224,0.01237224314147391,3588.616359587698,0.39345669746398926,3578.6491644890957,0.011834319526627219,3280,0.3670361042022705
Chimpanzee,ENSG00000169717.fa,15,1437,0.02737903594970703,1423.920959676019,0.009046624913013222,0,1,False,1437,0.2156739811912226,0.009046624913013222,1423.920959676019,0.06905674934387207,1423.920959676019,0.009046624913013222,1437,0.06652617454528809
Chimpanzee,ENSG00000169717.fa,20,1437,0.02640223503112793,1423.920959676019,0.009046624913013222,0,1,False,1437,0.2675626145387905,0.009046624913013222,1423.920959676019,0.06905674934387207,1423.920959676019,0.009046624913013222,1437,0.06652617454528809
Chimpanzee,ENSG00000169717.fa,25,1437,0.02591538429260254,1423.920959676019,0.009046624913013222,0,1,False,1437,0.310818888224746,0.009046624913013222,1423.920959676019,0.06905674934387207,1423.920959676019,0.009046624913013222,1437,0.06652617454528809
Chimpanzee,ENSG00000169717.fa,30,1437,0.02702784538269043,1423.920959676019,0.009046624913013222,0,1,False,1437,0.3474178403755869,0.009046624913013222,1423.920959676019,0.06905674934387207,1423.920959676019,0.009046624913013222,1437,0.06652617454528809
Chimpanzee,ENSG00000169717.fa,35,1437,0.02620983123779297,1423.920959676019,0.009046624913013222,0,1,False,1437,0.3817762399077278,0.009046624913013222,1423.920959676019,0.06905674934387207,1423.920959676019,0.009046624913013222,1437,0.06652617454528809
Chimpanzee,ENSG00000169717.fa,40,1437,0.14479565620422363,1423.920959676019,0.009046624913013222,0,1,False,1437,0.41316685584562995,0.009046624913013222,1423.920959676019,0.06905674934387207,1423.920959676019,0.009046624913013222,1437,0.06652617454528809
Chimpanzee,ENSG00000169717.fa,45,1437,0.024439334869384766,1423.920959676019,0.009046624913013222,0,1,False,1437,0.4400895856662934,0.009046624913013222,1423.920959676019,0.06905674934387207,1423.920959676019,0.009046624913013222,1437,0.06652617454528809
Chimpanzee,ENSG00000169717.fa,50,1437,0.024506092071533203,1423.920959676019,0.009046624913013222,0,1,False,1437,0.4629014396456257,0.009046624913013222,1423.920959676019,0.06905674934387207,1423.920959676019,0.009046624913013222,1437,0.06652617454528809
Chimpanzee,ENSG00000169717.fa,55,1437,0.02427506446838379,1423.920959676019,0.009046624913013222,0,1,False,1437,0.48521358159912376,0.009046624913013222,1423.920959676019,0.06905674934387207,1423.920959676019,0.009046624913013222,1437,0.06652617454528809
Chimpanzee,ENSG00000169717.fa,60,1437,0.024143457412719727,1423.920959676019,0.009046624913013222,0,1,False,1437,0.5070422535211268,0.009046624913013222,1423.920959676019,0.06905674934387207,1423.920959676019,0.009046624913013222,1437,0.06652617454528809
Chimpanzee,ENSG00000169717.fa,65,1437,0.024770021438598633,1423.920959676019,0.009046624913013222,0,1,False,1437,0.5284030010718114,0.009046624913013222,1423.920959676019,0.06905674934387207,1423.920959676019,0.009046624913013222,1437,0.06652617454528809
Chimpanzee,ENSG00000169717.fa,70,1437,0.02404189109802246,1423.920959676019,0.009046624913013222,0,1,False,1437,0.5493107104984094,0.009046624913013222,1423.920959676019,0.06905674934387207,1423.920959676019,0.009046624913013222,1437,0.06652617454528809
Chimpanzee,ENSG00000169717.fa,75,1437,0.023380041122436523,1423.920959676019,0.009046624913013222,0,1,False,1437,0.5697796432318993,0.009046624913013222,1423.920959676019,0.06905674934387207,1423.920959676019,0.009046624913013222,1437,0.06652617454528809
Chimpanzee,ENSG00000169717.fa,80,1437,0.023556947708129883,1423.920959676019,0.009046624913013222,0,1,False,1437,0.5898234683281411,0.009046624913013222,1423.920959676019,0.06905674934387207,1423.920959676019,0.009046624913013222,1437,0.06652617454528809
Chimpanzee,ENSG00000169717.fa,85,1437,0.02386331558227539,1423.920959676019,0.009046624913013222,0,1,False,1437,0.6094552929085304,0.009046624913013222,1423.920959676019,0.06905674934387207,1423.920959676019,0.009046624913013222,1437,0.06652617454528809
Chimpanzee,ENSG00000169717.fa,90,1437,0.02455425262451172,1423.920959676019,0.009046624913013222,0,1,False,1437,0.6286876907426246,0.009046624913013222,1423.920959676019,0.06905674934387207,1423.920959676019,0.009046624913013222,1437,0.06652617454528809
Chimpanzee,ENSG00000169717.fa,95,1437,0.1346285343170166,1423.920959676019,0.009046624913013222,0,1,False,1437,0.6475327291037261,0.009046624913013222,1423.920959676019,0.06905674934387207,1423.920959676019,0.009046624913013222,1437,0.06652617454528809
Chimpanzee,ENSG00000134249-0.fa,10,1469,0.030997753143310547,1457.9447190992778,0.007488087134104833,0,1,False,1469,0.14012738853503182,0.007488087134104833,1457.9447190992778,0.07002615928649902,1457.9447190992778,0.007488087134104833,1469,0.06616973876953125
Chimpanzee,ENSG00000134249-0.fa,15,1469,0.029008150100708008,1457.9447190992778,0.007488087134104833,0,1,False,1469,0.20370370370370372,0.007488087134104833,1457.9447190992778,0.07002615928649902,1457.9447190992778,0.007488087134104833,1469,0.06616973876953125
Chimpanzee,ENSG00000134249-0.fa,20,1469,0.030162334442138672,1457.9447190992778,0.007488087134104833,0,1,False,1469,0.2613908872901679,0.007488087134104833,1457.9447190992778,0.07002615928649902,1457.9447190992778,0.007488087134104833,1469,0.06616973876953125
Chimpanzee,ENSG00000134249-0.fa,25,1469,0.02959918975830078,1457.9447190992778,0.007488087134104833,0,1,False,1469,0.31290134267367187,0.007488087134104833,1457.9447190992778,0.07002615928649902,1457.9447190992778,0.007488087134104833,1469,0.06616973876953125
Chimpanzee,ENSG00000134249-0.fa,30,1469,0.026736736297607422,1457.9447190992778,0.007488087134104833,0,1,False,1469,0.3617747440273038,0.007488087134104833,1457.9447190992778,0.07002615928649902,1457.9447190992778,0.007488087134104833,1469,0.06616973876953125
Chimpanzee,ENSG00000134249-0.fa,35,1469,0.02742624282836914,1457.9447190992778,0.007488087134104833,0,1,False,1469,0.40820854132002216,0.007488087134104833,1457.9447190992778,0.07002615928649902,1457.9447190992778,0.007488087134104833,1469,0.06616973876953125
Chimpanzee,ENSG00000134249-0.fa,40,1469,0.029736757278442383,1457.9447190992778,0.007488087134104833,0,1,False,1469,0.4515430427720628,0.007488087134104833,1457.9447190992778,0.07002615928649902,1457.9447190992778,0.007488087134104833,1469,0.06616973876953125
Chimpanzee,ENSG00000134249-0.fa,45,1469,0.025270462036132812,1457.9447190992778,0.007488087134104833,0,1,False,1469,0.4896661367249603,0.007488087134104833,1457.9447190992778,0.07002615928649902,1457.9447190992778,0.007488087134104833,1469,0.06616973876953125
Chimpanzee,ENSG00000134249-0.fa,50,1469,0.024677515029907227,1457.9447190992778,0.007488087134104833,0,1,False,1469,0.522372528616025,0.007488087134104833,1457.9447190992778,0.07002615928649902,1457.9447190992778,0.007488087134104833,1469,0.06616973876953125
Chimpanzee,ENSG00000134249-0.fa,55,1469,0.02455615997314453,1457.9447190992778,0.007488087134104833,0,1,False,1469,0.5502049180327868,0.007488087134104833,1457.9447190992778,0.07002615928649902,1457.9447190992778,0.007488087134104833,1469,0.06616973876953125
Chimpanzee,ENSG00000134249-0.fa,60,1469,0.024263381958007812,1457.9447190992778,0.007488087134104833,0,1,False,1469,0.5750378979282467,0.007488087134104833,1457.9447190992778,0.07002615928649902,1457.9447190992778,0.007488087134104833,1469,0.06616973876953125
Chimpanzee,ENSG00000134249-0.fa,65,1469,0.023556232452392578,1457.9447190992778,0.007488087134104833,0,1,False,1469,0.5978043912175648,0.007488087134104833,1457.9447190992778,0.07002615928649902,1457.9447190992778,0.007488087134104833,1469,0.06616973876953125
Chimpanzee,ENSG00000134249-0.fa,70,1469,0.21205639839172363,1457.9447190992778,0.007488087134104833,0,1,False,1469,0.6200098570724495,0.007488087134104833,1457.9447190992778,0.07002615928649902,1457.9447190992778,0.007488087134104833,1469,0.06616973876953125
Chimpanzee,ENSG00000134249-0.fa,75,1469,0.02367997169494629,1457.9447190992778,0.007488087134104833,0,1,False,1469,0.6416747809152872,0.007488087134104833,1457.9447190992778,0.07002615928649902,1457.9447190992778,0.007488087134104833,1469,0.06616973876953125
Chimpanzee,ENSG00000134249-0.fa,80,1469,0.0237886905670166,1457.9447190992778,0.007488087134104833,0,1,False,1469,0.6621751684311838,0.007488087134104833,1457.9447190992778,0.07002615928649902,1457.9447190992778,0.007488087134104833,1469,0.06616973876953125
Chimpanzee,ENSG00000134249-0.fa,85,1469,0.02352166175842285,1457.9447190992778,0.007488087134104833,0,1,False,1469,0.6796949475691134,0.007488087134104833,1457.9447190992778,0.07002615928649902,1457.9447190992778,0.007488087134104833,1469,0.06616973876953125
Chimpanzee,ENSG00000134249-0.fa,90,1469,0.022949695587158203,1457.9447190992778,0.007488087134104833,0,1,False,1469,0.6968838526912181,0.007488087134104833,1457.9447190992778,0.07002615928649902,1457.9447190992778,0.007488087134104833,1469,0.06616973876953125
Chimpanzee,ENSG00000134249-0.fa,95,1469,0.02308058738708496,1457.9447190992778,0.007488087134104833,0,1,False,1469,0.7137511693171188,0.007488087134104833,1457.9447190992778,0.07002615928649902,1457.9447190992778,0.007488087134104833,1469,0.06616973876953125
Chimpanzee,ENSG00000282608.fa,60,4506,0.09769606590270996,3402.614889934426,0.008549365692222834,3,4,True,1505,0.6750039080819135,0.012531969309462916,2760.5860041378814,0.5517609119415283,3364.67532092658,0.010719390185802763,3282,0.5001819133758545
Chimpanzee,ENSG00000282608.fa,65,4506,0.09589552879333496,3402.614889934426,0.008283347614967152,3,4,True,1505,0.6932902431517389,0.012531969309462916,2760.5860041378814,0.5517609119415283,3364.67532092658,0.010719390185802763,3282,0.5001819133758545
Chimpanzee,ENSG00000282608.fa,70,4506,0.21401405334472656,3402.614889934426,0.008283347614967152,3,4,True,1505,0.7094276605434948,0.012531969309462916,2760.5860041378814,0.5517609119415283,3364.67532092658,0.010719390185802763,3282,0.5001819133758545
Chimpanzee,ENSG00000282608.fa,75,4506,0.09806108474731445,3402.614889934426,0.008283347614967152,3,4,True,1505,0.7240810202550638,0.012531969309462916,2760.5860041378814,0.5517609119415283,3364.67532092658,0.010719390185802763,3282,0.5001819133758545
Chimpanzee,ENSG00000282608.fa,80,4506,0.09885501861572266,3364.67532092658,0.006740196078431373,3,4,True,1427,0.7360285374554103,0.012531969309462916,2760.5860041378814,0.5517609119415283,3364.67532092658,0.010719390185802763,3282,0.5001819133758545
Chimpanzee,ENSG00000282608.fa,85,4506,0.2279520034790039,3364.67532092658,0.006909547738693468,3,3,True,1427,0.7454625940681718,0.012531969309462916,2760.5860041378814,0.5517609119415283,3364.67532092658,0.010719390185802763,3282,0.5001819133758545
Chimpanzee,ENSG00000282608.fa,90,4506,0.10258722305297852,3364.67532092658,0.006909547738693468,3,3,True,1427,0.7544708296687188,0.012531969309462916,2760.5860041378814,0.5517609119415283,3364.67532092658,0.010719390185802763,3282,0.5001819133758545
Chimpanzee,ENSG00000282608.fa,95,4506,0.10064339637756348,3364.67532092658,0.006909547738693468,3,3,True,1427,0.763361001893112,0.012531969309462916,2760.5860041378814,0.5517609119415283,3364.67532092658,0.010719390185802763,3282,0.5001819133758545
Chimpanzee,ENSG00000116863.fa,30,5046,0.0926666259765625,1041.2944846363857,0.00808080808080808,5,6,False,1584,0.4178396330855606,0.009368148295794299,4881.703997216702,1.2551755905151367,4856.728695561272,0.008971291866028708,3527,0.6576418876647949
Chimpanzee,ENSG00000116863.fa,35,5046,0.0900120735168457,1041.2944846363857,0.00808080808080808,5,6,False,1584,0.4615147783251231,0.009368148295794299,4881.703997216702,1.2551755905151367,4856.728695561272,0.008971291866028708,3527,0.6576418876647949
Chimpanzee,ENSG00000116863.fa,40,5046,0.20973944664001465,1041.2944846363857,0.007798071003488611,5,6,False,1544,0.5004505857614899,0.009368148295794299,4881.703997216702,1.2551755905151367,4856.728695561272,0.008971291866028708,3527,0.6576418876647949
Chimpanzee,ENSG00000116863.fa,45,5046,0.09094429016113281,1041.2944846363857,0.007798071003488611,5,6,False,1544,0.5345283573317661,0.009368148295794299,4881.703997216702,1.2551755905151367,4856.728695561272,0.008971291866028708,3527,0.6576418876647949
Chimpanzee,ENSG00000116863.fa,50,5046,0.08982992172241211,1041.2944846363857,0.007798071003488611,5,6,False,1544,0.5648854961832062,0.009368148295794299,4881.703997216702,1.2551755905151367,4856.728695561272,0.008971291866028708,3527,0.6576418876647949
Chimpanzee,ENSG00000116863.fa,55,5046,0.2088942527770996,1041.2944846363857,0.007798071003488611,5,6,False,1544,0.5936705283978525,0.009368148295794299,4881.703997216702,1.2551755905151367,4856.728695561272,0.008971291866028708,3527,0.6576418876647949
Chimpanzee,ENSG00000116863.fa,60,5046,0.08930063247680664,1041.2944846363857,0.007000424268137463,5,6,False,1544,0.6202303316220341,0.009368148295794299,4881.703997216702,1.2551755905151367,4856.728695561272,0.008971291866028708,3527,0.6576418876647949
Chimpanzee,ENSG00000126070-0.fa,15,1060,0.017891407012939453,1056.9943253422748,0.002830188679245283,0,1,True,1060,0.08325624421831634,0.002830188679245283,1056.9943253422748,0.040555477142333984,1056.9943253422748,0.002830188679245283,1060,0.03599810600280762
Chimpanzee,ENSG00000126070-0.fa,20,1060,0.018086910247802734,1056.9943253422748,0.002830188679245283,0,1,True,1060,0.10948905109489049,0.002830188679245283,1056.9943253422748,0.040555477142333984,1056.9943253422748,0.002830188679245283,1060,0.03599810600280762
Chimpanzee,ENSG00000126070-0.fa,25,1060,0.01791071891784668,1056.9943253422748,0.002830188679245283,0,1,False,1060,0.135013501350135,0.002830188679245283,1056.9943253422748,0.040555477142333984,1056.9943253422748,0.002830188679245283,1060,0.03599810600280762
Chimpanzee,ENSG00000126070-0.fa,30,1060,0.01736903190612793,1056.9943253422748,0.002830188679245283,0,1,False,1060,0.16057091882247998,0.002830188679245283,1056.9943253422748,0.040555477142333984,1056.9943253422748,0.002830188679245283,1060,0.03599810600280762
Chimpanzee,ENSG00000126070-0.fa,35,1060,0.14911770820617676,1056.9943253422748,0.002830188679245283,0,1,False,1060,0.18567639257294433,0.002830188679245283,1056.9943253422748,0.040555477142333984,1056.9943253422748,0.002830188679245283,1060,0.03599810600280762
Chimpanzee,ENSG00000126070-0.fa,40,1060,0.01690840721130371,1056.9943253422748,0.002830188679245283,0,1,False,1060,0.2040457343887423,0.002830188679245283,1056.9943253422748,0.040555477142333984,1056.9943253422748,0.002830188679245283,1060,0.03599810600280762
Chimpanzee,ENSG00000126070-0.fa,45,1060,0.017516136169433594,1056.9943253422748,0.002830188679245283,0,1,False,1060,0.2206654991243433,0.002830188679245283,1056.9943253422748,0.040555477142333984,1056.9943253422748,0.002830188679245283,1060,0.03599810600280762
Chimpanzee,ENSG00000126070-0.fa,50,1060,0.017417430877685547,1056.9943253422748,0.002830188679245283,0,1,False,1060,0.23714036617262424,0.002830188679245283,1056.9943253422748,0.040555477142333984,1056.9943253422748,0.002830188679245283,1060,0.03599810600280762
Chimpanzee,ENSG00000126070-0.fa,55,1060,0.01718449592590332,1056.9943253422748,0.002830188679245283,0,1,False,1060,0.2534722222222222,0.002830188679245283,1056.9943253422748,0.040555477142333984,1056.9943253422748,0.002830188679245283,1060,0.03599810600280762
Chimpanzee,ENSG00000126070-0.fa,60,1060,0.01852703094482422,1056.9943253422748,0.002830188679245283,0,1,False,1060,0.2696629213483146,0.002830188679245283,1056.9943253422748,0.040555477142333984,1056.9943253422748,0.002830188679245283,1060,0.03599810600280762
Chimpanzee,ENSG00000126070-0.fa,65,1060,0.017276525497436523,1056.9943253422748,0.002830188679245283,0,1,False,1060,0.2857142857142857,0.002830188679245283,1056.9943253422748,0.040555477142333984,1056.9943253422748,0.002830188679245283,1060,0.03599810600280762
Chimpanzee,ENSG00000126070-0.fa,70,1060,0.017113208770751953,1056.9943253422748,0.002830188679245283,0,1,False,1060,0.30162810625535563,0.002830188679245283,1056.9943253422748,0.040555477142333984,1056.9943253422748,0.002830188679245283,1060,0.03599810600280762
Chimpanzee,ENSG00000126070-0.fa,75,1060,0.017132997512817383,1056.9943253422748,0.002830188679245283,0,1,False,1060,0.31740614334470985,0.002830188679245283,1056.9943253422748,0.040555477142333984,1056.9943253422748,0.002830188679245283,1060,0.03599810600280762
Chimpanzee,ENSG00000126070-0.fa,80,1060,0.01658010482788086,1056.9943253422748,0.002830188679245283,0,1,False,1060,0.33305012744265083,0.002830188679245283,1056.9943253422748,0.040555477142333984,1056.9943253422748,0.002830188679245283,1060,0.03599810600280762
Chimpanzee,ENSG00000126070-0.fa,85,1060,0.016154050827026367,1056.9943253422748,0.002830188679245283,0,1,False,1060,0.3485617597292724,0.002830188679245283,1056.9943253422748,0.040555477142333984,1056.9943253422748,0.002830188679245283,1060,0.03599810600280762
Chimpanzee,ENSG00000126070-0.fa,90,1060,0.016643524169921875,1056.9943253422748,0.002830188679245283,0,1,False,1060,0.36394271272114576,0.002830188679245283,1056.9943253422748,0.040555477142333984,1056.9943253422748,0.002830188679245283,1060,0.03599810600280762
Chimpanzee,ENSG00000126070-0.fa,95,1060,0.016220569610595703,1056.9943253422748,0.002830188679245283,0,1,False,1060,0.3791946308724832,0.002830188679245283,1056.9943253422748,0.040555477142333984,1056.9943253422748,0.002830188679245283,1060,0.03599810600280762
Chimpanzee,ENSG00000186094-1.fa,50,11335,0.210160493850708,10993.112099332655,0.009187212899596888,10,11,False,4073,0.611689993217831,0.010901356022334486,10990.097331182506,7.29657244682312,10916.19738291967,0.01028368794326241,9180,3.260664701461792
Chimpanzee,ENSG00000186094-1.fa,55,11335,0.35323286056518555,10993.112099332655,0.009086606720302887,10,11,False,4073,0.6397316571981144,0.010901356022334486,10990.097331182506,7.29657244682312,10916.19738291967,0.01028368794326241,9180,3.260664701461792
Chimpanzee,ENSG00000186094-1.fa,60,11335,0.3424086570739746,10993.112099332655,0.009086606720302887,10,11,False,4073,0.6661330487371042,0.010901356022334486,10990.097331182506,7.29657244682312,10916.19738291967,0.01028368794326241,9180,3.260664701461792
Chimpanzee,ENSG00000186094-1.fa,65,11335,0.3324263095855713,10993.112099332655,0.009030646555865116,9,10,False,4073,0.6897978208937832,0.010901356022334486,10990.097331182506,7.29657244682312,10916.19738291967,0.01028368794326241,9180,3.260664701461792
Chimpanzee,ENSG00000186094-1.fa,70,11335,0.21347713470458984,10993.112099332655,0.009030646555865116,9,10,False,4073,0.7102197739140415,0.010901356022334486,10990.097331182506,7.29657244682312,10916.19738291967,0.01028368794326241,9180,3.260664701461792
Chimpanzee,ENSG00000186094-1.fa,75,11335,0.3597278594970703,10991.11201987343,0.00888151473745852,9,10,False,4073,0.7285948729556901,0.010901356022334486,10990.097331182506,7.29657244682312,10916.19738291967,0.01028368794326241,9180,3.260664701461792
Chimpanzee,ENSG00000186094-1.fa,80,11335,0.3382563591003418,10991.11201987343,0.00885216878135143,9,10,False,4073,0.7452788021007934,0.010901356022334486,10990.097331182506,7.29657244682312,10916.19738291967,0.01028368794326241,9180,3.260664701461792
Chimpanzee,ENSG00000186094-1.fa,85,11335,0.2083587646484375,10991.11201987343,0.00892325996430696,8,9,False,4073,0.7608611647805685,0.010901356022334486,10990.097331182506,7.29657244682312,10916.19738291967,0.01028368794326241,9180,3.260664701461792
Chimpanzee,ENSG00000186094-1.fa,90,11335,0.35642337799072266,10991.11201987343,0.00892325996430696,8,9,False,4073,0.7756739059260067,0.010901356022334486,10990.097331182506,7.29657244682312,10916.19738291967,0.01028368794326241,9180,3.260664701461792
Chimpanzee,ENSG00000186094-1.fa,95,11335,0.3354325294494629,10991.11201987343,0.008805283169901942,8,9,False,4073,0.7894964106439251,0.010901356022334486,10990.097331182506,7.29657244682312,10916.19738291967,0.01028368794326241,9180,3.260664701461792
Chimpanzee,ENSG00000188157-0.fa,15,3340,0.04761648178100586,-1150.0291205556084,0.00631768953068592,1,2,True,707,0.705704799275581,0.0071492403932082215,-1152.03837333475,0.18207883834838867,-1150.0291205556084,0.0062056737588652485,1023,0.10404348373413086
Chimpanzee,ENSG00000188157-0.fa,20,3340,0.2030184268951416,-1150.0291205556084,0.00631768953068592,1,2,True,707,0.7210068924183398,0.0071492403932082215,-1152.03837333475,0.18207883834838867,-1150.0291205556084,0.0062056737588652485,1023,0.10404348373413086
Chimpanzee,ENSG00000188157-0.fa,25,3340,0.04708695411682129,-1150.0291205556084,0.00631768953068592,1,2,True,707,0.7323187108325873,0.0071492403932082215,-1152.03837333475,0.18207883834838867,-1150.0291205556084,0.0062056737588652485,1023,0.10404348373413086
Chimpanzee,ENSG00000188157-0.fa,30,3340,0.045606374740600586,-1150.0291205556084,0.00631768953068592,1,2,True,707,0.7420410592085689,0.0071492403932082215,-1152.03837333475,0.18207883834838867,-1150.0291205556084,0.0062056737588652485,1023,0.10404348373413086
Chimpanzee,ENSG00000188157-0.fa,35,3340,0.04697394371032715,-1150.0291205556084,0.00631768953068592,1,2,True,707,0.7517057253040641,0.0071492403932082215,-1152.03837333475,0.18207883834838867,-1150.0291205556084,0.0062056737588652485,1023,0.10404348373413086
Chimpanzee,ENSG00000188157-0.fa,40,3340,0.14565253257751465,-1150.0291205556084,0.00631768953068592,1,2,True,707,0.7613132209405501,0.0071492403932082215,-1152.03837333475,0.18207883834838867,-1150.0291205556084,0.0062056737588652485,1023,0.10404348373413086
Chimpanzee,ENSG00000188157-0.fa,45,3340,0.04595661163330078,-1150.0291205556084,0.00631768953068592,1,2,True,707,0.7701386839775746,0.0071492403932082215,-1152.03837333475,0.18207883834838867,-1150.0291205556084,0.0062056737588652485,1023,0.10404348373413086
Chimpanzee,ENSG00000188157-0.fa,50,3340,0.04587125778198242,-1150.0291205556084,0.00631768953068592,1,2,True,707,0.7760401298318088,0.0071492403932082215,-1152.03837333475,0.18207883834838867,-1150.0291205556084,0.0062056737588652485,1023,0.10404348373413086
Chimpanzee,ENSG00000188157-0.fa,55,3340,0.0453343391418457,-1150.0291205556084,0.00631768953068592,1,2,True,707,0.7819415756860431,0.0071492403932082215,-1152.03837333475,0.18207883834838867,-1150.0291205556084,0.0062056737588652485,1023,0.10404348373413086
Chimpanzee,ENSG00000188157-0.fa,60,3340,0.045958757400512695,-1150.0291205556084,0.00631768953068592,1,2,True,707,0.7878430215402774,0.0071492403932082215,-1152.03837333475,0.18207883834838867,-1150.0291205556084,0.0062056737588652485,1023,0.10404348373413086
Chimpanzee,ENSG00000188157-0.fa,65,3340,0.15342259407043457,-1150.0291205556084,0.00631768953068592,1,2,True,707,0.7937444673945117,0.0071492403932082215,-1152.03837333475,0.18207883834838867,-1150.0291205556084,0.0062056737588652485,1023,0.10404348373413086
Chimpanzee,ENSG00000188157-0.fa,70,3340,0.04579973220825195,-1150.0291205556084,0.00631768953068592,1,2,True,707,0.7996459132487459,0.0071492403932082215,-1152.03837333475,0.18207883834838867,-1150.0291205556084,0.0062056737588652485,1023,0.10404348373413086
Chimpanzee,ENSG00000188157-0.fa,75,3340,0.0459439754486084,-1150.0291205556084,0.00631768953068592,1,2,True,707,0.8055473591029803,0.0071492403932082215,-1152.03837333475,0.18207883834838867,-1150.0291205556084,0.0062056737588652485,1023,0.10404348373413086
Chimpanzee,ENSG00000188157-0.fa,80,3340,0.04580378532409668,-1150.0291205556084,0.00631768953068592,1,2,True,707,0.8114488049572145,0.0071492403932082215,-1152.03837333475,0.18207883834838867,-1150.0291205556084,0.0062056737588652485,1023,0.10404348373413086
Chimpanzee,ENSG00000188157-0.fa,85,3340,0.04642915725708008,-1150.0291205556084,0.00631768953068592,1,2,True,707,0.8173502508114487,0.0071492403932082215,-1152.03837333475,0.18207883834838867,-1150.0291205556084,0.0062056737588652485,1023,0.10404348373413086
Chimpanzee,ENSG00000188157-0.fa,90,3340,0.1608889102935791,-1150.0291205556084,0.00631768953068592,1,2,True,707,0.8232516966656831,0.0071492403932082215,-1152.03837333475,0.18207883834838867,-1150.0291205556084,0.0062056737588652485,1023,0.10404348373413086
Chimpanzee,ENSG00000188157-0.fa,95,3340,0.04549360275268555,-1150.0291205556084,0.00631768953068592,1,2,True,707,0.8291531425199173,0.0071492403932082215,-1152.03837333475,0.18207883834838867,-1150.0291205556084,0.0062056737588652485,1023,0.10404348373413086
Chimpanzee,ENSG00000188157-1.fa,15,1061,0.020282268524169922,1044.8369562309342,0.015080113100848256,0,1,False,1061,0.3485804416403786,0.015080113100848256,1044.8369562309342,0.03946638107299805,1044.8369562309342,0.015080113100848256,1061,0.03731870651245117
Chimpanzee,ENSG00000188157-1.fa,20,1061,0.02020716667175293,1044.8369562309342,0.015080113100848256,0,1,False,1061,0.43660915228807207,0.015080113100848256,1044.8369562309342,0.03946638107299805,1044.8369562309342,0.015080113100848256,1061,0.03731870651245117
Chimpanzee,ENSG00000188157-1.fa,25,1061,0.019575834274291992,1044.8369562309342,0.015080113100848256,0,1,False,1061,0.5164520743919885,0.015080113100848256,1044.8369562309342,0.03946638107299805,1044.8369562309342,0.015080113100848256,1061,0.03731870651245117
Chimpanzee,ENSG00000188157-1.fa,30,1061,0.018900394439697266,1044.8369562309342,0.015080113100848256,0,1,False,1061,0.5872689938398357,0.015080113100848256,1044.8369562309342,0.03946638107299805,1044.8369562309342,0.015080113100848256,1061,0.03731870651245117
Chimpanzee,ENSG00000188157-1.fa,35,1061,0.018868684768676758,1044.8369562309342,0.015080113100848256,0,1,False,1061,0.6451187335092348,0.015080113100848256,1044.8369562309342,0.03946638107299805,1044.8369562309342,0.015080113100848256,1061,0.03731870651245117
Chimpanzee,ENSG00000188157-1.fa,40,1061,0.018460750579833984,1044.8369562309342,0.015080113100848256,0,1,False,1061,0.6989178866963717,0.015080113100848256,1044.8369562309342,0.03946638107299805,1044.8369562309342,0.015080113100848256,1061,0.03731870651245117
Chimpanzee,ENSG00000188157-1.fa,45,1061,0.0183258056640625,1044.8369562309342,0.015080113100848256,0,1,False,1061,0.7490774907749078,0.015080113100848256,1044.8369562309342,0.03946638107299805,1044.8369562309342,0.015080113100848256,1061,0.03731870651245117
Chimpanzee,ENSG00000188157-1.fa,50,1061,0.017783641815185547,1044.8369562309342,0.015080113100848256,0,1,False,1061,0.7938021454112039,0.015080113100848256,1044.8369562309342,0.03946638107299805,1044.8369562309342,0.015080113100848256,1061,0.03731870651245117
Chimpanzee,ENSG00000188157-1.fa,55,1061,0.017061471939086914,1044.8369562309342,0.015080113100848256,0,1,False,1061,0.8263403263403264,0.015080113100848256,1044.8369562309342,0.03946638107299805,1044.8369562309342,0.015080113100848256,1061,0.03731870651245117
Chimpanzee,ENSG00000188157-1.fa,60,1061,0.016429662704467773,1044.8369562309342,0.015080113100848256,0,1,False,1061,0.8528906697195192,0.015080113100848256,1044.8369562309342,0.03946638107299805,1044.8369562309342,0.015080113100848256,1061,0.03731870651245117
Chimpanzee,ENSG00000188157-1.fa,65,1061,0.01742863655090332,1044.8369562309342,0.015080113100848256,0,1,False,1061,0.8766197183098592,0.015080113100848256,1044.8369562309342,0.03946638107299805,1044.8369562309342,0.015080113100848256,1061,0.03731870651245117
Chimpanzee,ENSG00000188157-1.fa,70,1061,0.015221118927001953,1044.8369562309342,0.015080113100848256,0,1,False,1061,0.8940914158305463,0.015080113100848256,1044.8369562309342,0.03946638107299805,1044.8369562309342,0.015080113100848256,1061,0.03731870651245117
Chimpanzee,ENSG00000188157-1.fa,75,1061,0.16381287574768066,1044.8369562309342,0.015080113100848256,0,1,False,1061,0.9087893864013267,0.015080113100848256,1044.8369562309342,0.03946638107299805,1044.8369562309342,0.015080113100848256,1061,0.03731870651245117
Chimpanzee,ENSG00000188157-1.fa,80,1061,0.015535593032836914,1044.8369562309342,0.015080113100848256,0,1,False,1061,0.9232456140350878,0.015080113100848256,1044.8369562309342,0.03946638107299805,1044.8369562309342,0.015080113100848256,1061,0.03731870651245117
Chimpanzee,ENSG00000188157-1.fa,85,1061,0.015742063522338867,1044.8369562309342,0.015080113100848256,0,1,False,1061,0.9374660141381186,0.015080113100848256,1044.8369562309342,0.03946638107299805,1044.8369562309342,0.015080113100848256,1061,0.03731870651245117
Chimpanzee,ENSG00000188157-1.fa,90,1061,0.015498876571655273,1044.8369562309342,0.015080113100848256,0,1,False,1061,0.9514563106796117,0.015080113100848256,1044.8369562309342,0.03946638107299805,1044.8369562309342,0.015080113100848256,1061,0.03731870651245117
Chimpanzee,ENSG00000188157-1.fa,95,1061,0.01485753059387207,1044.8369562309342,0.015080113100848256,0,1,False,1061,0.9635584137191854,0.015080113100848256,1044.8369562309342,0.03946638107299805,1044.8369562309342,0.015080113100848256,1061,0.03731870651245117
Chimpanzee,ENSG00000153207-0.fa,10,1134,0.021247386932373047,978.6440584210718,0.08067375886524823,7,7,True,410,0.2215088282504013,0.009892086330935251,980.9268137974814,0.04427361488342285,1010.9269463570936,0.009874326750448833,608,0.0383150577545166
Chimpanzee,ENSG00000153207-0.fa,15,1134,0.020614147186279297,986.4448681590684,0.004599816007359705,6,7,False,410,0.30015313935681465,0.009892086330935251,980.9268137974814,0.04427361488342285,1010.9269463570936,0.009874326750448833,608,0.0383150577545166
Chimpanzee,ENSG00000153207-0.fa,20,1134,0.01977062225341797,986.4448681590684,0.004599816007359705,6,7,False,410,0.37020648967551617,0.009892086330935251,980.9268137974814,0.04427361488342285,1010.9269463570936,0.009874326750448833,608,0.0383150577545166
Chimpanzee,ENSG00000153207-0.fa,25,1134,0.022294044494628906,982.4381112709084,0.00375234521575985,6,7,False,410,0.43081312410841655,0.009892086330935251,980.9268137974814,0.04427361488342285,1010.9269463570936,0.009874326750448833,608,0.0383150577545166
Chimpanzee,ENSG00000153207-0.fa,30,1134,0.023052692413330078,982.4381112709084,0.00375234521575985,6,7,False,410,0.48652384243261926,0.009892086330935251,980.9268137974814,0.04427361488342285,1010.9269463570936,0.009874326750448833,608,0.0383150577545166
Chimpanzee,ENSG00000153207-0.fa,35,1134,0.022656917572021484,982.4381112709084,0.00375234521575985,6,7,False,410,0.5388739946380697,0.009892086330935251,980.9268137974814,0.04427361488342285,1010.9269463570936,0.009874326750448833,608,0.0383150577545166
Chimpanzee,ENSG00000177674-0.fa,70,11495,0.2406001091003418,11040.862862856613,0.009786476868327402,8,7,False,4750,0.7281954048628151,0.012581913499344692,11053.778455371234,7.479712963104248,10990.92751610529,0.011791422831688356,7155,3.3543007373809814
Chimpanzee,ENSG00000177674-0.fa,75,11495,0.3782508373260498,11040.862862856613,0.00975609756097561,8,7,False,4750,0.7466461403122938,0.012581913499344692,11053.778455371234,7.479712963104248,10990.92751610529,0.011791422831688356,7155,3.3543007373809814
Chimpanzee,ENSG00000177674-0.fa,80,11495,0.35951828956604004,11040.862862856613,0.009731139646869984,8,7,False,4750,0.7638474475126132,0.012581913499344692,11053.778455371234,7.479712963104248,10990.92751610529,0.011791422831688356,7155,3.3543007373809814
Chimpanzee,ENSG00000177674-0.fa,85,11495,0.22446155548095703,11040.862862856613,0.009731139646869984,8,7,False,4750,0.7797481918028395,0.012581913499344692,11053.778455371234,7.479712963104248,10990.92751610529,0.011791422831688356,7155,3.3543007373809814
Chimpanzee,ENSG00000177674-0.fa,90,11495,0.3779134750366211,11040.862862856613,0.009562982005141388,8,7,False,4750,0.7944929838496161,0.012581913499344692,11053.778455371234,7.479712963104248,10990.92751610529,0.011791422831688356,7155,3.3543007373809814
Chimpanzee,ENSG00000177674-0.fa,95,11495,0.3588237762451172,11040.862862856613,0.009463394342762063,8,7,False,4750,0.8083368244658568,0.012581913499344692,11053.778455371234,7.479712963104248,10990.92751610529,0.011791422831688356,7155,3.3543007373809814
Chimpanzee,ENSG00000154027-0.fa,15,728,0.013207674026489258,722.9769654934607,0.006868131868131868,0,1,False,728,0.17391304347826086,0.006868131868131868,722.9769654934607,0.023360490798950195,722.9769654934607,0.006868131868131868,728,0.019836902618408203
Chimpanzee,ENSG00000154027-0.fa,20,728,0.013299226760864258,722.9769654934607,0.006868131868131868,0,1,False,728,0.22082810539523212,0.006868131868131868,722.9769654934607,0.023360490798950195,722.9769654934607,0.006868131868131868,728,0.019836902618408203
Chimpanzee,ENSG00000154027-0.fa,25,728,0.012646198272705078,722.9769654934607,0.006868131868131868,0,1,False,728,0.2660098522167488,0.006868131868131868,722.9769654934607,0.023360490798950195,722.9769654934607,0.006868131868131868,728,0.019836902618408203
Chimpanzee,ENSG00000154027-0.fa,30,728,0.013804435729980469,722.9769654934607,0.006868131868131868,0,1,False,728,0.3095525997581621,0.006868131868131868,722.9769654934607,0.023360490798950195,722.9769654934607,0.006868131868131868,728,0.019836902618408203
Chimpanzee,ENSG00000154027-0.fa,35,728,0.01238107681274414,722.9769654934607,0.006868131868131868,0,1,False,728,0.35154394299287406,0.006868131868131868,722.9769654934607,0.023360490798950195,722.9769654934607,0.006868131868131868,728,0.019836902618408203
Chimpanzee,ENSG00000154027-0.fa,40,728,0.01316976547241211,722.9769654934607,0.006868131868131868,0,1,False,728,0.38262910798122063,0.006868131868131868,722.9769654934607,0.023360490798950195,722.9769654934607,0.006868131868131868,728,0.019836902618408203
Chimpanzee,ENSG00000154027-0.fa,45,728,0.012172222137451172,722.9769654934607,0.006868131868131868,0,1,False,728,0.41299303944315546,0.006868131868131868,722.9769654934607,0.023360490798950195,722.9769654934607,0.006868131868131868,728,0.019836902618408203
Chimpanzee,ENSG00000154027-0.fa,50,728,0.012104988098144531,722.9769654934607,0.006868131868131868,0,1,False,728,0.44266055045871555,0.006868131868131868,722.9769654934607,0.023360490798950195,722.9769654934607,0.006868131868131868,728,0.019836902618408203
Chimpanzee,ENSG00000154027-0.fa,55,728,0.012618780136108398,722.9769654934607,0.006868131868131868,0,1,False,728,0.47165532879818595,0.006868131868131868,722.9769654934607,0.023360490798950195,722.9769654934607,0.006868131868131868,728,0.019836902618408203
Chimpanzee,ENSG00000154027-0.fa,60,728,0.013657569885253906,722.9769654934607,0.006868131868131868,0,1,False,728,0.5,0.006868131868131868,722.9769654934607,0.023360490798950195,722.9769654934607,0.006868131868131868,728,0.019836902618408203
Chimpanzee,ENSG00000154027-0.fa,65,728,0.012616634368896484,722.9769654934607,0.006868131868131868,0,1,False,728,0.5277161862527716,0.006868131868131868,722.9769654934607,0.023360490798950195,722.9769654934607,0.006868131868131868,728,0.019836902618408203
Chimpanzee,ENSG00000154027-0.fa,70,728,0.011239767074584961,722.9769654934607,0.006868131868131868,0,1,False,728,0.553238199780461,0.006868131868131868,722.9769654934607,0.023360490798950195,722.9769654934607,0.006868131868131868,728,0.019836902618408203
Chimpanzee,ENSG00000154027-0.fa,75,728,0.012023210525512695,722.9769654934607,0.006868131868131868,0,1,False,728,0.5720524017467249,0.006868131868131868,722.9769654934607,0.023360490798950195,722.9769654934607,0.006868131868131868,728,0.019836902618408203
Chimpanzee,ENSG00000154027-0.fa,80,728,0.012553215026855469,722.9769654934607,0.006868131868131868,0,1,False,728,0.5906623235613464,0.006868131868131868,722.9769654934607,0.023360490798950195,722.9769654934607,0.006868131868131868,728,0.019836902618408203
Chimpanzee,ENSG00000154027-0.fa,85,728,0.013106584548950195,722.9769654934607,0.006868131868131868,0,1,False,728,0.6090712742980562,0.006868131868131868,722.9769654934607,0.023360490798950195,722.9769654934607,0.006868131868131868,728,0.019836902618408203
Chimpanzee,ENSG00000154027-0.fa,90,728,0.010643243789672852,722.9769654934607,0.006868131868131868,0,1,False,728,0.6272824919441461,0.006868131868131868,722.9769654934607,0.023360490798950195,722.9769654934607,0.006868131868131868,728,0.019836902618408203
Chimpanzee,ENSG00000154027-0.fa,95,728,0.011212348937988281,722.9769654934607,0.006868131868131868,0,1,False,728,0.6409431939978564,0.006868131868131868,722.9769654934607,0.023360490798950195,722.9769654934607,0.006868131868131868,728,0.019836902618408203
Chimpanzee,ENSG00000174574-0.fa,75,6894,0.2573251724243164,6620.533413534753,0.008177952240758913,7,8,False,2124,0.7077200645712658,0.010526315789473684,6522.489958903939,2.3012900352478027,6618.533344934518,0.01005391228325805,4122,1.222954511642456
Chimpanzee,ENSG00000174574-0.fa,80,6894,0.12868452072143555,6620.533413534753,0.008177952240758913,7,8,False,2124,0.7250140633789612,0.010526315789473684,6522.489958903939,2.3012900352478027,6618.533344934518,0.01005391228325805,4122,1.222954511642456
Chimpanzee,ENSG00000174574-0.fa,85,6894,0.2528266906738281,6620.533413534753,0.00786347666053204,7,8,False,2124,0.741409650828934,0.010526315789473684,6522.489958903939,2.3012900352478027,6618.533344934518,0.01005391228325805,4122,1.222954511642456
Chimpanzee,ENSG00000174574-0.fa,90,6894,0.13263702392578125,6620.533413534753,0.00798233695652174,6,7,False,2124,0.7561601172483283,0.010526315789473684,6522.489958903939,2.3012900352478027,6618.533344934518,0.01005391228325805,4122,1.222954511642456
Chimpanzee,ENSG00000174574-0.fa,95,6894,0.24813294410705566,6620.533413534753,0.007937877480586712,6,7,False,2124,0.7694749251836401,0.010526315789473684,6522.489958903939,2.3012900352478027,6618.533344934518,0.01005391228325805,4122,1.222954511642456
Chimpanzee,ENSG00000174574-1.fa,30,7938,0.2852959632873535,-206.0,0.008452535760728219,11,12,True,2591,0.45682888540031397,0.01105463786531131,7544.352460176659,3.063687324523926,7493.396709924314,0.010670731707317074,6714,1.5832886695861816
Chimpanzee,ENSG00000053371-1.fa,10,273,0.004038572311401367,-32.00528637639525,0.007874015748031496,1,1,False,127,0.6058394160583942,0.007874015748031496,-32.00528637639525,0.00484919548034668,-32.00528637639525,0.007874015748031496,127,0.004217624664306641
Chimpanzee,ENSG00000053371-1.fa,15,273,0.0032379627227783203,-32.00528637639525,0.007874015748031496,1,1,False,127,0.6423357664233577,0.007874015748031496,-32.00528637639525,0.00484919548034668,-32.00528637639525,0.007874015748031496,127,0.004217624664306641
Chimpanzee,ENSG00000053371-1.fa,20,273,0.0031042098999023438,-32.00528637639525,0.007874015748031496,1,1,False,127,0.6788321167883211,0.007874015748031496,-32.00528637639525,0.00484919548034668,-32.00528637639525,0.007874015748031496,127,0.004217624664306641
Chimpanzee,ENSG00000053371-1.fa,25,273,0.005518436431884766,-32.00528637639525,0.0,1,1,False,103,0.7106227106227105,0.007874015748031496,-32.00528637639525,0.00484919548034668,-32.00528637639525,0.007874015748031496,127,0.004217624664306641
Chimpanzee,ENSG00000053371-1.fa,30,273,0.005228281021118164,-32.00528637639525,0.0,1,1,False,103,0.7238805970149254,0.007874015748031496,-32.00528637639525,0.00484919548034668,-32.00528637639525,0.007874015748031496,127,0.004217624664306641
Chimpanzee,ENSG00000053371-1.fa,35,273,0.005995512008666992,-32.00528637639525,0.0,1,1,False,103,0.7376425855513308,0.007874015748031496,-32.00528637639525,0.00484919548034668,-32.00528637639525,0.007874015748031496,127,0.004217624664306641
Chimpanzee,ENSG00000053371-1.fa,40,273,0.004949808120727539,-32.00528637639525,0.0,1,1,False,103,0.751937984496124,0.007874015748031496,-32.00528637639525,0.00484919548034668,-32.00528637639525,0.007874015748031496,127,0.004217624664306641
Chimpanzee,ENSG00000053371-1.fa,45,273,0.004791975021362305,-32.00528637639525,0.0,1,1,False,103,0.766798418972332,0.007874015748031496,-32.00528637639525,0.00484919548034668,-32.00528637639525,0.007874015748031496,127,0.004217624664306641
Chimpanzee,ENSG00000053371-1.fa,50,273,0.004934072494506836,-32.00528637639525,0.0,1,1,False,103,0.782258064516129,0.007874015748031496,-32.00528637639525,0.00484919548034668,-32.00528637639525,0.007874015748031496,127,0.004217624664306641
Chimpanzee,ENSG00000053371-1.fa,55,273,0.004956960678100586,-32.00528637639525,0.0,1,1,False,103,0.7983539094650206,0.007874015748031496,-32.00528637639525,0.00484919548034668,-32.00528637639525,0.007874015748031496,127,0.004217624664306641
Chimpanzee,ENSG00000053371-1.fa,60,273,0.004733085632324219,-32.00528637639525,0.0,1,1,False,103,0.8151260504201681,0.007874015748031496,-32.00528637639525,0.00484919548034668,-32.00528637639525,0.007874015748031496,127,0.004217624664306641
Chimpanzee,ENSG00000053371-1.fa,65,273,0.005805492401123047,-32.00528637639525,0.0,1,1,False,103,0.8326180257510729,0.007874015748031496,-32.00528637639525,0.00484919548034668,-32.00528637639525,0.007874015748031496,127,0.004217624664306641
Chimpanzee,ENSG00000053371-1.fa,70,273,0.004685640335083008,-32.00528637639525,0.0,1,1,False,103,0.8508771929824561,0.007874015748031496,-32.00528637639525,0.00484919548034668,-32.00528637639525,0.007874015748031496,127,0.004217624664306641
Chimpanzee,ENSG00000053371-1.fa,75,273,0.0045795440673828125,-32.00528637639525,0.0,1,1,False,103,0.8699551569506727,0.007874015748031496,-32.00528637639525,0.00484919548034668,-32.00528637639525,0.007874015748031496,127,0.004217624664306641
Chimpanzee,ENSG00000053371-1.fa,80,273,0.004830360412597656,-32.00528637639525,0.0,1,1,False,103,0.8899082568807339,0.007874015748031496,-32.00528637639525,0.00484919548034668,-32.00528637639525,0.007874015748031496,127,0.004217624664306641
Chimpanzee,ENSG00000053371-1.fa,85,273,0.004579305648803711,-32.00528637639525,0.0,1,1,False,103,0.9107981220657277,0.007874015748031496,-32.00528637639525,0.00484919548034668,-32.00528637639525,0.007874015748031496,127,0.004217624664306641
Chimpanzee,ENSG00000053371-1.fa,90,273,0.004479646682739258,-32.00528637639525,0.0,1,1,False,103,0.9326923076923077,0.007874015748031496,-32.00528637639525,0.00484919548034668,-32.00528637639525,0.007874015748031496,127,0.004217624664306641
Chimpanzee,ENSG00000053371-1.fa,95,273,0.004640102386474609,-32.00528637639525,0.0,1,1,False,103,0.9556650246305418,0.007874015748031496,-32.00528637639525,0.00484919548034668,-32.00528637639525,0.007874015748031496,127,0.004217624664306641
Chimpanzee,ENSG00000117448-1.fa,70,10161,0.17572259902954102,5867.687321147698,0.004328379743182802,10,10,False,2213,0.6807268481354448,0.009179926560587515,723.6297788555548,4.676515579223633,5833.686671230488,0.0075297546757347586,5088,2.127993106842041
Chimpanzee,ENSG00000117448-1.fa,75,10161,0.3130934238433838,5867.687321147698,0.004328379743182802,10,10,False,2213,0.6956082057208899,0.009179926560587515,723.6297788555548,4.676515579223633,5833.686671230488,0.0075297546757347586,5088,2.127993106842041
Chimpanzee,ENSG00000117448-1.fa,80,10161,0.3052361011505127,5867.687321147698,0.004328379743182802,10,10,False,2213,0.7096358823950211,0.009179926560587515,723.6297788555548,4.676515579223633,5833.686671230488,0.0075297546757347586,5088,2.127993106842041
Chimpanzee,ENSG00000117448-1.fa,85,10161,0.17831182479858398,5867.687321147698,0.004236050248320187,10,10,False,2213,0.7233952104293608,0.009179926560587515,723.6297788555548,4.676515579223633,5833.686671230488,0.0075297546757347586,5088,2.127993106842041
Chimpanzee,ENSG00000117448-1.fa,90,10161,0.32580041885375977,5867.687321147698,0.004084720121028744,9,9,False,2213,0.7357403765102557,0.009179926560587515,723.6297788555548,4.676515579223633,5833.686671230488,0.0075297546757347586,5088,2.127993106842041
Chimpanzee,ENSG00000117448-1.fa,95,10161,0.19513559341430664,5867.687321147698,0.004084720121028744,9,9,False,2213,0.7472649989547766,0.009179926560587515,723.6297788555548,4.676515579223633,5833.686671230488,0.0075297546757347586,5088,2.127993106842041
Chimpanzee,ENSG00000162482.fa,45,6239,0.13025712966918945,5924.117339797365,0.011551724137931034,8,9,False,1585,0.6359818764504366,0.015854854527623405,5656.960036880173,1.8925671577453613,5866.1937342915635,0.013888888888888888,3306,0.9859378337860107
Chimpanzee,ENSG00000162482.fa,50,6239,0.24924778938293457,5924.117339797365,0.01124978027772895,8,9,False,1585,0.6646816803811173,0.015854854527623405,5656.960036880173,1.8925671577453613,5866.1937342915635,0.013888888888888888,3306,0.9859378337860107
Chimpanzee,ENSG00000162482.fa,55,6239,0.1200418472290039,5916.116762304512,0.010943667025475421,8,9,False,1531,0.6909921393669003,0.015854854527623405,5656.960036880173,1.8925671577453613,5866.1937342915635,0.013888888888888888,3306,0.9859378337860107
Chimpanzee,ENSG00000162482.fa,60,6239,0.24205827713012695,5891.155689348999,0.010558893136719462,8,9,False,1531,0.7151205259313367,0.015854854527623405,5656.960036880173,1.8925671577453613,5866.1937342915635,0.013888888888888888,3306,0.9859378337860107
Chimpanzee,ENSG00000162482.fa,65,6239,0.12252092361450195,5891.155689348999,0.009981167608286252,8,9,False,1531,0.7363393590797043,0.015854854527623405,5656.960036880173,1.8925671577453613,5866.1937342915635,0.013888888888888888,3306,0.9859378337860107
Chimpanzee,ENSG00000162482.fa,70,6239,0.26819920539855957,5891.155689348999,0.009916094584286803,8,9,False,1531,0.7560210483707751,0.015854854527623405,5656.960036880173,1.8925671577453613,5866.1937342915635,0.013888888888888888,3306,0.9859378337860107
Chimpanzee,ENSG00000162482.fa,75,6239,0.13149285316467285,5866.1937342915635,0.009435856253764304,7,8,False,1531,0.7740293442459327,0.015854854527623405,5656.960036880173,1.8925671577453613,5866.1937342915635,0.013888888888888888,3306,0.9859378337860107
Chimpanzee,ENSG00000162482.fa,80,6239,0.26618480682373047,5866.1937342915635,0.009383924928600572,7,8,False,1531,0.790599132834056,0.015854854527623405,5656.960036880173,1.8925671577453613,5866.1937342915635,0.013888888888888888,3306,0.9859378337860107
Chimpanzee,ENSG00000162482.fa,85,6239,0.1370854377746582,5866.1937342915635,0.00933997509339975,7,8,False,1531,0.8061721183800623,0.015854854527623405,5656.960036880173,1.8925671577453613,5866.1937342915635,0.013888888888888888,3306,0.9859378337860107
Chimpanzee,ENSG00000162482.fa,90,6239,0.2677464485168457,5866.1937342915635,0.00933997509339975,7,8,False,1531,0.8209199384141648,0.015854854527623405,5656.960036880173,1.8925671577453613,5866.1937342915635,0.013888888888888888,3306,0.9859378337860107
Chimpanzee,ENSG00000162482.fa,95,6239,0.13544726371765137,5866.1937342915635,0.00933997509339975,7,8,False,1531,0.8349985726520126,0.015854854527623405,5656.960036880173,1.8925671577453613,5866.1937342915635,0.013888888888888888,3306,0.9859378337860107
Chimpanzee,ENSG00000053371-0.fa,50,9900,0.3040759563446045,9500.375038416883,0.013726541554959785,15,16,False,2291,0.7170906718851924,0.015715299604582785,9451.353038417497,5.682537317276001,9450.458604107813,0.015205271160669031,7285,2.485579490661621
Chimpanzee,ENSG00000053371-0.fa,55,9900,0.3090369701385498,9500.375038416883,0.013483885112913836,15,16,False,2291,0.7463647959183674,0.015715299604582785,9451.353038417497,5.682537317276001,9450.458604107813,0.015205271160669031,7285,2.485579490661621
Chimpanzee,ENSG00000053371-0.fa,60,9900,0.19711899757385254,9500.375038416883,0.01348289145705869,13,14,False,2232,0.7702947987732365,0.015715299604582785,9451.353038417497,5.682537317276001,9450.458604107813,0.015205271160669031,7285,2.485579490661621
Chimpanzee,ENSG00000053371-0.fa,65,9900,0.32273387908935547,9500.375038416883,0.012886290418804439,13,13,False,2232,0.7908251231527094,0.015715299604582785,9451.353038417497,5.682537317276001,9450.458604107813,0.015205271160669031,7285,2.485579490661621
Chimpanzee,ENSG00000053371-0.fa,70,9900,0.19422197341918945,9500.375038416883,0.012039220553555914,13,13,False,2232,0.8092580234180671,0.015715299604582785,9451.353038417497,5.682537317276001,9450.458604107813,0.015205271160669031,7285,2.485579490661621
Chimpanzee,ENSG00000053371-0.fa,75,9900,0.3544580936431885,9500.375038416883,0.0114705503286506,12,12,False,2232,0.8256106321839081,0.015715299604582785,9451.353038417497,5.682537317276001,9450.458604107813,0.015205271160669031,7285,2.485579490661621
Chimpanzee,ENSG00000053371-0.fa,80,9900,0.31067347526550293,9500.375038416883,0.011363636363636364,11,11,False,2118,0.8398224852071006,0.015715299604582785,9451.353038417497,5.682537317276001,9450.458604107813,0.015205271160669031,7285,2.485579490661621
Chimpanzee,ENSG00000053371-0.fa,85,9900,0.3373377323150635,9500.375038416883,0.011235955056179775,11,11,False,2118,0.8520297580692402,0.015715299604582785,9451.353038417497,5.682537317276001,9450.458604107813,0.015205271160669031,7285,2.485579490661621
Chimpanzee,ENSG00000053371-0.fa,90,9900,0.2074880599975586,9500.375038416883,0.01136978884677856,10,10,False,2118,0.8630057467928252,0.015715299604582785,9451.353038417497,5.682537317276001,9450.458604107813,0.015205271160669031,7285,2.485579490661621
Chimpanzee,ENSG00000053371-0.fa,95,9900,0.34483814239501953,9500.375038416883,0.01136978884677856,10,10,False,2118,0.8731364761411385,0.015715299604582785,9451.353038417497,5.682537317276001,9450.458604107813,0.015205271160669031,7285,2.485579490661621
Chimpanzee,ENSG00000211454-1.fa,60,1454,0.02624654769897461,1406.9216195270783,0.008683068017366137,2,2,False,826,0.5695942475603493,0.008971704623878536,1406.9216195270783,0.06756806373596191,1406.9216195270783,0.008971704623878536,1323,0.06330609321594238
Chimpanzee,ENSG00000211454-1.fa,65,1454,0.027068614959716797,1406.9216195270783,0.008683068017366137,2,2,False,826,0.5892221657346213,0.008971704623878536,1406.9216195270783,0.06756806373596191,1406.9216195270783,0.008971704623878536,1323,0.06330609321594238
Chimpanzee,ENSG00000211454-1.fa,70,1454,0.027039289474487305,1406.9216195270783,0.008683068017366137,2,2,False,826,0.6084549572219426,0.008971704623878536,1406.9216195270783,0.06756806373596191,1406.9216195270783,0.008971704623878536,1323,0.06330609321594238
Chimpanzee,ENSG00000211454-1.fa,75,1454,0.02846550941467285,1406.9216195270783,0.008683068017366137,2,2,False,826,0.6273044344793224,0.008971704623878536,1406.9216195270783,0.06756806373596191,1406.9216195270783,0.008971704623878536,1323,0.06330609321594238
Chimpanzee,ENSG00000211454-1.fa,80,1454,0.02696681022644043,1406.9216195270783,0.008683068017366137,2,2,False,826,0.6457819437592501,0.008971704623878536,1406.9216195270783,0.06756806373596191,1406.9216195270783,0.008971704623878536,1323,0.06330609321594238
Chimpanzee,ENSG00000211454-1.fa,85,1454,0.0266573429107666,1406.9216195270783,0.008683068017366137,2,2,False,826,0.6638983878847093,0.008971704623878536,1406.9216195270783,0.06756806373596191,1406.9216195270783,0.008971704623878536,1323,0.06330609321594238
Chimpanzee,ENSG00000211454-1.fa,90,1454,0.026437997817993164,1406.9216195270783,0.008683068017366137,2,2,False,826,0.6816642477019835,0.008971704623878536,1406.9216195270783,0.06756806373596191,1406.9216195270783,0.008971704623878536,1323,0.06330609321594238
Chimpanzee,ENSG00000211454-1.fa,95,1454,0.128281831741333,1406.9216195270783,0.008683068017366137,2,2,False,826,0.6990896022999521,0.008971704623878536,1406.9216195270783,0.06756806373596191,1406.9216195270783,0.008971704623878536,1323,0.06330609321594238
Chimpanzee,ENSG00000211454-0.fa,30,6977,0.449324369430542,2824.298986988216,0.02118071203244705,9,10,False,913,0.7950410274705673,0.05194197473093121,3351.90720241132,2.3223180770874023,2731.5649957027354,0.027613412228796843,1608,1.1666927337646484
Chimpanzee,ENSG00000211454-0.fa,35,6977,0.30705809593200684,2824.298986988216,0.02100646352723915,8,9,False,913,0.8235294117647058,0.05194197473093121,3351.90720241132,2.3223180770874023,2731.5649957027354,0.027613412228796843,1608,1.1666927337646484
Chimpanzee,ENSG00000211454-0.fa,40,6977,0.4277019500732422,2799.377345251324,0.019942335415665546,8,9,False,802,0.847008547008547,0.05194197473093121,3351.90720241132,2.3223180770874023,2731.5649957027354,0.027613412228796843,1608,1.1666927337646484
Chimpanzee,ENSG00000211454-0.fa,45,6977,0.42511487007141113,2799.377345251324,0.01947395042994436,8,9,False,802,0.865415369076677,0.05194197473093121,3351.90720241132,2.3223180770874023,2731.5649957027354,0.027613412228796843,1608,1.1666927337646484
Chimpanzee,ENSG00000211454-0.fa,50,6977,0.3141746520996094,2799.377345251324,0.01829601310759148,8,9,False,653,0.8801130695044895,0.05194197473093121,3351.90720241132,2.3223180770874023,2731.5649957027354,0.027613412228796843,1608,1.1666927337646484
Chimpanzee,ENSG00000211454-0.fa,55,6977,0.44233250617980957,2799.377345251324,0.018207282913165267,8,9,False,653,0.8933651237359204,0.05194197473093121,3351.90720241132,2.3223180770874023,2731.5649957027354,0.027613412228796843,1608,1.1666927337646484
Chimpanzee,ENSG00000211454-0.fa,60,6977,0.3418765068054199,2756.4886553467704,0.015011178537208559,8,9,False,622,0.9050797785737544,0.05194197473093121,3351.90720241132,2.3223180770874023,2731.5649957027354,0.027613412228796843,1608,1.1666927337646484
Chimpanzee,ENSG00000211454-0.fa,65,6977,0.4615304470062256,2756.4886553467704,0.014478446857518921,8,9,False,622,0.9146410401356698,0.05194197473093121,3351.90720241132,2.3223180770874023,2731.5649957027354,0.027613412228796843,1608,1.1666927337646484
Chimpanzee,ENSG00000211454-0.fa,70,6977,0.46649789810180664,2756.4886553467704,0.013854351687388987,8,9,False,622,0.9229288635816826,0.05194197473093121,3351.90720241132,2.3223180770874023,2731.5649957027354,0.027613412228796843,1608,1.1666927337646484
Chimpanzee,ENSG00000211454-0.fa,75,6977,0.3936018943786621,2756.4886553467704,0.011023622047244094,7,8,False,622,0.9295684773071707,0.05194197473093121,3351.90720241132,2.3223180770874023,2731.5649957027354,0.027613412228796843,1608,1.1666927337646484
Chimpanzee,ENSG00000211454-0.fa,80,6977,0.5560979843139648,2756.4886553467704,0.011372867587327376,6,7,False,622,0.9353763099396634,0.05194197473093121,3351.90720241132,2.3223180770874023,2731.5649957027354,0.027613412228796843,1608,1.1666927337646484
Chimpanzee,ENSG00000211454-0.fa,85,6977,0.4369804859161377,2756.4886553467704,0.01114723641430562,6,7,False,538,0.9406277176061348,0.05194197473093121,3351.90720241132,2.3223180770874023,2731.5649957027354,0.027613412228796843,1608,1.1666927337646484
Chimpanzee,ENSG00000211454-0.fa,90,6977,0.558358907699585,2731.5649957027354,0.007533902561526871,6,7,False,538,0.9450878436933743,0.05194197473093121,3351.90720241132,2.3223180770874023,2731.5649957027354,0.027613412228796843,1608,1.1666927337646484
Chimpanzee,ENSG00000211454-0.fa,95,6977,0.5721337795257568,2731.5649957027354,0.005454545454545455,6,6,False,538,0.9486917576805217,0.05194197473093121,3351.90720241132,2.3223180770874023,2731.5649957027354,0.027613412228796843,1608,1.1666927337646484
Chimpanzee,ENSG00000156150.fa,50,10914,0.22864699363708496,10280.245126035681,0.00842612097502257,12,12,False,2188,0.610728757959735,0.01103896103896104,10319.115553140142,6.699259042739868,10255.272379686192,0.010015765556895113,10694,3.09295392036438
Chimpanzee,ENSG00000156150.fa,55,10914,0.32800912857055664,10280.245126035681,0.008089289371288142,11,11,False,2188,0.6379179810725553,0.01103896103896104,10319.115553140142,6.699259042739868,10255.272379686192,0.010015765556895113,10694,3.09295392036438
Chimpanzee,ENSG00000156150.fa,60,10914,0.33385539054870605,10255.272379686192,0.007743134420813545,11,11,False,2188,0.6622652036451553,0.01103896103896104,10319.115553140142,6.699259042739868,10255.272379686192,0.010015765556895113,10694,3.09295392036438
Chimpanzee,ENSG00000156150.fa,65,10914,0.20692038536071777,10255.272379686192,0.007589935537533791,11,11,False,2188,0.6840146430750458,0.01103896103896104,10319.115553140142,6.699259042739868,10255.272379686192,0.010015765556895113,10694,3.09295392036438
Chimpanzee,ENSG00000156150.fa,70,10914,0.3368375301361084,10255.272379686192,0.007589935537533791,11,11,False,2188,0.7038417603559189,0.01103896103896104,10319.115553140142,6.699259042739868,10255.272379686192,0.010015765556895113,10694,3.09295392036438
Chimpanzee,ENSG00000156150.fa,75,10914,0.33196449279785156,10255.272379686192,0.007589935537533791,11,11,False,2188,0.7224922930993598,0.01103896103896104,10319.115553140142,6.699259042739868,10255.272379686192,0.010015765556895113,10694,3.09295392036438
Chimpanzee,ENSG00000156150.fa,80,10914,0.20654797554016113,10255.272379686192,0.007547961002201489,11,11,False,2188,0.7404093567251462,0.01103896103896104,10319.115553140142,6.699259042739868,10255.272379686192,0.010015765556895113,10694,3.09295392036438
Chimpanzee,ENSG00000156150.fa,85,10914,0.3380703926086426,10255.272379686192,0.007547961002201489,11,11,False,2188,0.7569143714995092,0.01103896103896104,10319.115553140142,6.699259042739868,10255.272379686192,0.010015765556895113,10694,3.09295392036438
Chimpanzee,ENSG00000156150.fa,90,10914,0.335176944732666,10255.272379686192,0.007453151618398637,11,11,False,2188,0.7723071656777727,0.01103896103896104,10319.115553140142,6.699259042739868,10255.272379686192,0.010015765556895113,10694,3.09295392036438
Chimpanzee,ENSG00000156150.fa,95,10914,0.21602177619934082,10255.272379686192,0.006656719843911397,11,11,False,2094,0.7865846778743089,0.01103896103896104,10319.115553140142,6.699259042739868,10255.272379686192,0.010015765556895113,10694,3.09295392036438
Chimpanzee,ENSG00000116337.fa,40,15969,0.4169619083404541,12246.82816336456,0.003965506388871404,7,8,False,4221,0.28841810947413704,0.004265729878928549,15748.805883853747,14.19217586517334,15749.811561729553,0.0042029985571796,14528,6.474602222442627
Chimpanzee,ENSG00000116337.fa,45,15969,0.4173450469970703,12240.714928937565,0.0038032454361054766,7,8,False,4221,0.3154941506537504,0.004265729878928549,15748.805883853747,14.19217586517334,15749.811561729553,0.0042029985571796,14528,6.474602222442627
Chimpanzee,ENSG00000116337.fa,50,15969,0.28145289421081543,12240.714928937565,0.0038032454361054766,7,8,False,4221,0.3407051950761527,0.004265729878928549,15748.805883853747,14.19217586517334,15749.811561729553,0.0042029985571796,14528,6.474602222442627
Chimpanzee,ENSG00000116337.fa,55,15969,0.4324038028717041,12240.714928937565,0.0038032454361054766,7,8,False,4221,0.3646834987401656,0.004265729878928549,15748.805883853747,14.19217586517334,15749.811561729553,0.0042029985571796,14528,6.474602222442627
Chimpanzee,ENSG00000116337.fa,60,15969,0.40920543670654297,12240.714928937565,0.003817522427944264,6,7,False,4221,0.3871753246753247,0.004265729878928549,15748.805883853747,14.19217586517334,15749.811561729553,0.0042029985571796,14528,6.474602222442627
Chimpanzee,ENSG00000116337.fa,65,15969,0.411052942276001,12240.714928937565,0.003817522427944264,6,7,False,4221,0.40795471622501633,0.004265729878928549,15748.805883853747,14.19217586517334,15749.811561729553,0.0042029985571796,14528,6.474602222442627
Chimpanzee,ENSG00000116337.fa,70,15969,0.4119436740875244,12240.714928937565,0.003817522427944264,6,7,False,4221,0.42782918501657674,0.004265729878928549,15748.805883853747,14.19217586517334,15749.811561729553,0.0042029985571796,14528,6.474602222442627
Chimpanzee,ENSG00000171819.fa,75,6629,0.23818564414978027,6537.756826597005,0.006682206682206682,3,3,False,3605,0.5777994791666667,0.007395110172049502,6537.756826597005,2.1260931491851807,6537.756826597005,0.007395110172049502,6627,1.2228591442108154
Chimpanzee,ENSG00000171819.fa,80,6629,0.1156911849975586,6537.756826597005,0.006682206682206682,3,3,False,3605,0.5970005356186395,0.007395110172049502,6537.756826597005,2.1260931491851807,6537.756826597005,0.007395110172049502,6627,1.2228591442108154
Chimpanzee,ENSG00000171819.fa,85,6629,0.11144590377807617,6537.756826597005,0.006682206682206682,3,3,False,3605,0.6133714770078407,0.007395110172049502,6537.756826597005,2.1260931491851807,6537.756826597005,0.007395110172049502,6627,1.2228591442108154
Chimpanzee,ENSG00000171819.fa,90,6629,0.24225950241088867,6537.756826597005,0.006682206682206682,3,3,False,3605,0.6289578527993289,0.007395110172049502,6537.756826597005,2.1260931491851807,6537.756826597005,0.007395110172049502,6627,1.2228591442108154
Chimpanzee,ENSG00000171819.fa,95,6629,0.11294269561767578,6537.756826597005,0.006682206682206682,3,3,False,3605,0.64422079269558,0.007395110172049502,6537.756826597005,2.1260931491851807,6537.756826597005,0.007395110172049502,6627,1.2228591442108154
Chimpanzee,ENSG00000134262.fa,20,11530,0.4167745113372803,3712.151832786256,0.006793241595540847,6,7,True,3332,0.2457788983115593,0.0072142546718817905,11258.5982327646,7.641735076904297,11282.654562802478,0.006689253757275649,5381,3.445598602294922
Chimpanzee,ENSG00000134262.fa,25,11530,0.3248012065887451,3712.151832786256,0.006793241595540847,6,7,True,3332,0.29274996285841626,0.0072142546718817905,11258.5982327646,7.641735076904297,11282.654562802478,0.006689253757275649,5381,3.445598602294922
Chimpanzee,ENSG00000134262.fa,30,11530,0.21195673942565918,3712.151832786256,0.006793241595540847,6,7,False,3332,0.3366143156980531,0.0072142546718817905,11258.5982327646,7.641735076904297,11282.654562802478,0.006689253757275649,5381,3.445598602294922
Chimpanzee,ENSG00000134262.fa,35,11530,0.34798598289489746,3712.151832786256,0.006793241595540847,6,7,False,3332,0.37772756161288046,0.0072142546718817905,11258.5982327646,7.641735076904297,11282.654562802478,0.006689253757275649,5381,3.445598602294922
Chimpanzee,ENSG00000134262.fa,55,11530,0.3522834777832031,11332.617688871043,0.006521547545606768,6,7,False,3332,0.5119070793588996,0.0072142546718817905,11258.5982327646,7.641735076904297,11282.654562802478,0.006689253757275649,5381,3.445598602294922
Chimpanzee,ENSG00000134262.fa,60,11530,0.20855093002319336,11332.617688871043,0.006338153901089091,6,7,False,3332,0.5391919449400968,0.0072142546718817905,11258.5982327646,7.641735076904297,11282.654562802478,0.006689253757275649,5381,3.445598602294922
Chimpanzee,ENSG00000134262.fa,65,11530,0.3373587131500244,11332.617688871043,0.006338153901089091,6,7,False,3332,0.5646181795401867,0.0072142546718817905,11258.5982327646,7.641735076904297,11282.654562802478,0.006689253757275649,5381,3.445598602294922
Chimpanzee,ENSG00000134262.fa,70,11530,0.3348267078399658,11332.617688871043,0.006216776286151905,6,7,False,3332,0.5890216855593888,0.0072142546718817905,11258.5982327646,7.641735076904297,11282.654562802478,0.006689253757275649,5381,3.445598602294922
Chimpanzee,ENSG00000134262.fa,75,11530,0.20761585235595703,11332.617688871043,0.006216776286151905,6,7,False,3332,0.610861650485437,0.0072142546718817905,11258.5982327646,7.641735076904297,11282.654562802478,0.006689253757275649,5381,3.445598602294922
Chimpanzee,ENSG00000134262.fa,80,11530,0.34156131744384766,11332.617688871043,0.006216776286151905,6,7,False,3332,0.631153915176168,0.0072142546718817905,11258.5982327646,7.641735076904297,11282.654562802478,0.006689253757275649,5381,3.445598602294922
Chimpanzee,ENSG00000134262.fa,85,11530,0.32514190673828125,11332.617688871043,0.006216776286151905,6,7,False,3332,0.6502419450017703,0.0072142546718817905,11258.5982327646,7.641735076904297,11282.654562802478,0.006689253757275649,5381,3.445598602294922
Chimpanzee,ENSG00000134262.fa,90,11530,0.20133733749389648,11332.617688871043,0.006216776286151905,6,7,False,3332,0.6674243748907152,0.0072142546718817905,11258.5982327646,7.641735076904297,11282.654562802478,0.006689253757275649,5381,3.445598602294922
Chimpanzee,ENSG00000134262.fa,95,11530,0.34174680709838867,11332.617688871043,0.006216776286151905,6,7,False,3332,0.6838862013360977,0.0072142546718817905,11258.5982327646,7.641735076904297,11282.654562802478,0.006689253757275649,5381,3.445598602294922
Chimpanzee,ENSG00000198483.fa,95,19329,0.5176734924316406,18486.251641307044,0.005354993983152828,16,17,False,4652,0.7162366204744488,0.007799822017484165,18351.219803728134,22.38974642753601,18486.251641307044,0.0076363826559966526,12109,9.482258796691895
Chimpanzee,ENSG00000132703.fa,10,1040,0.01882028579711914,1032.968400544952,0.006730769230769231,0,1,True,1040,0.12727272727272732,0.006730769230769231,1032.968400544952,0.04053235054016113,1032.968400544952,0.006730769230769231,1040,0.03467679023742676
Chimpanzee,ENSG00000132703.fa,15,1040,0.0177152156829834,1032.968400544952,0.006730769230769231,0,1,False,1040,0.18567639257294433,0.006730769230769231,1032.968400544952,0.04053235054016113,1032.968400544952,0.006730769230769231,1040,0.03467679023742676
Chimpanzee,ENSG00000132703.fa,20,1040,0.017731666564941406,1032.968400544952,0.006730769230769231,0,1,False,1040,0.23509075194468454,0.006730769230769231,1032.968400544952,0.04053235054016113,1032.968400544952,0.006730769230769231,1040,0.03467679023742676
Chimpanzee,ENSG00000132703.fa,25,1040,0.017266511917114258,1032.968400544952,0.006730769230769231,0,1,False,1040,0.28087986463620984,0.006730769230769231,1032.968400544952,0.04053235054016113,1032.968400544952,0.006730769230769231,1040,0.03467679023742676
Chimpanzee,ENSG00000132703.fa,30,1040,0.016675949096679688,1032.968400544952,0.006730769230769231,0,1,False,1040,0.31780366056572384,0.006730769230769231,1032.968400544952,0.04053235054016113,1032.968400544952,0.006730769230769231,1040,0.03467679023742676
Chimpanzee,ENSG00000132703.fa,35,1040,0.016736507415771484,1032.968400544952,0.006730769230769231,0,1,False,1040,0.34811165845648606,0.006730769230769231,1032.968400544952,0.04053235054016113,1032.968400544952,0.006730769230769231,1040,0.03467679023742676
Chimpanzee,ENSG00000132703.fa,40,1040,0.0185091495513916,1032.968400544952,0.006730769230769231,0,1,False,1040,0.3763179237631792,0.006730769230769231,1032.968400544952,0.04053235054016113,1032.968400544952,0.006730769230769231,1040,0.03467679023742676
Chimpanzee,ENSG00000132703.fa,45,1040,0.016151905059814453,1032.968400544952,0.006730769230769231,0,1,False,1040,0.40384615384615385,0.006730769230769231,1032.968400544952,0.04053235054016113,1032.968400544952,0.006730769230769231,1040,0.03467679023742676
Chimpanzee,ENSG00000132703.fa,50,1040,0.016519546508789062,1032.968400544952,0.006730769230769231,0,1,False,1040,0.43072050673000795,0.006730769230769231,1032.968400544952,0.04053235054016113,1032.968400544952,0.006730769230769231,1040,0.03467679023742676
Chimpanzee,ENSG00000132703.fa,55,1040,0.015879392623901367,1032.968400544952,0.006730769230769231,0,1,False,1040,0.45696400625978095,0.006730769230769231,1032.968400544952,0.04053235054016113,1032.968400544952,0.006730769230769231,1040,0.03467679023742676
Chimpanzee,ENSG00000132703.fa,60,1040,0.015713214874267578,1032.968400544952,0.006730769230769231,0,1,False,1040,0.48259860788863107,0.006730769230769231,1032.968400544952,0.04053235054016113,1032.968400544952,0.006730769230769231,1040,0.03467679023742676
Chimpanzee,ENSG00000132703.fa,65,1040,0.015983104705810547,1032.968400544952,0.006730769230769231,0,1,False,1040,0.5076452599388379,0.006730769230769231,1032.968400544952,0.04053235054016113,1032.968400544952,0.006730769230769231,1040,0.03467679023742676
Chimpanzee,ENSG00000132703.fa,70,1040,0.01573014259338379,1032.968400544952,0.006730769230769231,0,1,False,1040,0.5321239606953893,0.006730769230769231,1032.968400544952,0.04053235054016113,1032.968400544952,0.006730769230769231,1040,0.03467679023742676
Chimpanzee,ENSG00000132703.fa,75,1040,0.015636920928955078,1032.968400544952,0.006730769230769231,0,1,False,1040,0.5560538116591929,0.006730769230769231,1032.968400544952,0.04053235054016113,1032.968400544952,0.006730769230769231,1040,0.03467679023742676
Chimpanzee,ENSG00000132703.fa,80,1040,0.015422344207763672,1032.968400544952,0.006730769230769231,0,1,False,1040,0.575240919199407,0.006730769230769231,1032.968400544952,0.04053235054016113,1032.968400544952,0.006730769230769231,1040,0.03467679023742676
Chimpanzee,ENSG00000132703.fa,85,1040,0.015354156494140625,1032.968400544952,0.006730769230769231,0,1,False,1040,0.5930831493745401,0.006730769230769231,1032.968400544952,0.04053235054016113,1032.968400544952,0.006730769230769231,1040,0.03467679023742676
Chimpanzee,ENSG00000132703.fa,90,1040,0.01505422592163086,1032.968400544952,0.006730769230769231,0,1,False,1040,0.6106647187728269,0.006730769230769231,1032.968400544952,0.04053235054016113,1032.968400544952,0.006730769230769231,1040,0.03467679023742676
Chimpanzee,ENSG00000132703.fa,95,1040,0.014861106872558594,1032.968400544952,0.006730769230769231,0,1,False,1040,0.6279912980420594,0.006730769230769231,1032.968400544952,0.04053235054016113,1032.968400544952,0.006730769230769231,1040,0.03467679023742676
Chimpanzee,ENSG00000158874.fa,45,1344,0.024317264556884766,1298.8547958425322,0.011591962905718702,1,2,False,718,0.699048572859289,0.013513513513513514,1267.8358632358927,0.059758901596069336,1298.8547958425322,0.012667660208643815,1337,0.05479598045349121
Chimpanzee,ENSG00000158874.fa,50,1344,0.023932218551635742,1298.8547958425322,0.011591962905718702,1,2,False,718,0.7338551859099804,0.013513513513513514,1267.8358632358927,0.059758901596069336,1298.8547958425322,0.012667660208643815,1337,0.05479598045349121
Chimpanzee,ENSG00000158874.fa,55,1344,0.023986339569091797,1298.8547958425322,0.011591962905718702,1,2,False,718,0.7641418983700863,0.013513513513513514,1267.8358632358927,0.059758901596069336,1298.8547958425322,0.012667660208643815,1337,0.05479598045349121
Chimpanzee,ENSG00000158874.fa,60,1344,0.14460349082946777,1298.8547958425322,0.011591962905718702,1,2,False,718,0.7909604519774012,0.013513513513513514,1267.8358632358927,0.059758901596069336,1298.8547958425322,0.012667660208643815,1337,0.05479598045349121
Chimpanzee,ENSG00000158874.fa,65,1344,0.026213407516479492,1298.8547958425322,0.01004566210045662,1,2,False,718,0.8140936485859991,0.013513513513513514,1267.8358632358927,0.059758901596069336,1298.8547958425322,0.012667660208643815,1337,0.05479598045349121
Chimpanzee,ENSG00000158874.fa,70,1344,0.02502131462097168,1298.8547958425322,0.01004566210045662,1,2,False,718,0.83493369913123,0.013513513513513514,1267.8358632358927,0.059758901596069336,1298.8547958425322,0.012667660208643815,1337,0.05479598045349121
Chimpanzee,ENSG00000158874.fa,75,1344,0.024928569793701172,1298.8547958425322,0.01004566210045662,1,2,False,718,0.8552097428958052,0.013513513513513514,1267.8358632358927,0.059758901596069336,1298.8547958425322,0.012667660208643815,1337,0.05479598045349121
Chimpanzee,ENSG00000158874.fa,80,1344,0.02486443519592285,1298.8547958425322,0.01004566210045662,1,2,False,718,0.8749443702714731,0.013513513513513514,1267.8358632358927,0.059758901596069336,1298.8547958425322,0.012667660208643815,1337,0.05479598045349121
Chimpanzee,ENSG00000158874.fa,85,1344,0.02536606788635254,1298.8547958425322,0.01004566210045662,1,2,False,718,0.891725352112676,0.013513513513513514,1267.8358632358927,0.059758901596069336,1298.8547958425322,0.012667660208643815,1337,0.05479598045349121
Chimpanzee,ENSG00000158874.fa,90,1344,0.024107933044433594,1298.8547958425322,0.01004566210045662,1,2,False,718,0.9081410535481063,0.013513513513513514,1267.8358632358927,0.059758901596069336,1298.8547958425322,0.012667660208643815,1337,0.05479598045349121
Chimpanzee,ENSG00000158874.fa,95,1344,0.023888587951660156,1298.8547958425322,0.01004566210045662,1,2,False,718,0.9218817436340095,0.013513513513513514,1267.8358632358927,0.059758901596069336,1298.8547958425322,0.012667660208643815,1337,0.05479598045349121
Chimpanzee,ENSG00000143595.fa,65,4252,0.07233476638793945,4158.827579702786,0.0074304889741131355,3,4,False,2350,0.6253497942386832,0.007808802650260294,4117.827004504962,0.5084934234619141,4132.827045717764,0.007806955287437899,3997,0.4688711166381836
Chimpanzee,ENSG00000143595.fa,70,4252,0.1810779571533203,4158.827579702786,0.0074304889741131355,3,4,False,2350,0.6516327190430002,0.007808802650260294,4117.827004504962,0.5084934234619141,4132.827045717764,0.007806955287437899,3997,0.4688711166381836
Chimpanzee,ENSG00000143595.fa,75,4252,0.07285618782043457,4158.827579702786,0.006984285357944624,3,4,False,2350,0.67467387846007,0.007808802650260294,4117.827004504962,0.5084934234619141,4132.827045717764,0.007806955287437899,3997,0.4688711166381836
Chimpanzee,ENSG00000143595.fa,80,4252,0.0705559253692627,4158.827579702786,0.006984285357944624,3,4,False,2350,0.6955635679573601,0.007808802650260294,4117.827004504962,0.5084934234619141,4132.827045717764,0.007806955287437899,3997,0.4688711166381836
Chimpanzee,ENSG00000143595.fa,85,4252,0.07173299789428711,4158.827579702786,0.0071301247771836,2,3,False,2350,0.7148600587598577,0.007808802650260294,4117.827004504962,0.5084934234619141,4132.827045717764,0.007806955287437899,3997,0.4688711166381836
Chimpanzee,ENSG00000143595.fa,90,4252,0.18081450462341309,4158.827579702786,0.0071301247771836,2,3,False,2350,0.7326717557251908,0.007808802650260294,4117.827004504962,0.5084934234619141,4132.827045717764,0.007806955287437899,3997,0.4688711166381836
Chimpanzee,ENSG00000143595.fa,95,4252,0.0721578598022461,4132.827045717764,0.006885593220338983,2,3,False,2199,0.7481503850218933,0.007808802650260294,4117.827004504962,0.5084934234619141,4132.827045717764,0.007806955287437899,3997,0.4688711166381836
Chimpanzee,ENSG00000173627.fa,60,7053,0.2510035037994385,6955.807114515569,0.005931712962962963,2,3,False,3980,0.491580310880829,0.006394770498792099,6937.807059381353,2.4327898025512695,6955.807114515569,0.006392953544537576,5067,1.2738161087036133
Chimpanzee,ENSG00000173627.fa,65,7053,0.11640572547912598,6955.807114515569,0.005931712962962963,2,3,False,3980,0.5168348380244291,0.006394770498792099,6937.807059381353,2.4327898025512695,6955.807114515569,0.006392953544537576,5067,1.2738161087036133
Chimpanzee,ENSG00000173627.fa,70,7053,0.2573375701904297,6955.807114515569,0.005931712962962963,2,3,False,3980,0.540376569037657,0.006394770498792099,6937.807059381353,2.4327898025512695,6955.807114515569,0.006392953544537576,5067,1.2738161087036133
Chimpanzee,ENSG00000173627.fa,75,7053,0.1273822784423828,6955.807114515569,0.005931712962962963,2,3,False,3980,0.5626224100608185,0.006394770498792099,6937.807059381353,2.4327898025512695,6955.807114515569,0.006392953544537576,5067,1.2738161087036133
Chimpanzee,ENSG00000173627.fa,80,7053,0.11956644058227539,6955.807114515569,0.005931712962962963,2,3,False,3980,0.5839430894308943,0.006394770498792099,6937.807059381353,2.4327898025512695,6955.807114515569,0.006392953544537576,5067,1.2738161087036133
Chimpanzee,ENSG00000173627.fa,85,7053,0.2517082691192627,6955.807114515569,0.005931712962962963,2,3,False,3980,0.6035502958579881,0.006394770498792099,6937.807059381353,2.4327898025512695,6955.807114515569,0.006392953544537576,5067,1.2738161087036133
Chimpanzee,ENSG00000173627.fa,90,7053,0.11704254150390625,6955.807114515569,0.005931712962962963,2,3,False,3980,0.6219669208675844,0.006394770498792099,6937.807059381353,2.4327898025512695,6955.807114515569,0.006392953544537576,5067,1.2738161087036133
Chimpanzee,ENSG00000173627.fa,95,7053,0.23234868049621582,6955.807114515569,0.005931712962962963,2,3,False,3980,0.6391308603308212,0.006394770498792099,6937.807059381353,2.4327898025512695,6955.807114515569,0.006392953544537576,5067,1.2738161087036133
Chimpanzee,ENSG00000143761.fa,65,16557,0.4547586441040039,6863.19182478776,0.007609756097560975,13,13,False,4186,0.6358695652173914,0.009603695599319232,15995.979691386785,15.088086605072021,15965.04350727433,0.009299781181619256,7147,6.945030450820923
Chimpanzee,ENSG00000143761.fa,70,16557,0.29697656631469727,6863.19182478776,0.0075325866247461844,13,13,False,4186,0.6574497631106029,0.009603695599319232,15995.979691386785,15.088086605072021,15965.04350727433,0.009299781181619256,7147,6.945030450820923
Chimpanzee,ENSG00000143761.fa,75,16557,0.47136402130126953,6863.19182478776,0.0075325866247461844,13,13,False,4186,0.6777853780227738,0.009603695599319232,15995.979691386785,15.088086605072021,15965.04350727433,0.009299781181619256,7147,6.945030450820923
Chimpanzee,ENSG00000143761.fa,80,16557,0.5361478328704834,6856.80858182158,0.007571268681282507,12,12,False,4186,0.6969059896866323,0.009603695599319232,15995.979691386785,15.088086605072021,15965.04350727433,0.009299781181619256,7147,6.945030450820923
Chimpanzee,ENSG00000143761.fa,85,16557,0.2814457416534424,6856.80858182158,0.007571268681282507,12,12,False,4186,0.7140843415952074,0.009603695599319232,15995.979691386785,15.088086605072021,15965.04350727433,0.009299781181619256,7147,6.945030450820923
Chimpanzee,ENSG00000143761.fa,90,16557,0.4586317539215088,6856.80858182158,0.007571268681282507,12,12,False,4186,0.7302858026839927,0.009603695599319232,15995.979691386785,15.088086605072021,15965.04350727433,0.009299781181619256,7147,6.945030450820923
Chimpanzee,ENSG00000143761.fa,95,16557,0.40846800804138184,6856.80858182158,0.007571268681282507,12,12,False,4186,0.74561437034206,0.009603695599319232,15995.979691386785,15.088086605072021,15965.04350727433,0.009299781181619256,7147,6.945030450820923
Chimpanzee,ENSG00000142632-0.fa,60,4684,0.08588933944702148,4384.77769497728,0.006389776357827476,6,7,False,1839,0.6071265417999087,0.009192383453709783,4303.740490630235,1.1559414863586426,4354.776961501888,0.008513425016371971,2139,0.5552258491516113
Chimpanzee,ENSG00000142632-0.fa,65,4684,0.2069227695465088,4384.77769497728,0.006389776357827476,6,7,False,1839,0.6346383741781232,0.009192383453709783,4303.740490630235,1.1559414863586426,4354.776961501888,0.008513425016371971,2139,0.5552258491516113
Chimpanzee,ENSG00000142632-0.fa,70,4684,0.08492517471313477,4384.77769497728,0.006255792400370714,6,7,False,1839,0.6589773729062591,0.009192383453709783,4303.740490630235,1.1559414863586426,4354.776961501888,0.008513425016371971,2139,0.5552258491516113
Chimpanzee,ENSG00000142632-0.fa,75,4684,0.08927655220031738,4384.77769497728,0.006255792400370714,6,7,False,1839,0.6817524580682475,0.009192383453709783,4303.740490630235,1.1559414863586426,4354.776961501888,0.008513425016371971,2139,0.5552258491516113
Chimpanzee,ENSG00000142632-0.fa,80,4684,0.20815300941467285,4384.77769497728,0.006255792400370714,6,7,False,1839,0.7027065527065527,0.009192383453709783,4303.740490630235,1.1559414863586426,4354.776961501888,0.008513425016371971,2139,0.5552258491516113
Chimpanzee,ENSG00000142632-0.fa,85,4684,0.0824127197265625,4384.77769497728,0.006255792400370714,6,7,False,1839,0.7223314606741573,0.009192383453709783,4303.740490630235,1.1559414863586426,4354.776961501888,0.008513425016371971,2139,0.5552258491516113
Chimpanzee,ENSG00000142632-0.fa,90,4684,0.08247995376586914,4384.77769497728,0.006255792400370714,6,7,False,1839,0.7407150776053215,0.009192383453709783,4303.740490630235,1.1559414863586426,4354.776961501888,0.008513425016371971,2139,0.5552258491516113
Chimpanzee,ENSG00000142632-0.fa,95,4684,0.21906590461730957,4384.77769497728,0.006255792400370714,6,7,False,1839,0.7567456512806465,0.009192383453709783,4303.740490630235,1.1559414863586426,4354.776961501888,0.008513425016371971,2139,0.5552258491516113
Chimpanzee,ENSG00000142632-1.fa,90,10217,0.3521158695220947,9731.979690724454,0.008155432957543776,12,13,False,2474,0.7624241681475581,0.011951797708415646,9612.025521770513,6.106229305267334,9731.979690724454,0.012208329231072167,9297,2.6720499992370605
Chimpanzee,ENSG00000142632-1.fa,95,10217,0.3452260494232178,9731.979690724454,0.008155432957543776,12,13,False,2474,0.775789920553096,0.011951797708415646,9612.025521770513,6.106229305267334,9731.979690724454,0.012208329231072167,9297,2.6720499992370605
Gorilla,ENSG00000204518.fa,10,274,0.006281852722167969,255.9604115116835,0.014652014652014652,1,2,False,190,0.24252491694352163,0.014652014652014652,255.9604115116835,1.7780671119689941,255.9604115116835,0.014652014652014652,270,0.006258964538574219
Gorilla,ENSG00000204518.fa,15,274,0.005032062530517578,255.9604115116835,0.014652014652014652,1,2,False,190,0.3311897106109325,0.014652014652014652,255.9604115116835,1.7780671119689941,255.9604115116835,0.014652014652014652,270,0.006258964538574219
Gorilla,ENSG00000204518.fa,20,274,0.004874467849731445,255.9604115116835,0.014652014652014652,1,2,False,190,0.41433021806853587,0.014652014652014652,255.9604115116835,1.7780671119689941,255.9604115116835,0.014652014652014652,270,0.006258964538574219
Gorilla,ENSG00000204518.fa,25,274,0.00535893440246582,255.9604115116835,0.014652014652014652,1,2,False,190,0.4740061162079511,0.014652014652014652,255.9604115116835,1.7780671119689941,255.9604115116835,0.014652014652014652,270,0.006258964538574219
Gorilla,ENSG00000204518.fa,30,274,0.00448918342590332,255.9604115116835,0.014652014652014652,1,2,False,190,0.5271084337349398,0.014652014652014652,255.9604115116835,1.7780671119689941,255.9604115116835,0.014652014652014652,270,0.006258964538574219
Gorilla,ENSG00000204518.fa,35,274,0.004312753677368164,255.9604115116835,0.014652014652014652,1,2,False,190,0.5786350148367952,0.014652014652014652,255.9604115116835,1.7780671119689941,255.9604115116835,0.014652014652014652,270,0.006258964538574219
Gorilla,ENSG00000204518.fa,40,274,0.004250526428222656,255.9604115116835,0.014652014652014652,1,2,False,190,0.6286549707602339,0.014652014652014652,255.9604115116835,1.7780671119689941,255.9604115116835,0.014652014652014652,270,0.006258964538574219
Gorilla,ENSG00000204518.fa,45,274,0.004221916198730469,255.9604115116835,0.014652014652014652,1,2,False,190,0.6772334293948127,0.014652014652014652,255.9604115116835,1.7780671119689941,255.9604115116835,0.014652014652014652,270,0.006258964538574219
Gorilla,ENSG00000204518.fa,50,274,0.004357099533081055,255.9604115116835,0.014652014652014652,1,2,False,190,0.7244318181818181,0.014652014652014652,255.9604115116835,1.7780671119689941,255.9604115116835,0.014652014652014652,270,0.006258964538574219
Gorilla,ENSG00000204518.fa,55,274,0.004727602005004883,255.9604115116835,0.014652014652014652,1,2,False,190,0.7703081232492998,0.014652014652014652,255.9604115116835,1.7780671119689941,255.9604115116835,0.014652014652014652,270,0.006258964538574219
Gorilla,ENSG00000204518.fa,60,274,0.0035517215728759766,255.9604115116835,0.014652014652014652,1,2,False,190,0.8050139275766017,0.014652014652014652,255.9604115116835,1.7780671119689941,255.9604115116835,0.014652014652014652,270,0.006258964538574219
Gorilla,ENSG00000204518.fa,65,274,0.0034940242767333984,255.9604115116835,0.014652014652014652,1,2,False,190,0.8328690807799443,0.014652014652014652,255.9604115116835,1.7780671119689941,255.9604115116835,0.014652014652014652,270,0.006258964538574219
Gorilla,ENSG00000204518.fa,70,274,0.0033986568450927734,255.9604115116835,0.014652014652014652,1,2,False,190,0.8607242339832869,0.014652014652014652,255.9604115116835,1.7780671119689941,255.9604115116835,0.014652014652014652,270,0.006258964538574219
Gorilla,ENSG00000204518.fa,75,274,0.003347158432006836,255.9604115116835,0.014652014652014652,1,2,False,190,0.8885793871866295,0.014652014652014652,255.9604115116835,1.7780671119689941,255.9604115116835,0.014652014652014652,270,0.006258964538574219
Gorilla,ENSG00000204518.fa,80,274,0.003955364227294922,255.9604115116835,0.014652014652014652,1,2,False,190,0.9164345403899722,0.014652014652014652,255.9604115116835,1.7780671119689941,255.9604115116835,0.014652014652014652,270,0.006258964538574219
Gorilla,ENSG00000204518.fa,85,274,1.7363221645355225,255.9604115116835,0.015789473684210527,1,1,False,190,0.9323943661971831,0.014652014652014652,255.9604115116835,1.7780671119689941,255.9604115116835,0.014652014652014652,270,0.006258964538574219
Gorilla,ENSG00000204518.fa,90,274,0.006001710891723633,255.9604115116835,0.015789473684210527,1,1,False,190,0.9457142857142857,0.014652014652014652,255.9604115116835,1.7780671119689941,255.9604115116835,0.014652014652014652,270,0.006258964538574219
Gorilla,ENSG00000204518.fa,95,274,0.005780935287475586,255.9604115116835,0.015789473684210527,1,1,False,190,0.9594202898550724,0.014652014652014652,255.9604115116835,1.7780671119689941,255.9604115116835,0.014652014652014652,270,0.006258964538574219
Gorilla,ENSG00000213088.fa,60,1627,0.028160572052001953,1557.7397036101208,0.015282392026578074,1,2,False,1285,0.7591125198098256,0.0166256157635468,1570.6962414820875,0.08384275436401367,1557.7397036101208,0.015403573629081947,1537,0.0777585506439209
Gorilla,ENSG00000213088.fa,65,1627,0.12368106842041016,1557.7397036101208,0.015282392026578074,1,2,False,1285,0.7837943124269575,0.0166256157635468,1570.6962414820875,0.08384275436401367,1557.7397036101208,0.015403573629081947,1537,0.0777585506439209
Gorilla,ENSG00000213088.fa,70,1627,0.030176401138305664,1557.7397036101208,0.015282392026578074,1,2,False,1285,0.8062907556578442,0.0166256157635468,1570.6962414820875,0.08384275436401367,1557.7397036101208,0.015403573629081947,1537,0.0777585506439209
Gorilla,ENSG00000213088.fa,75,1627,0.02832651138305664,1557.7397036101208,0.015282392026578074,1,2,False,1285,0.8281072912731394,0.0166256157635468,1570.6962414820875,0.08384275436401367,1557.7397036101208,0.015403573629081947,1537,0.0777585506439209
Gorilla,ENSG00000213088.fa,80,1627,0.027052640914916992,1557.7397036101208,0.015282392026578074,1,2,False,1285,0.8492742835876442,0.0166256157635468,1570.6962414820875,0.08384275436401367,1557.7397036101208,0.015403573629081947,1537,0.0777585506439209
Gorilla,ENSG00000213088.fa,85,1627,0.02959585189819336,1557.7397036101208,0.01511879049676026,1,2,False,1285,0.868575624082232,0.0166256157635468,1570.6962414820875,0.08384275436401367,1557.7397036101208,0.015403573629081947,1537,0.0777585506439209
Gorilla,ENSG00000213088.fa,90,1627,0.027721643447875977,1557.7397036101208,0.01511879049676026,1,2,False,1285,0.8857453754080522,0.0166256157635468,1570.6962414820875,0.08384275436401367,1557.7397036101208,0.015403573629081947,1537,0.0777585506439209
Gorilla,ENSG00000213088.fa,95,1627,0.027594804763793945,1557.7397036101208,0.01511879049676026,1,2,False,1285,0.8997484728710026,0.0166256157635468,1570.6962414820875,0.08384275436401367,1557.7397036101208,0.015403573629081947,1537,0.0777585506439209
Gorilla,ENSG00000184389.fa,75,14505,0.39118432998657227,11835.22903456806,0.011017166282346913,17,17,True,2334,0.7842839941131874,0.014501649658559043,11221.148891852072,13.143872022628784,11694.914683543886,0.015349369988545246,11663,5.204917669296265
Gorilla,ENSG00000184389.fa,80,14505,0.38704657554626465,11835.22903456806,0.01043096349162778,17,17,True,2334,0.8,0.014501649658559043,11221.148891852072,13.143872022628784,11694.914683543886,0.015349369988545246,11663,5.204917669296265
Gorilla,ENSG00000184389.fa,85,14505,0.4254310131072998,11696.914844987097,0.010276532137518685,16,16,True,2334,0.814046706169397,0.014501649658559043,11221.148891852072,13.143872022628784,11694.914683543886,0.015349369988545246,11663,5.204917669296265
Gorilla,ENSG00000184389.fa,90,14505,0.4107978343963623,11696.914844987097,0.010269455436216319,16,16,True,2244,0.8270806382061233,0.014501649658559043,11221.148891852072,13.143872022628784,11694.914683543886,0.015349369988545246,11663,5.204917669296265
Gorilla,ENSG00000184389.fa,95,14505,0.4277381896972656,11696.914844987097,0.0099601593625498,16,16,True,2244,0.8389577103801794,0.014501649658559043,11221.148891852072,13.143872022628784,11694.914683543886,0.015349369988545246,11663,5.204917669296265
Gorilla,ENSG00000143632.fa,35,3742,0.20553851127624512,3369.6785704621343,0.009128386336866903,6,7,True,1078,0.5440130107745477,0.011657662780779073,3339.678016346606,0.40123534202575684,3369.6785704621343,0.011637808685779166,2559,0.37778401374816895
Gorilla,ENSG00000143632.fa,40,3742,0.07833433151245117,3369.6785704621343,0.009128386336866903,6,7,True,1078,0.5839112343966713,0.011657662780779073,3339.678016346606,0.40123534202575684,3369.6785704621343,0.011637808685779166,2559,0.37778401374816895
Gorilla,ENSG00000143632.fa,45,3742,0.07421398162841797,3369.6785704621343,0.009128386336866903,6,7,True,1078,0.6210363495746327,0.011657662780779073,3339.678016346606,0.40123534202575684,3369.6785704621343,0.011637808685779166,2559,0.37778401374816895
Gorilla,ENSG00000143632.fa,50,3742,0.07181501388549805,3369.6785704621343,0.008787878787878787,6,7,True,982,0.6543770088863679,0.011657662780779073,3339.678016346606,0.40123534202575684,3369.6785704621343,0.011637808685779166,2559,0.37778401374816895
Gorilla,ENSG00000143632.fa,55,3742,0.17169737815856934,3369.6785704621343,0.00862600123228589,6,7,True,982,0.681396212402525,0.011657662780779073,3339.678016346606,0.40123534202575684,3369.6785704621343,0.011637808685779166,2559,0.37778401374816895
Gorilla,ENSG00000143632.fa,60,3742,0.07454800605773926,3369.6785704621343,0.00847457627118644,6,7,True,982,0.7058071585098612,0.011657662780779073,3339.678016346606,0.40123534202575684,3369.6785704621343,0.011637808685779166,2559,0.37778401374816895
Gorilla,ENSG00000143632.fa,65,3742,0.07002472877502441,3369.6785704621343,0.00847457627118644,6,7,True,982,0.7259953161592505,0.011657662780779073,3339.678016346606,0.40123534202575684,3369.6785704621343,0.011637808685779166,2559,0.37778401374816895
Gorilla,ENSG00000143632.fa,70,3742,0.07115578651428223,3369.6785704621343,0.008338678640153944,6,7,True,982,0.7440825769709913,0.011657662780779073,3339.678016346606,0.40123534202575684,3369.6785704621343,0.011637808685779166,2559,0.37778401374816895
Gorilla,ENSG00000143632.fa,75,3742,0.170151948928833,3369.6785704621343,0.008210180623973728,6,7,True,982,0.7606476592749032,0.011657662780779073,3339.678016346606,0.40123534202575684,3369.6785704621343,0.011637808685779166,2559,0.37778401374816895
Gorilla,ENSG00000143632.fa,80,3742,0.07806873321533203,3369.6785704621343,0.006936838262139467,6,7,True,982,0.775997213029089,0.011657662780779073,3339.678016346606,0.40123534202575684,3369.6785704621343,0.011637808685779166,2559,0.37778401374816895
Gorilla,ENSG00000143632.fa,85,3742,0.07985329627990723,3369.6785704621343,0.18109035455585207,6,6,True,982,0.7891555862545329,0.011657662780779073,3339.678016346606,0.40123534202575684,3369.6785704621343,0.011637808685779166,2559,0.37778401374816895
Gorilla,ENSG00000143632.fa,90,3742,0.18044376373291016,3369.6785704621343,0.006366892160764027,5,6,True,982,0.7996225767713159,0.011657662780779073,3339.678016346606,0.40123534202575684,3369.6785704621343,0.011637808685779166,2559,0.37778401374816895
Gorilla,ENSG00000143632.fa,95,3742,0.0822439193725586,3369.6785704621343,0.006366892160764027,5,6,True,982,0.8093451568894953,0.011657662780779073,3339.678016346606,0.40123534202575684,3369.6785704621343,0.011637808685779166,2559,0.37778401374816895
Gorilla,ENSG00000169717.fa,15,1437,0.026607275009155273,1419.8644975830812,0.011830201809324982,0,1,False,1437,0.28863499699338546,0.011830201809324982,1419.8644975830812,0.06777524948120117,1419.8644975830812,0.011830201809324982,1437,0.06438636779785156
Gorilla,ENSG00000169717.fa,20,1437,0.026527881622314453,1419.8644975830812,0.011830201809324982,0,1,False,1437,0.3635314483554529,0.011830201809324982,1419.8644975830812,0.06777524948120117,1419.8644975830812,0.011830201809324982,1437,0.06438636779785156
Gorilla,ENSG00000169717.fa,25,1437,0.02800273895263672,1419.8644975830812,0.011830201809324982,0,1,False,1437,0.43174250832408434,0.011830201809324982,1419.8644975830812,0.06777524948120117,1419.8644975830812,0.011830201809324982,1437,0.06438636779785156
Gorilla,ENSG00000169717.fa,30,1437,0.027640819549560547,1419.8644975830812,0.011830201809324982,0,1,False,1437,0.4916979110873059,0.011830201809324982,1419.8644975830812,0.06777524948120117,1419.8644975830812,0.011830201809324982,1437,0.06438636779785156
Gorilla,ENSG00000169717.fa,35,1437,0.024945974349975586,1419.8644975830812,0.011830201809324982,0,1,False,1437,0.5430944963655244,0.011830201809324982,1419.8644975830812,0.06777524948120117,1419.8644975830812,0.011830201809324982,1437,0.06438636779785156
Gorilla,ENSG00000169717.fa,40,1437,0.024193525314331055,1419.8644975830812,0.011830201809324982,0,1,False,1437,0.5885916203937405,0.011830201809324982,1419.8644975830812,0.06777524948120117,1419.8644975830812,0.011830201809324982,1437,0.06438636779785156
Gorilla,ENSG00000169717.fa,45,1437,0.02370619773864746,1419.8644975830812,0.011830201809324982,0,1,False,1437,0.6316306483300589,0.011830201809324982,1419.8644975830812,0.06777524948120117,1419.8644975830812,0.011830201809324982,1437,0.06438636779785156
Gorilla,ENSG00000169717.fa,50,1437,0.023525714874267578,1419.8644975830812,0.011830201809324982,0,1,False,1437,0.6724055475848876,0.011830201809324982,1419.8644975830812,0.06777524948120117,1419.8644975830812,0.011830201809324982,1437,0.06438636779785156
Gorilla,ENSG00000169717.fa,55,1437,0.022908926010131836,1419.8644975830812,0.011830201809324982,0,1,False,1437,0.7056621431913899,0.011830201809324982,1419.8644975830812,0.06777524948120117,1419.8644975830812,0.011830201809324982,1437,0.06438636779785156
Gorilla,ENSG00000169717.fa,60,1437,0.02265477180480957,1419.8644975830812,0.011830201809324982,0,1,False,1437,0.7351996328591097,0.011830201809324982,1419.8644975830812,0.06777524948120117,1419.8644975830812,0.011830201809324982,1437,0.06438636779785156
Gorilla,ENSG00000169717.fa,65,1437,0.02202916145324707,1419.8644975830812,0.011830201809324982,0,1,False,1437,0.7625056331680937,0.011830201809324982,1419.8644975830812,0.06777524948120117,1419.8644975830812,0.011830201809324982,1437,0.06438636779785156
Gorilla,ENSG00000169717.fa,70,1437,0.02197718620300293,1419.8644975830812,0.011830201809324982,0,1,False,1437,0.7861579414374446,0.011830201809324982,1419.8644975830812,0.06777524948120117,1419.8644975830812,0.011830201809324982,1437,0.06438636779785156
Gorilla,ENSG00000169717.fa,75,1437,0.1676328182220459,1419.8644975830812,0.011830201809324982,0,1,False,1437,0.8064798598949212,0.011830201809324982,1419.8644975830812,0.06777524948120117,1419.8644975830812,0.011830201809324982,1437,0.06438636779785156
Gorilla,ENSG00000169717.fa,80,1437,0.02149653434753418,1419.8644975830812,0.011830201809324982,0,1,False,1437,0.8242424242424242,0.011830201809324982,1419.8644975830812,0.06777524948120117,1419.8644975830812,0.011830201809324982,1437,0.06438636779785156
Gorilla,ENSG00000169717.fa,85,1437,0.021240711212158203,1419.8644975830812,0.011830201809324982,0,1,False,1437,0.8411134903640257,0.011830201809324982,1419.8644975830812,0.06777524948120117,1419.8644975830812,0.011830201809324982,1437,0.06438636779785156
Gorilla,ENSG00000169717.fa,90,1437,0.02132725715637207,1419.8644975830812,0.011830201809324982,0,1,False,1437,0.8576271186440678,0.011830201809324982,1419.8644975830812,0.06777524948120117,1419.8644975830812,0.011830201809324982,1437,0.06438636779785156
Gorilla,ENSG00000169717.fa,95,1437,0.021114587783813477,1419.8644975830812,0.011830201809324982,0,1,False,1437,0.8737945492662473,0.011830201809324982,1419.8644975830812,0.06777524948120117,1419.8644975830812,0.011830201809324982,1437,0.06438636779785156
Gorilla,ENSG00000134249-0.fa,10,1472,0.026708364486694336,1442.9447190992778,0.007488087134104833,1,2,False,1222,0.1464806594800253,0.007488087134104833,1442.9447190992778,0.07355856895446777,1442.9447190992778,0.007488087134104833,1274,0.06515336036682129
Gorilla,ENSG00000134249-0.fa,15,1472,0.025235891342163086,1442.9447190992778,0.007488087134104833,1,2,False,1222,0.20406905055487057,0.007488087134104833,1442.9447190992778,0.07355856895446777,1442.9447190992778,0.007488087134104833,1274,0.06515336036682129
Gorilla,ENSG00000134249-0.fa,20,1472,0.024999141693115234,1442.9447190992778,0.007488087134104833,1,2,False,1222,0.2564564564564564,0.007488087134104833,1442.9447190992778,0.07355856895446777,1442.9447190992778,0.007488087134104833,1274,0.06515336036682129
Gorilla,ENSG00000134249-0.fa,25,1472,0.026560544967651367,1442.9447190992778,0.006267409470752089,1,2,False,1222,0.30123311802701114,0.007488087134104833,1442.9447190992778,0.07355856895446777,1442.9447190992778,0.007488087134104833,1274,0.06515336036682129
Gorilla,ENSG00000134249-0.fa,30,1472,0.026285648345947266,1442.9447190992778,0.006267409470752089,1,2,False,1222,0.3411967779056386,0.007488087134104833,1442.9447190992778,0.07355856895446777,1442.9447190992778,0.007488087134104833,1274,0.06515336036682129
Gorilla,ENSG00000134249-0.fa,35,1472,0.12788844108581543,1442.9447190992778,0.006267409470752089,1,2,False,1222,0.3795826283135928,0.007488087134104833,1442.9447190992778,0.07355856895446777,1442.9447190992778,0.007488087134104833,1274,0.06515336036682129
Gorilla,ENSG00000134249-0.fa,40,1472,0.026824474334716797,1442.9447190992778,0.006267409470752089,1,2,False,1222,0.4138504155124654,0.007488087134104833,1442.9447190992778,0.07355856895446777,1442.9447190992778,0.007488087134104833,1274,0.06515336036682129
Gorilla,ENSG00000134249-0.fa,45,1472,0.02640390396118164,1442.9447190992778,0.006267409470752089,1,2,False,1222,0.4418350628072092,0.007488087134104833,1442.9447190992778,0.07355856895446777,1442.9447190992778,0.007488087134104833,1274,0.06515336036682129
Gorilla,ENSG00000134249-0.fa,50,1472,0.026262760162353516,1442.9447190992778,0.006267409470752089,1,2,False,1222,0.4673854447439353,0.007488087134104833,1442.9447190992778,0.07355856895446777,1442.9447190992778,0.007488087134104833,1274,0.06515336036682129
Gorilla,ENSG00000134249-0.fa,55,1472,0.025964975357055664,1442.9447190992778,0.006267409470752089,1,2,False,1222,0.48906666666666665,0.007488087134104833,1442.9447190992778,0.07355856895446777,1442.9447190992778,0.007488087134104833,1274,0.06515336036682129
Gorilla,ENSG00000134249-0.fa,60,1472,0.0256803035736084,1442.9447190992778,0.006267409470752089,1,2,False,1222,0.5095036958817318,0.007488087134104833,1442.9447190992778,0.07355856895446777,1442.9447190992778,0.007488087134104833,1274,0.06515336036682129
Gorilla,ENSG00000134249-0.fa,65,1472,0.0257565975189209,1442.9447190992778,0.006267409470752089,1,2,False,1222,0.5264536406495548,0.007488087134104833,1442.9447190992778,0.07355856895446777,1442.9447190992778,0.007488087134104833,1274,0.06515336036682129
Gorilla,ENSG00000134249-0.fa,70,1472,0.025200843811035156,1442.9447190992778,0.006267409470752089,1,2,False,1222,0.5431392931392931,0.007488087134104833,1442.9447190992778,0.07355856895446777,1442.9447190992778,0.007488087134104833,1274,0.06515336036682129
Gorilla,ENSG00000134249-0.fa,75,1472,0.027669906616210938,1442.9447190992778,0.004091653027823241,1,1,False,1222,0.5580795043882292,0.007488087134104833,1442.9447190992778,0.07355856895446777,1442.9447190992778,0.007488087134104833,1274,0.06515336036682129
Gorilla,ENSG00000134249-0.fa,80,1472,0.027483463287353516,1442.9447190992778,0.004091653027823241,1,1,False,1222,0.5706214689265536,0.007488087134104833,1442.9447190992778,0.07355856895446777,1442.9447190992778,0.007488087134104833,1274,0.06515336036682129
Gorilla,ENSG00000134249-0.fa,85,1472,0.02712416648864746,1442.9447190992778,0.004091653027823241,1,1,False,1222,0.5830352580480327,0.007488087134104833,1442.9447190992778,0.07355856895446777,1442.9447190992778,0.007488087134104833,1274,0.06515336036682129
Gorilla,ENSG00000134249-0.fa,90,1472,0.12514734268188477,1442.9447190992778,0.004091653027823241,1,1,False,1222,0.5953228266395526,0.007488087134104833,1442.9447190992778,0.07355856895446777,1442.9447190992778,0.007488087134104833,1274,0.06515336036682129
Gorilla,ENSG00000134249-0.fa,95,1472,0.027278423309326172,1442.9447190992778,0.004091653027823241,1,1,False,1222,0.6074860900354071,0.007488087134104833,1442.9447190992778,0.07355856895446777,1442.9447190992778,0.007488087134104833,1274,0.06515336036682129
Gorilla,ENSG00000143537.fa,45,12261,0.34273600578308105,11754.095662639966,0.008947006194081212,15,16,False,2668,0.5836627906976743,0.01066973079448457,11732.066425205656,8.523818731307983,11746.095363040584,0.010502133245815556,11836,3.865225076675415
Gorilla,ENSG00000143537.fa,50,12261,0.33357739448547363,11754.095662639966,0.008947006194081212,15,16,False,2668,0.6153190037529853,0.01066973079448457,11732.066425205656,8.523818731307983,11746.095363040584,0.010502133245815556,11836,3.865225076675415
Gorilla,ENSG00000143537.fa,55,12261,0.23994135856628418,11754.095662639966,0.008947006194081212,15,16,False,2668,0.6441820308583524,0.01066973079448457,11732.066425205656,8.523818731307983,11746.095363040584,0.010502133245815556,11836,3.865225076675415
Gorilla,ENSG00000143537.fa,60,12261,0.3363215923309326,11754.095662639966,0.008905412415701194,15,16,False,2668,0.6708729378345897,0.01066973079448457,11732.066425205656,8.523818731307983,11746.095363040584,0.010502133245815556,11836,3.865225076675415
Gorilla,ENSG00000143537.fa,65,12261,0.3420124053955078,11754.095662639966,0.008463251670378619,15,16,False,2668,0.6948051948051948,0.01066973079448457,11732.066425205656,8.523818731307983,11746.095363040584,0.010502133245815556,11836,3.865225076675415
Gorilla,ENSG00000143537.fa,70,12261,0.24308228492736816,11754.095662639966,0.008298755186721992,15,16,False,2599,0.7165558019216556,0.01066973079448457,11732.066425205656,8.523818731307983,11746.095363040584,0.010502133245815556,11836,3.865225076675415
Gorilla,ENSG00000143537.fa,75,12261,0.34576869010925293,11754.095662639966,0.008263712313839449,15,16,False,2599,0.7367572906378334,0.01066973079448457,11732.066425205656,8.523818731307983,11746.095363040584,0.010502133245815556,11836,3.865225076675415
Gorilla,ENSG00000143537.fa,80,12261,0.33602285385131836,11754.095662639966,0.008072747517862114,15,16,False,2522,0.7553289608526337,0.01066973079448457,11732.066425205656,8.523818731307983,11746.095363040584,0.010502133245815556,11836,3.865225076675415
Gorilla,ENSG00000143537.fa,85,12261,0.34561991691589355,11754.095662639966,0.007956566507535337,15,16,False,2522,0.7724469160768452,0.01066973079448457,11732.066425205656,8.523818731307983,11746.095363040584,0.010502133245815556,11836,3.865225076675415
Gorilla,ENSG00000143537.fa,90,12261,0.22951436042785645,11754.095662639966,0.00788224121557455,15,16,False,2522,0.7886304651627072,0.01066973079448457,11732.066425205656,8.523818731307983,11746.095363040584,0.010502133245815556,11836,3.865225076675415
Gorilla,ENSG00000143537.fa,95,12261,0.3626210689544678,11754.095662639966,0.007707129094412331,15,16,False,2522,0.8037572111828806,0.01066973079448457,11732.066425205656,8.523818731307983,11746.095363040584,0.010502133245815556,11836,3.865225076675415
Gorilla,ENSG00000251246.fa,80,23133,0.5836071968078613,21767.56844298659,0.007401194059308235,26,27,True,2445,0.729647341779232,0.010042212841590757,21757.473330267752,33.5502986907959,21742.594519938848,0.009632029828221403,19060,13.421235799789429
Gorilla,ENSG00000251246.fa,85,23133,0.6879827976226807,21767.56844298659,0.007318894697535474,26,27,True,2445,0.7476488595934803,0.010042212841590757,21757.473330267752,33.5502986907959,21742.594519938848,0.009632029828221403,19060,13.421235799789429
Gorilla,ENSG00000251246.fa,90,23133,0.5668900012969971,21767.56844298659,0.07283042011652867,24,24,True,2359,0.7639819201655503,0.010042212841590757,21757.473330267752,33.5502986907959,21742.594519938848,0.009632029828221403,19060,13.421235799789429
Gorilla,ENSG00000251246.fa,95,23133,0.5865769386291504,21767.56844298659,0.007146897012699882,23,24,True,2359,0.7790513089568704,0.010042212841590757,21757.473330267752,33.5502986907959,21742.594519938848,0.009632029828221403,19060,13.421235799789429
Gorilla,ENSG00000143382.fa,35,11588,0.23035001754760742,10460.435836697756,0.012441818832796277,11,11,False,3683,0.5228175874887835,0.013541666666666667,11059.574481579115,7.634325742721558,11065.73588848494,0.012752667649865533,6183,3.366356611251831
Gorilla,ENSG00000143382.fa,85,11588,0.226593017578125,11090.701167666986,0.00961633786061267,9,10,False,3479,0.7838783189358207,0.013541666666666667,11059.574481579115,7.634325742721558,11065.73588848494,0.012752667649865533,6183,3.366356611251831
Gorilla,ENSG00000143382.fa,90,11588,0.3542661666870117,11090.701167666986,0.009322815285319128,9,10,False,3479,0.7982290684271194,0.013541666666666667,11059.574481579115,7.634325742721558,11065.73588848494,0.012752667649865533,6183,3.366356611251831
Gorilla,ENSG00000143382.fa,95,11588,0.34576940536499023,11090.701167666986,0.009114031369224248,9,10,False,3388,0.8115799295044578,0.013541666666666667,11059.574481579115,7.634325742721558,11065.73588848494,0.012752667649865533,6183,3.366356611251831
Gorilla,ENSG00000282608.fa,60,4220,0.08432960510253906,3852.0143983706375,0.012195121951219513,2,3,True,1748,0.7110536522301228,0.015396458814472672,3105.375581232408,0.5095303058624268,3826.1144855258763,0.01790532254108413,3211,0.45242834091186523
Gorilla,ENSG00000282608.fa,65,4220,0.19757485389709473,3852.0143983706375,0.012195121951219513,2,3,True,1748,0.7329734878552151,0.015396458814472672,3105.375581232408,0.5095303058624268,3826.1144855258763,0.01790532254108413,3211,0.45242834091186523
Gorilla,ENSG00000282608.fa,70,4220,0.08293938636779785,3852.0143983706375,0.012195121951219513,2,3,True,1748,0.7528897219618869,0.015396458814472672,3105.375581232408,0.5095303058624268,3826.1144855258763,0.01790532254108413,3211,0.45242834091186523
Gorilla,ENSG00000282608.fa,75,4220,0.08249235153198242,3852.0143983706375,0.012195121951219513,2,3,True,1748,0.7701078582434515,0.015396458814472672,3105.375581232408,0.5095303058624268,3826.1144855258763,0.01790532254108413,3211,0.45242834091186523
Gorilla,ENSG00000282608.fa,80,4220,0.18919014930725098,3852.0143983706375,0.012010294538175578,2,3,True,1748,0.7858447488584475,0.015396458814472672,3105.375581232408,0.5095303058624268,3826.1144855258763,0.01790532254108413,3211,0.45242834091186523
Gorilla,ENSG00000282608.fa,85,4220,0.08843779563903809,3852.0143983706375,0.012010294538175578,2,3,True,1748,0.800300978179082,0.015396458814472672,3105.375581232408,0.5095303058624268,3826.1144855258763,0.01790532254108413,3211,0.45242834091186523
Gorilla,ENSG00000282608.fa,90,4220,0.08662080764770508,3852.0143983706375,0.012010294538175578,2,3,True,1748,0.8137284097677189,0.015396458814472672,3105.375581232408,0.5095303058624268,3826.1144855258763,0.01790532254108413,3211,0.45242834091186523
Gorilla,ENSG00000282608.fa,95,4220,0.19824767112731934,3852.0143983706375,0.01179245283018868,2,3,True,1748,0.8253172027146651,0.015396458814472672,3105.375581232408,0.5095303058624268,3826.1144855258763,0.01790532254108413,3211,0.45242834091186523
Gorilla,ENSG00000035687-0.fa,20,4899,0.20504045486450195,-57.0,0.01540990343127183,8,9,False,1952,0.4401921537229784,0.014977431267952401,4625.26124657552,1.2342171669006348,4668.282376226786,0.014754098360655738,4733,0.6335172653198242
Gorilla,ENSG00000035687-0.fa,25,4899,0.09281468391418457,-57.0,0.01548626884162709,7,8,False,1952,0.5061406202026404,0.014977431267952401,4625.26124657552,1.2342171669006348,4668.282376226786,0.014754098360655738,4733,0.6335172653198242
Gorilla,ENSG00000035687-0.fa,30,4899,0.08542799949645996,-57.0,0.01548626884162709,7,8,False,1952,0.5615566735720627,0.014977431267952401,4625.26124657552,1.2342171669006348,4668.282376226786,0.014754098360655738,4733,0.6335172653198242
Gorilla,ENSG00000116863.fa,65,5048,0.09696817398071289,4881.264736524875,0.012804097311139564,5,6,False,1526,0.7256308441142565,0.014723438121766812,4854.263995332621,1.2944176197052002,4831.34228372191,0.013919268244183734,3330,0.6719264984130859
Gorilla,ENSG00000116863.fa,70,5048,0.20619702339172363,4881.264736524875,0.012804097311139564,5,6,False,1526,0.7457092377587078,0.014723438121766812,4854.263995332621,1.2944176197052002,4831.34228372191,0.013919268244183734,3330,0.6719264984130859
Gorilla,ENSG00000116863.fa,75,5048,0.10336828231811523,4881.264736524875,0.012804097311139564,5,6,False,1526,0.764588776906806,0.014723438121766812,4854.263995332621,1.2944176197052002,4831.34228372191,0.013919268244183734,3330,0.6719264984130859
Gorilla,ENSG00000116863.fa,80,5048,0.09357714653015137,4881.264736524875,0.011559383499546692,5,6,False,1444,0.781898563183102,0.014723438121766812,4854.263995332621,1.2944176197052002,4831.34228372191,0.013919268244183734,3330,0.6719264984130859
Gorilla,ENSG00000116863.fa,85,5048,0.20992350578308105,4856.304053248088,0.010725110748426206,5,6,False,1444,0.7975973789588642,0.014723438121766812,4854.263995332621,1.2944176197052002,4831.34228372191,0.013919268244183734,3330,0.6719264984130859
Gorilla,ENSG00000116863.fa,90,5048,0.10248303413391113,4856.304053248088,0.010452114730189596,5,6,False,1269,0.8117873004441244,0.014723438121766812,4854.263995332621,1.2944176197052002,4831.34228372191,0.013919268244183734,3330,0.6719264984130859
Gorilla,ENSG00000116863.fa,95,5048,0.21377038955688477,4856.304053248088,0.010452114730189596,5,6,False,1269,0.8249762357414449,0.014723438121766812,4854.263995332621,1.2944176197052002,4831.34228372191,0.013919268244183734,3330,0.6719264984130859
Gorilla,ENSG00000126070-0.fa,10,1060,0.019686222076416016,1054.9842104913546,0.0047169811320754715,0,1,True,1060,0.09242144177449163,0.0047169811320754715,1054.9842104913546,0.04035687446594238,1054.9842104913546,0.0047169811320754715,1060,0.03805422782897949
Gorilla,ENSG00000126070-0.fa,15,1060,0.018535375595092773,1054.9842104913546,0.0047169811320754715,0,1,True,1060,0.13165013525698832,0.0047169811320754715,1054.9842104913546,0.04035687446594238,1054.9842104913546,0.0047169811320754715,1060,0.03805422782897949
Gorilla,ENSG00000126070-0.fa,20,1060,0.01910710334777832,1054.9842104913546,0.0047169811320754715,0,1,True,1060,0.16474756421612047,0.0047169811320754715,1054.9842104913546,0.04035687446594238,1054.9842104913546,0.0047169811320754715,1060,0.03805422782897949
Gorilla,ENSG00000126070-0.fa,25,1060,0.018720388412475586,1054.9842104913546,0.0047169811320754715,0,1,False,1060,0.19354838709677424,0.0047169811320754715,1054.9842104913546,0.04035687446594238,1054.9842104913546,0.0047169811320754715,1060,0.03805422782897949
Gorilla,ENSG00000126070-0.fa,30,1060,0.01775527000427246,1054.9842104913546,0.0047169811320754715,0,1,False,1060,0.2178046672428695,0.0047169811320754715,1054.9842104913546,0.04035687446594238,1054.9842104913546,0.0047169811320754715,1060,0.03805422782897949
Gorilla,ENSG00000126070-0.fa,35,1060,0.01919722557067871,1054.9842104913546,0.0047169811320754715,0,1,False,1060,0.24164524421593825,0.0047169811320754715,1054.9842104913546,0.04035687446594238,1054.9842104913546,0.0047169811320754715,1060,0.03805422782897949
Gorilla,ENSG00000126070-0.fa,40,1060,0.018385648727416992,1054.9842104913546,0.0047169811320754715,0,1,False,1060,0.26508071367884456,0.0047169811320754715,1054.9842104913546,0.04035687446594238,1054.9842104913546,0.0047169811320754715,1060,0.03805422782897949
Gorilla,ENSG00000126070-0.fa,45,1060,0.01722860336303711,1054.9842104913546,0.0047169811320754715,0,1,False,1060,0.2881213142375737,0.0047169811320754715,1054.9842104913546,0.04035687446594238,1054.9842104913546,0.0047169811320754715,1060,0.03805422782897949
Gorilla,ENSG00000126070-0.fa,50,1060,0.01732158660888672,1054.9842104913546,0.0047169811320754715,0,1,False,1060,0.3107769423558897,0.0047169811320754715,1054.9842104913546,0.04035687446594238,1054.9842104913546,0.0047169811320754715,1060,0.03805422782897949
Gorilla,ENSG00000126070-0.fa,55,1060,0.016777515411376953,1054.9842104913546,0.0047169811320754715,0,1,False,1060,0.3330571665285833,0.0047169811320754715,1054.9842104913546,0.04035687446594238,1054.9842104913546,0.0047169811320754715,1060,0.03805422782897949
Gorilla,ENSG00000126070-0.fa,60,1060,0.01669907569885254,1054.9842104913546,0.0047169811320754715,0,1,False,1060,0.3549712407559573,0.0047169811320754715,1054.9842104913546,0.04035687446594238,1054.9842104913546,0.0047169811320754715,1060,0.03805422782897949
Gorilla,ENSG00000126070-0.fa,65,1060,0.016548871994018555,1054.9842104913546,0.0047169811320754715,0,1,False,1060,0.37652811735941316,0.0047169811320754715,1054.9842104913546,0.04035687446594238,1054.9842104913546,0.0047169811320754715,1060,0.03805422782897949
Gorilla,ENSG00000126070-0.fa,70,1060,0.016572237014770508,1054.9842104913546,0.0047169811320754715,0,1,False,1060,0.39773645917542444,0.0047169811320754715,1054.9842104913546,0.04035687446594238,1054.9842104913546,0.0047169811320754715,1060,0.03805422782897949
Gorilla,ENSG00000126070-0.fa,75,1060,0.016593456268310547,1054.9842104913546,0.0047169811320754715,0,1,False,1060,0.41860465116279066,0.0047169811320754715,1054.9842104913546,0.04035687446594238,1054.9842104913546,0.0047169811320754715,1060,0.03805422782897949
Gorilla,ENSG00000126070-0.fa,80,1060,0.016570091247558594,1054.9842104913546,0.0047169811320754715,0,1,False,1060,0.43914081145584727,0.0047169811320754715,1054.9842104913546,0.04035687446594238,1054.9842104913546,0.0047169811320754715,1060,0.03805422782897949
Gorilla,ENSG00000126070-0.fa,85,1060,0.13950490951538086,1054.9842104913546,0.0047169811320754715,0,1,False,1060,0.4593528018942383,0.0047169811320754715,1054.9842104913546,0.04035687446594238,1054.9842104913546,0.0047169811320754715,1060,0.03805422782897949
Gorilla,ENSG00000126070-0.fa,90,1060,0.01593184471130371,1054.9842104913546,0.0047169811320754715,0,1,False,1060,0.47924823805794836,0.0047169811320754715,1054.9842104913546,0.04035687446594238,1054.9842104913546,0.0047169811320754715,1060,0.03805422782897949
Gorilla,ENSG00000126070-0.fa,95,1060,0.01651287078857422,1054.9842104913546,0.0047169811320754715,0,1,False,1060,0.4988344988344988,0.0047169811320754715,1054.9842104913546,0.04035687446594238,1054.9842104913546,0.0047169811320754715,1060,0.03805422782897949
Gorilla,ENSG00000126070-1.fa,25,5447,0.1070704460144043,4686.38962720153,0.012120007947546195,6,7,True,1497,0.46484031643715207,0.013505578391074574,4655.371183034251,1.5291650295257568,4686.38962720153,0.013304637057327333,5172,0.7474441528320312
Gorilla,ENSG00000126070-1.fa,30,5447,0.2227020263671875,4686.38962720153,0.012120007947546195,6,7,True,1497,0.5139815471965934,0.013505578391074574,4655.371183034251,1.5291650295257568,4686.38962720153,0.013304637057327333,5172,0.7474441528320312
Gorilla,ENSG00000126070-1.fa,35,5447,0.11283683776855469,4686.38962720153,0.01170534813319879,6,7,True,1497,0.5573951434878588,0.013505578391074574,4655.371183034251,1.5291650295257568,4686.38962720153,0.013304637057327333,5172,0.7474441528320312
Gorilla,ENSG00000126070-1.fa,40,5447,0.10915040969848633,4686.38962720153,0.01107919573245794,6,7,True,1416,0.5938047138047138,0.013505578391074574,4655.371183034251,1.5291650295257568,4686.38962720153,0.013304637057327333,5172,0.7474441528320312
Gorilla,ENSG00000126070-1.fa,45,5447,0.20943713188171387,4686.38962720153,0.01068062827225131,6,7,True,1371,0.6258073019638857,0.013505578391074574,4655.371183034251,1.5291650295257568,4686.38962720153,0.013304637057327333,5172,0.7474441528320312
Gorilla,ENSG00000126070-1.fa,50,5447,0.10294675827026367,4686.38962720153,0.010372565622353938,6,7,True,1371,0.6550833225681436,0.013505578391074574,4655.371183034251,1.5291650295257568,4686.38962720153,0.013304637057327333,5172,0.7474441528320312
Gorilla,ENSG00000126070-1.fa,55,5447,0.20893430709838867,4686.38962720153,0.01049025904517234,6,6,True,1371,0.6815472415979709,0.013505578391074574,4655.371183034251,1.5291650295257568,4686.38962720153,0.013304637057327333,5172,0.7474441528320312
Gorilla,ENSG00000126070-1.fa,60,5447,0.10694527626037598,4686.38962720153,0.01049025904517234,6,6,True,1371,0.7041567844214205,0.013505578391074574,4655.371183034251,1.5291650295257568,4686.38962720153,0.013304637057327333,5172,0.7474441528320312
Gorilla,ENSG00000126070-1.fa,65,5447,0.1029348373413086,4686.38962720153,0.009874917709019092,6,6,True,1371,0.7248124000492066,0.013505578391074574,4655.371183034251,1.5291650295257568,4686.38962720153,0.013304637057327333,5172,0.7474441528320312
Gorilla,ENSG00000126070-1.fa,70,5447,0.21572327613830566,4686.38962720153,0.009596072305288998,6,6,True,1371,0.7433531625591842,0.013505578391074574,4655.371183034251,1.5291650295257568,4686.38962720153,0.013304637057327333,5172,0.7474441528320312
Gorilla,ENSG00000126070-1.fa,75,5447,0.10318803787231445,4686.38962720153,0.009596072305288998,6,6,True,1371,0.7609685926636298,0.013505578391074574,4655.371183034251,1.5291650295257568,4686.38962720153,0.013304637057327333,5172,0.7474441528320312
Gorilla,ENSG00000126070-1.fa,80,5447,0.21795868873596191,4686.38962720153,0.008916001877053027,6,6,True,1371,0.77742241175077,0.013505578391074574,4655.371183034251,1.5291650295257568,4686.38962720153,0.013304637057327333,5172,0.7474441528320312
Gorilla,ENSG00000126070-1.fa,85,5447,0.10530853271484375,4686.38962720153,0.008916001877053027,6,6,True,1371,0.7922184460330481,0.013505578391074574,4655.371183034251,1.5291650295257568,4686.38962720153,0.013304637057327333,5172,0.7474441528320312
Gorilla,ENSG00000126070-1.fa,90,5447,0.10422277450561523,4686.38962720153,0.008484848484848486,6,6,True,1371,0.8051782189713224,0.013505578391074574,4655.371183034251,1.5291650295257568,4686.38962720153,0.013304637057327333,5172,0.7474441528320312
Gorilla,ENSG00000126070-1.fa,95,5447,0.22550082206726074,4686.38962720153,0.008484848484848486,6,6,True,1371,0.8170829975825946,0.013505578391074574,4655.371183034251,1.5291650295257568,4686.38962720153,0.013304637057327333,5172,0.7474441528320312
Gorilla,ENSG00000186094-1.fa,65,12862,0.266005277633667,5650.675479674954,0.011778115501519757,12,13,True,3148,0.7487654998354,0.01428173977557266,8824.51485745107,8.391717910766602,9015.793470655337,0.012602058927937523,9149,3.7306253910064697
Gorilla,ENSG00000186094-1.fa,70,12862,0.38049960136413574,5650.675479674954,0.011778115501519757,12,13,True,3148,0.768902570749622,0.01428173977557266,8824.51485745107,8.391717910766602,9015.793470655337,0.012602058927937523,9149,3.7306253910064697
Gorilla,ENSG00000186094-1.fa,75,12862,0.38455700874328613,5650.675479674954,0.011430785624334012,12,13,True,3148,0.7872238488155443,0.01428173977557266,8824.51485745107,8.391717910766602,9015.793470655337,0.012602058927937523,9149,3.7306253910064697
Gorilla,ENSG00000186094-1.fa,80,12862,0.3970017433166504,5580.671317943259,0.01076260762607626,12,13,True,3148,0.8040874225070925,0.01428173977557266,8824.51485745107,8.391717910766602,9015.793470655337,0.012602058927937523,9149,3.7306253910064697
Gorilla,ENSG00000186094-1.fa,85,12862,0.39790773391723633,5580.671317943259,0.01076260762607626,12,13,True,3148,0.8194040697674418,0.01428173977557266,8824.51485745107,8.391717910766602,9015.793470655337,0.012602058927937523,9149,3.7306253910064697
Gorilla,ENSG00000186094-1.fa,90,12862,0.30388545989990234,5580.671317943259,0.010206345684490793,12,13,True,3148,0.8334616766774475,0.01428173977557266,8824.51485745107,8.391717910766602,9015.793470655337,0.012602058927937523,9149,3.7306253910064697
Gorilla,ENSG00000186094-1.fa,95,12862,0.3871421813964844,9115.653315654114,0.011019878997407088,10,11,True,3148,0.8465525125755805,0.01428173977557266,8824.51485745107,8.391717910766602,9015.793470655337,0.012602058927937523,9149,3.7306253910064697
Gorilla,ENSG00000116771.fa,70,13491,0.41915011405944824,12220.40783052433,0.01073797241814928,23,24,True,1309,0.8477030406739503,0.017638973732437384,11947.240241666692,10.137323379516602,12195.454067411953,0.016942684881324888,12928,4.5057878494262695
Gorilla,ENSG00000116771.fa,75,13491,0.42203783988952637,12220.40783052433,0.023407158601868375,23,23,True,1309,0.862998266897747,0.017638973732437384,11947.240241666692,10.137323379516602,12195.454067411953,0.016942684881324888,12928,4.5057878494262695
Gorilla,ENSG00000116771.fa,80,13491,0.3225865364074707,12195.454067411953,0.022811486799444187,21,21,True,1309,0.8770983213429256,0.017638973732437384,11947.240241666692,10.137323379516602,12195.454067411953,0.016942684881324888,12928,4.5057878494262695
Gorilla,ENSG00000116771.fa,85,13491,0.4912850856781006,12195.454067411953,0.009721715882853324,19,20,True,1309,0.8893221991437412,0.017638973732437384,11947.240241666692,10.137323379516602,12195.454067411953,0.016942684881324888,12928,4.5057878494262695
Gorilla,ENSG00000116771.fa,90,13491,0.5067601203918457,12195.454067411953,0.009364283830123978,18,19,True,1309,0.8997310472348294,0.017638973732437384,11947.240241666692,10.137323379516602,12195.454067411953,0.016942684881324888,12928,4.5057878494262695
Gorilla,ENSG00000116771.fa,95,13491,0.5131144523620605,12195.454067411953,0.07117224880382775,17,17,True,1309,0.9088710013763189,0.017638973732437384,11947.240241666692,10.137323379516602,12195.454067411953,0.016942684881324888,12928,4.5057878494262695
Gorilla,ENSG00000188157-0.fa,15,1844,0.04056906700134277,-165.04390105933282,0.009142857142857144,3,2,True,491,0.6381284221005475,0.05015045135406219,139.24984878624127,0.07886576652526855,-165.04390105933282,0.008171603677221655,952,0.060709476470947266
Gorilla,ENSG00000188157-0.fa,20,1844,0.04118061065673828,-165.04390105933282,0.009142857142857144,3,2,True,491,0.6687866927592955,0.05015045135406219,139.24984878624127,0.07886576652526855,-165.04390105933282,0.008171603677221655,952,0.060709476470947266
Gorilla,ENSG00000188157-0.fa,25,1844,0.21239519119262695,-165.04390105933282,0.009142857142857144,3,2,True,491,0.6984126984126984,0.05015045135406219,139.24984878624127,0.07886576652526855,-165.04390105933282,0.008171603677221655,952,0.060709476470947266
Gorilla,ENSG00000188157-0.fa,30,1844,0.04252886772155762,-165.04390105933282,0.009142857142857144,3,2,True,491,0.7270577105014191,0.05015045135406219,139.24984878624127,0.07886576652526855,-165.04390105933282,0.008171603677221655,952,0.060709476470947266
Gorilla,ENSG00000188157-0.fa,35,1844,0.043359994888305664,-165.04390105933282,0.009142857142857144,3,2,True,491,0.7518656716417911,0.05015045135406219,139.24984878624127,0.07886576652526855,-165.04390105933282,0.008171603677221655,952,0.060709476470947266
Gorilla,ENSG00000188157-0.fa,40,1844,0.04201912879943848,-165.04390105933282,0.009142857142857144,3,2,True,491,0.7759889604415824,0.05015045135406219,139.24984878624127,0.07886576652526855,-165.04390105933282,0.008171603677221655,952,0.060709476470947266
Gorilla,ENSG00000188157-0.fa,45,1844,0.042069196701049805,-165.04390105933282,0.009142857142857144,3,2,True,491,0.7994555353901996,0.05015045135406219,139.24984878624127,0.07886576652526855,-165.04390105933282,0.008171603677221655,952,0.060709476470947266
Gorilla,ENSG00000188157-0.fa,50,1844,0.04011964797973633,-165.04390105933282,0.009142857142857144,3,2,True,491,0.819650067294751,0.05015045135406219,139.24984878624127,0.07886576652526855,-165.04390105933282,0.008171603677221655,952,0.060709476470947266
Gorilla,ENSG00000188157-0.fa,55,1844,0.04101848602294922,-165.04390105933282,0.009142857142857144,3,2,True,491,0.839396628216504,0.05015045135406219,139.24984878624127,0.07886576652526855,-165.04390105933282,0.008171603677221655,952,0.060709476470947266
Gorilla,ENSG00000188157-0.fa,60,1844,0.1477794647216797,-165.04390105933282,0.008588957055214725,3,2,True,491,0.8587099605089952,0.05015045135406219,139.24984878624127,0.07886576652526855,-165.04390105933282,0.008171603677221655,952,0.060709476470947266
Gorilla,ENSG00000188157-0.fa,65,1844,0.04396510124206543,-165.04390105933282,0.007082152974504249,3,2,True,491,0.8746736292428199,0.05015045135406219,139.24984878624127,0.07886576652526855,-165.04390105933282,0.008171603677221655,952,0.060709476470947266
Gorilla,ENSG00000188157-0.fa,70,1844,0.044471025466918945,-165.04390105933282,0.007082152974504249,3,2,True,491,0.8884565499351491,0.05015045135406219,139.24984878624127,0.07886576652526855,-165.04390105933282,0.008171603677221655,952,0.060709476470947266
Gorilla,ENSG00000188157-0.fa,75,1844,0.04335594177246094,-165.04390105933282,0.007082152974504249,3,2,True,491,0.9020618556701031,0.05015045135406219,139.24984878624127,0.07886576652526855,-165.04390105933282,0.008171603677221655,952,0.060709476470947266
Gorilla,ENSG00000188157-0.fa,80,1844,0.045257568359375,-165.04390105933282,0.007082152974504249,3,2,True,491,0.9154929577464789,0.05015045135406219,139.24984878624127,0.07886576652526855,-165.04390105933282,0.008171603677221655,952,0.060709476470947266
Gorilla,ENSG00000188157-0.fa,85,1844,0.0488431453704834,-165.04390105933282,0.00505902192242833,3,2,True,378,0.9278438030560272,0.05015045135406219,139.24984878624127,0.07886576652526855,-165.04390105933282,0.008171603677221655,952,0.060709476470947266
Gorilla,ENSG00000188157-0.fa,90,1844,0.049192190170288086,-165.04390105933282,0.00505902192242833,3,2,True,378,0.9387151310228233,0.05015045135406219,139.24984878624127,0.07886576652526855,-165.04390105933282,0.008171603677221655,952,0.060709476470947266
Gorilla,ENSG00000188157-0.fa,95,1844,0.1624469757080078,-165.04390105933282,0.00505902192242833,3,2,True,378,0.9494949494949495,0.05015045135406219,139.24984878624127,0.07886576652526855,-165.04390105933282,0.008171603677221655,952,0.060709476470947266
Gorilla,ENSG00000134698-1.fa,45,8097,0.38309335708618164,1327.3476511319204,0.008476072752957796,8,8,True,1337,0.6824514991181658,0.014935391844269173,2527.101890198531,2.8558149337768555,1641.9519924957367,0.03253202821361739,4792,1.4898979663848877
Gorilla,ENSG00000134698-1.fa,50,8097,0.2693336009979248,1327.3476511319204,0.008371927324545779,8,8,True,1337,0.7050459511010925,0.014935391844269173,2527.101890198531,2.8558149337768555,1641.9519924957367,0.03253202821361739,4792,1.4898979663848877
Gorilla,ENSG00000134698-1.fa,55,8097,0.38184070587158203,1327.3476511319204,0.008371927324545779,8,8,True,1337,0.7258064516129032,0.014935391844269173,2527.101890198531,2.8558149337768555,1641.9519924957367,0.03253202821361739,4792,1.4898979663848877
Gorilla,ENSG00000134698-1.fa,60,8097,0.3853433132171631,1327.3476511319204,0.00827784775958251,8,8,False,1337,0.7440255806125884,0.014935391844269173,2527.101890198531,2.8558149337768555,1641.9519924957367,0.03253202821361739,4792,1.4898979663848877
Gorilla,ENSG00000134698-1.fa,65,8097,0.26461100578308105,1327.3476511319204,0.12909896602658788,8,8,False,1337,0.7602028094090267,0.014935391844269173,2527.101890198531,2.8558149337768555,1641.9519924957367,0.03253202821361739,4792,1.4898979663848877
Gorilla,ENSG00000134698-1.fa,70,8097,0.4087400436401367,1327.3476511319204,0.008375819373634377,7,7,False,1337,0.7748828799210981,0.014935391844269173,2527.101890198531,2.8558149337768555,1641.9519924957367,0.03253202821361739,4792,1.4898979663848877
Gorilla,ENSG00000134698-1.fa,75,8097,0.2796664237976074,1327.3476511319204,0.00711040884850879,7,7,False,1337,0.7882534775888717,0.014935391844269173,2527.101890198531,2.8558149337768555,1641.9519924957367,0.03253202821361739,4792,1.4898979663848877
Gorilla,ENSG00000134698-1.fa,80,8097,0.39069128036499023,1327.3476511319204,0.00711040884850879,7,7,False,1337,0.7998064984277997,0.014935391844269173,2527.101890198531,2.8558149337768555,1641.9519924957367,0.03253202821361739,4792,1.4898979663848877
Gorilla,ENSG00000134698-1.fa,85,8097,0.3888208866119385,1327.3476511319204,0.006872852233676976,7,7,False,1337,0.8111563973467594,0.014935391844269173,2527.101890198531,2.8558149337768555,1641.9519924957367,0.03253202821361739,4792,1.4898979663848877
Gorilla,ENSG00000134698-1.fa,90,8097,0.2911982536315918,1327.3476511319204,0.0064542993962107015,7,7,False,1337,0.8214682099254796,0.014935391844269173,2527.101890198531,2.8558149337768555,1641.9519924957367,0.03253202821361739,4792,1.4898979663848877
Gorilla,ENSG00000134698-1.fa,95,8097,0.3996877670288086,1327.3476511319204,0.0064542993962107015,7,7,False,1337,0.8310645998898418,0.014935391844269173,2527.101890198531,2.8558149337768555,1641.9519924957367,0.03253202821361739,4792,1.4898979663848877
Gorilla,ENSG00000188157-1.fa,25,1067,0.022377967834472656,1023.7694933897922,0.016981132075471698,1,2,False,914,0.5674931129476584,0.017907634307257305,1023.7694933897922,0.0995941162109375,1023.7694933897922,0.017907634307257305,1033,0.03749203681945801
Gorilla,ENSG00000188157-1.fa,30,1067,0.021714448928833008,1023.7694933897922,0.016981132075471698,1,2,False,914,0.6282306163021869,0.017907634307257305,1023.7694933897922,0.0995941162109375,1023.7694933897922,0.017907634307257305,1033,0.03749203681945801
Gorilla,ENSG00000188157-1.fa,35,1067,0.02063131332397461,1023.7694933897922,0.016981132075471698,1,2,False,914,0.6803331197950032,0.017907634307257305,1023.7694933897922,0.0995941162109375,1023.7694933897922,0.017907634307257305,1033,0.03749203681945801
Gorilla,ENSG00000188157-1.fa,40,1067,0.022693395614624023,1023.7694933897922,0.016981132075471698,1,2,False,914,0.7235367372353674,0.017907634307257305,1023.7694933897922,0.0995941162109375,1023.7694933897922,0.017907634307257305,1033,0.03749203681945801
Gorilla,ENSG00000188157-1.fa,45,1067,0.022910356521606445,1023.7694933897922,0.016981132075471698,1,2,False,914,0.7636363636363637,0.017907634307257305,1023.7694933897922,0.0995941162109375,1023.7694933897922,0.017907634307257305,1033,0.03749203681945801
Gorilla,ENSG00000188157-1.fa,50,1067,0.02432084083557129,1023.7694933897922,0.016981132075471698,1,2,False,914,0.798105387803434,0.017907634307257305,1023.7694933897922,0.0995941162109375,1023.7694933897922,0.017907634307257305,1033,0.03749203681945801
Gorilla,ENSG00000188157-1.fa,55,1067,0.18279242515563965,1023.7694933897922,0.016981132075471698,1,2,False,914,0.8283062645011601,0.017907634307257305,1023.7694933897922,0.0995941162109375,1023.7694933897922,0.017907634307257305,1033,0.03749203681945801
Gorilla,ENSG00000188157-1.fa,60,1067,0.0197446346282959,1023.7694933897922,0.016981132075471698,1,2,False,914,0.8547008547008547,0.017907634307257305,1023.7694933897922,0.0995941162109375,1023.7694933897922,0.017907634307257305,1033,0.03749203681945801
Gorilla,ENSG00000188157-1.fa,65,1067,0.021045446395874023,1023.7694933897922,0.0175054704595186,1,1,False,914,0.8789237668161435,0.017907634307257305,1023.7694933897922,0.0995941162109375,1023.7694933897922,0.017907634307257305,1033,0.03749203681945801
Gorilla,ENSG00000188157-1.fa,70,1067,0.021897315979003906,1023.7694933897922,0.01775147928994083,1,1,False,845,0.8993362831858407,0.017907634307257305,1023.7694933897922,0.0995941162109375,1023.7694933897922,0.017907634307257305,1033,0.03749203681945801
Gorilla,ENSG00000188157-1.fa,75,1067,0.0209658145904541,1023.7694933897922,0.01775147928994083,1,1,False,845,0.9144736842105263,0.017907634307257305,1023.7694933897922,0.0995941162109375,1023.7694933897922,0.017907634307257305,1033,0.03749203681945801
Gorilla,ENSG00000188157-1.fa,80,1067,0.020992279052734375,1023.7694933897922,0.01775147928994083,1,1,False,845,0.9287656334964655,0.017907634307257305,1023.7694933897922,0.0995941162109375,1023.7694933897922,0.017907634307257305,1033,0.03749203681945801
Gorilla,ENSG00000188157-1.fa,85,1067,0.020219802856445312,1023.7694933897922,0.01775147928994083,1,1,False,845,0.9428263214670982,0.017907634307257305,1023.7694933897922,0.0995941162109375,1023.7694933897922,0.017907634307257305,1033,0.03749203681945801
Gorilla,ENSG00000188157-1.fa,90,1067,0.02087092399597168,1023.7694933897922,0.01775147928994083,1,1,False,845,0.956661316211878,0.017907634307257305,1023.7694933897922,0.0995941162109375,1023.7694933897922,0.017907634307257305,1033,0.03749203681945801
Gorilla,ENSG00000188157-1.fa,95,1067,0.019759416580200195,1023.7694933897922,0.01775147928994083,1,1,False,845,0.9675359233634913,0.017907634307257305,1023.7694933897922,0.0995941162109375,1023.7694933897922,0.017907634307257305,1033,0.03749203681945801
Gorilla,ENSG00000153207-0.fa,25,1132,0.02731013298034668,1001.9396737538154,0.003933136676499509,7,7,False,499,0.4606741573033708,0.009927797833935019,976.9265472297689,0.04585075378417969,989.9393444300904,0.009025270758122744,1105,0.04012656211853027
Gorilla,ENSG00000153207-0.fa,30,1132,0.1545698642730713,1001.9396737538154,0.003933136676499509,7,7,False,499,0.5075239398084815,0.009927797833935019,976.9265472297689,0.04585075378417969,989.9393444300904,0.009025270758122744,1105,0.04012656211853027
Gorilla,ENSG00000153207-0.fa,35,1132,0.027796506881713867,995.9395095401815,0.004056795131845842,6,6,False,499,0.5461847389558233,0.009927797833935019,976.9265472297689,0.04585075378417969,989.9393444300904,0.009025270758122744,1105,0.04012656211853027
Gorilla,ENSG00000153207-0.fa,40,1132,0.02771306037902832,995.9395095401815,0.004056795131845842,6,6,False,499,0.5813648293963254,0.009927797833935019,976.9265472297689,0.04585075378417969,989.9393444300904,0.009025270758122744,1105,0.04012656211853027
Gorilla,ENSG00000153207-0.fa,45,1132,0.025754213333129883,995.9395095401815,0.00423728813559322,5,5,False,499,0.6134020618556701,0.009927797833935019,976.9265472297689,0.04585075378417969,989.9393444300904,0.009025270758122744,1105,0.04012656211853027
Gorilla,ENSG00000153207-0.fa,50,1132,0.024384498596191406,995.9395095401815,0.00423728813559322,5,5,False,499,0.6417247939124922,0.009927797833935019,976.9265472297689,0.04585075378417969,989.9393444300904,0.009025270758122744,1105,0.04012656211853027
Gorilla,ENSG00000153207-0.fa,55,1132,0.026022911071777344,995.9395095401815,0.00423728813559322,5,5,False,499,0.66916354556804,0.009927797833935019,976.9265472297689,0.04585075378417969,989.9393444300904,0.009025270758122744,1105,0.04012656211853027
Gorilla,ENSG00000153207-0.fa,60,1132,0.025908231735229492,995.9395095401815,0.00423728813559322,5,5,False,499,0.6957590657652121,0.009927797833935019,976.9265472297689,0.04585075378417969,989.9393444300904,0.009025270758122744,1105,0.04012656211853027
Gorilla,ENSG00000153207-0.fa,65,1132,0.027027606964111328,995.9395095401815,0.15409139213602552,5,4,False,499,0.7184466019417476,0.009927797833935019,976.9265472297689,0.04585075378417969,989.9393444300904,0.009025270758122744,1105,0.04012656211853027
Gorilla,ENSG00000153207-0.fa,70,1132,0.02585315704345703,989.9393444300904,0.004550625711035267,4,4,False,499,0.7367788461538461,0.009927797833935019,976.9265472297689,0.04585075378417969,989.9393444300904,0.009025270758122744,1105,0.04012656211853027
Gorilla,ENSG00000153207-0.fa,75,1132,0.026372909545898438,989.9393444300904,0.004550625711035267,4,4,False,499,0.7540202501488982,0.009927797833935019,976.9265472297689,0.04585075378417969,989.9393444300904,0.009025270758122744,1105,0.04012656211853027
Gorilla,ENSG00000153207-0.fa,80,1132,0.026480913162231445,989.9393444300904,0.004550625711035267,4,4,False,499,0.7709563164108619,0.009927797833935019,976.9265472297689,0.04585075378417969,989.9393444300904,0.009025270758122744,1105,0.04012656211853027
Gorilla,ENSG00000153207-0.fa,85,1132,0.025650739669799805,989.9393444300904,0.004550625711035267,4,4,False,499,0.7875950848449386,0.009927797833935019,976.9265472297689,0.04585075378417969,989.9393444300904,0.009025270758122744,1105,0.04012656211853027
Gorilla,ENSG00000153207-0.fa,90,1132,0.13916707038879395,989.9393444300904,0.2769556025369979,3,2,False,499,0.8018593840790238,0.009927797833935019,976.9265472297689,0.04585075378417969,989.9393444300904,0.009025270758122744,1105,0.04012656211853027
Gorilla,ENSG00000153207-0.fa,95,1132,0.01989889144897461,869.6297412869513,0.17916666666666667,1,2,False,499,0.8118123914302258,0.009927797833935019,976.9265472297689,0.04585075378417969,989.9393444300904,0.009025270758122744,1105,0.04012656211853027
Gorilla,ENSG00000154027-0.fa,10,728,0.013514280319213867,723.9852760293287,0.005494505494505495,0,1,True,728,0.07837837837837835,0.005494505494505495,723.9852760293287,0.02219414710998535,723.9852760293287,0.005494505494505495,728,0.020402193069458008
Gorilla,ENSG00000154027-0.fa,15,728,0.012667179107666016,723.9852760293287,0.005494505494505495,0,1,False,728,0.10358565737051795,0.005494505494505495,723.9852760293287,0.02219414710998535,723.9852760293287,0.005494505494505495,728,0.020402193069458008
Gorilla,ENSG00000154027-0.fa,20,728,0.012005329132080078,723.9852760293287,0.005494505494505495,0,1,False,728,0.12928759894459108,0.005494505494505495,723.9852760293287,0.02219414710998535,723.9852760293287,0.005494505494505495,728,0.020402193069458008
Gorilla,ENSG00000154027-0.fa,25,728,0.14372587203979492,723.9852760293287,0.005494505494505495,0,1,False,728,0.15465268676277855,0.005494505494505495,723.9852760293287,0.02219414710998535,723.9852760293287,0.005494505494505495,728,0.020402193069458008
Gorilla,ENSG00000154027-0.fa,30,728,0.012331247329711914,723.9852760293287,0.005494505494505495,0,1,False,728,0.1796875,0.005494505494505495,723.9852760293287,0.02219414710998535,723.9852760293287,0.005494505494505495,728,0.020402193069458008
Gorilla,ENSG00000154027-0.fa,35,728,0.012695550918579102,723.9852760293287,0.005494505494505495,0,1,False,728,0.20439844760672699,0.005494505494505495,723.9852760293287,0.02219414710998535,723.9852760293287,0.005494505494505495,728,0.020402193069458008
Gorilla,ENSG00000154027-0.fa,40,728,0.012120485305786133,723.9852760293287,0.005494505494505495,0,1,False,728,0.22879177377892035,0.005494505494505495,723.9852760293287,0.02219414710998535,723.9852760293287,0.005494505494505495,728,0.020402193069458008
Gorilla,ENSG00000154027-0.fa,45,728,0.012334108352661133,723.9852760293287,0.005494505494505495,0,1,False,728,0.25287356321839083,0.005494505494505495,723.9852760293287,0.02219414710998535,723.9852760293287,0.005494505494505495,728,0.020402193069458008
Gorilla,ENSG00000154027-0.fa,50,728,0.011911153793334961,723.9852760293287,0.005494505494505495,0,1,False,728,0.2766497461928934,0.005494505494505495,723.9852760293287,0.02219414710998535,723.9852760293287,0.005494505494505495,728,0.020402193069458008
Gorilla,ENSG00000154027-0.fa,55,728,0.011953592300415039,723.9852760293287,0.005494505494505495,0,1,False,728,0.30012610340479196,0.005494505494505495,723.9852760293287,0.02219414710998535,723.9852760293287,0.005494505494505495,728,0.020402193069458008
Gorilla,ENSG00000154027-0.fa,60,728,0.011452913284301758,723.9852760293287,0.005494505494505495,0,1,False,728,0.32330827067669177,0.005494505494505495,723.9852760293287,0.02219414710998535,723.9852760293287,0.005494505494505495,728,0.020402193069458008
Gorilla,ENSG00000154027-0.fa,65,728,0.011595487594604492,723.9852760293287,0.005494505494505495,0,1,False,728,0.3462017434620175,0.005494505494505495,723.9852760293287,0.02219414710998535,723.9852760293287,0.005494505494505495,728,0.020402193069458008
Gorilla,ENSG00000154027-0.fa,70,728,0.011617422103881836,723.9852760293287,0.005494505494505495,0,1,False,728,0.36679058240396534,0.005494505494505495,723.9852760293287,0.02219414710998535,723.9852760293287,0.005494505494505495,728,0.020402193069458008
Gorilla,ENSG00000154027-0.fa,75,728,0.011063575744628906,723.9852760293287,0.005494505494505495,0,1,False,728,0.379182156133829,0.005494505494505495,723.9852760293287,0.02219414710998535,723.9852760293287,0.005494505494505495,728,0.020402193069458008
Gorilla,ENSG00000154027-0.fa,80,728,0.011306047439575195,723.9852760293287,0.005494505494505495,0,1,False,728,0.39157372986369265,0.005494505494505495,723.9852760293287,0.02219414710998535,723.9852760293287,0.005494505494505495,728,0.020402193069458008
Gorilla,ENSG00000154027-0.fa,85,728,0.010785579681396484,723.9852760293287,0.005494505494505495,0,1,False,728,0.4039653035935564,0.005494505494505495,723.9852760293287,0.02219414710998535,723.9852760293287,0.005494505494505495,728,0.020402193069458008
Gorilla,ENSG00000154027-0.fa,90,728,0.011337757110595703,723.9852760293287,0.005494505494505495,0,1,False,728,0.4163568773234201,0.005494505494505495,723.9852760293287,0.02219414710998535,723.9852760293287,0.005494505494505495,728,0.020402193069458008
Gorilla,ENSG00000154027-0.fa,95,728,0.010797977447509766,723.9852760293287,0.005494505494505495,0,1,False,728,0.42874845105328374,0.005494505494505495,723.9852760293287,0.02219414710998535,723.9852760293287,0.005494505494505495,728,0.020402193069458008
Gorilla,ENSG00000174574-0.fa,70,9399,0.3020362854003906,3739.5248039728804,0.008115236356258876,14,15,True,1035,0.8457575269682821,0.0188900278225216,3860.3476538094446,3.7706618309020996,3735.524365195489,0.01785452948924338,4990,1.6610093116760254
Gorilla,ENSG00000174574-0.fa,75,9399,0.18601036071777344,3739.5248039728804,0.04319478402607987,14,14,True,1035,0.86017825879357,0.0188900278225216,3860.3476538094446,3.7706618309020996,3735.524365195489,0.01785452948924338,4990,1.6610093116760254
Gorilla,ENSG00000174574-0.fa,80,9399,0.3580305576324463,3739.5248039728804,0.007989347536617843,12,13,True,1035,0.8728533165274933,0.0188900278225216,3860.3476538094446,3.7706618309020996,3735.524365195489,0.01785452948924338,4990,1.6610093116760254
Gorilla,ENSG00000174574-0.fa,85,9399,0.24957633018493652,3739.5248039728804,0.007054673721340388,11,12,True,1035,0.8832721306352058,0.0188900278225216,3860.3476538094446,3.7706618309020996,3735.524365195489,0.01785452948924338,4990,1.6610093116760254
Gorilla,ENSG00000174574-0.fa,90,9399,0.37250280380249023,3739.5248039728804,0.06168505516549649,11,11,True,1035,0.8918037876435889,0.0188900278225216,3860.3476538094446,3.7706618309020996,3735.524365195489,0.01785452948924338,4990,1.6610093116760254
Gorilla,ENSG00000174574-0.fa,95,9399,0.37189221382141113,3739.5248039728804,0.005724098454493417,9,10,True,1035,0.8989501312335958,0.0188900278225216,3860.3476538094446,3.7706618309020996,3735.524365195489,0.01785452948924338,4990,1.6610093116760254
Gorilla,ENSG00000004455-1.fa,95,14095,0.39600419998168945,12191.488663201108,0.011074580377227894,12,13,True,2169,0.8488103389250257,0.013339328537170264,12142.398043232606,10.87138032913208,12158.523045501375,0.012808029361096547,8747,4.741441249847412
Gorilla,ENSG00000117448-0.fa,45,7059,0.25519657135009766,5995.910744005326,0.012805061765592046,10,11,False,2022,0.6939080138072582,0.0155049786628734,6771.857531724344,2.376582384109497,6746.899196999082,0.015222649025465928,6539,1.3715870380401611
Gorilla,ENSG00000117448-0.fa,50,7059,0.13400697708129883,5995.910744005326,0.012744651797906235,10,11,False,2022,0.7278348640538328,0.0155049786628734,6771.857531724344,2.376582384109497,6746.899196999082,0.015222649025465928,6539,1.3715870380401611
Gorilla,ENSG00000117448-0.fa,55,7059,0.2506904602050781,5995.910744005326,0.012744651797906235,10,11,False,2022,0.7574437827748645,0.0155049786628734,6771.857531724344,2.376582384109497,6746.899196999082,0.015222649025465928,6539,1.3715870380401611
Gorilla,ENSG00000117448-0.fa,60,7059,0.1344764232635498,5995.910744005326,0.012616822429906542,10,11,False,1963,0.7840543128209592,0.0155049786628734,6771.857531724344,2.376582384109497,6746.899196999082,0.015222649025465928,6539,1.3715870380401611
Gorilla,ENSG00000117448-0.fa,90,7059,0.15277886390686035,6746.899196999082,0.010625501202886928,9,10,False,1963,0.8844333948191515,0.0155049786628734,6771.857531724344,2.376582384109497,6746.899196999082,0.015222649025465928,6539,1.3715870380401611
Gorilla,ENSG00000117448-0.fa,95,7059,0.27925992012023926,6746.899196999082,0.010625501202886928,9,10,False,1963,0.8952471785089811,0.0155049786628734,6771.857531724344,2.376582384109497,6746.899196999082,0.015222649025465928,6539,1.3715870380401611
Gorilla,ENSG00000117448-1.fa,45,8277,0.16576886177062988,1990.2732770831635,0.009355509355509356,14,15,False,1655,0.6031300501828698,0.012291370164316211,6364.21293550761,3.2985382080078125,7873.164957738502,0.012266213262084042,8008,1.762176513671875
Gorilla,ENSG00000117448-1.fa,50,8277,0.27969813346862793,1990.2732770831635,0.009355509355509356,14,15,False,1655,0.635093555093555,0.012291370164316211,6364.21293550761,3.2985382080078125,7873.164957738502,0.012266213262084042,8008,1.762176513671875
Gorilla,ENSG00000117448-1.fa,70,8277,0.2905280590057373,7904.131795701117,0.006930842248003616,13,14,False,1419,0.7317583268783888,0.012291370164316211,6364.21293550761,3.2985382080078125,7873.164957738502,0.012266213262084042,8008,1.762176513671875
Gorilla,ENSG00000117448-1.fa,75,8277,0.2893075942993164,7904.131795701117,0.006930842248003616,13,14,False,1419,0.7481447479152321,0.012291370164316211,6364.21293550761,3.2985382080078125,7873.164957738502,0.012266213262084042,8008,1.762176513671875
Gorilla,ENSG00000117448-1.fa,80,8277,0.18060755729675293,7898.131475849372,0.0063401489935013475,13,14,False,1419,0.7630105900151286,0.012291370164316211,6364.21293550761,3.2985382080078125,7873.164957738502,0.012266213262084042,8008,1.762176513671875
Gorilla,ENSG00000117448-1.fa,85,8277,0.28757762908935547,7898.131475849372,0.006106379559697895,13,14,False,1419,0.7758969365590592,0.012291370164316211,6364.21293550761,3.2985382080078125,7873.164957738502,0.012266213262084042,8008,1.762176513671875
Gorilla,ENSG00000117448-1.fa,90,8277,0.16622042655944824,7898.131475849372,0.006193969030154849,12,13,False,1419,0.7882632242747978,0.012291370164316211,6364.21293550761,3.2985382080078125,7873.164957738502,0.012266213262084042,8008,1.762176513671875
Gorilla,ENSG00000117448-1.fa,95,8277,0.2969331741333008,7898.131475849372,0.006217442446647623,11,12,False,1419,0.7992496689716051,0.012291370164316211,6364.21293550761,3.2985382080078125,7873.164957738502,0.012266213262084042,8008,1.762176513671875
Gorilla,ENSG00000053371-1.fa,10,273,0.006366729736328125,269.97780490935605,0.01098901098901099,0,1,False,273,0.16027874564459932,0.01098901098901099,269.97780490935605,0.006377696990966797,269.97780490935605,0.01098901098901099,273,0.005309104919433594
Gorilla,ENSG00000053371-1.fa,15,273,0.005300760269165039,269.97780490935605,0.01098901098901099,0,1,False,273,0.226027397260274,0.01098901098901099,269.97780490935605,0.006377696990966797,269.97780490935605,0.01098901098901099,273,0.005309104919433594
Gorilla,ENSG00000053371-1.fa,20,273,0.005221843719482422,269.97780490935605,0.01098901098901099,0,1,False,273,0.2895622895622896,0.01098901098901099,269.97780490935605,0.006377696990966797,269.97780490935605,0.01098901098901099,273,0.005309104919433594
Gorilla,ENSG00000053371-1.fa,25,273,0.004980802536010742,269.97780490935605,0.01098901098901099,0,1,False,273,0.3509933774834437,0.01098901098901099,269.97780490935605,0.006377696990966797,269.97780490935605,0.01098901098901099,273,0.005309104919433594
Gorilla,ENSG00000053371-1.fa,30,273,0.005941867828369141,269.97780490935605,0.01098901098901099,0,1,False,273,0.3894389438943895,0.01098901098901099,269.97780490935605,0.006377696990966797,269.97780490935605,0.01098901098901099,273,0.005309104919433594
Gorilla,ENSG00000053371-1.fa,35,273,0.00448918342590332,269.97780490935605,0.01098901098901099,0,1,False,273,0.42244224422442245,0.01098901098901099,269.97780490935605,0.006377696990966797,269.97780490935605,0.01098901098901099,273,0.005309104919433594
Gorilla,ENSG00000053371-1.fa,40,273,0.004419803619384766,269.97780490935605,0.01098901098901099,0,1,False,273,0.4554455445544554,0.01098901098901099,269.97780490935605,0.006377696990966797,269.97780490935605,0.01098901098901099,273,0.005309104919433594
Gorilla,ENSG00000053371-1.fa,45,273,0.004444122314453125,269.97780490935605,0.01098901098901099,0,1,False,273,0.4884488448844885,0.01098901098901099,269.97780490935605,0.006377696990966797,269.97780490935605,0.01098901098901099,273,0.005309104919433594
Gorilla,ENSG00000053371-1.fa,50,273,0.004728555679321289,269.97780490935605,0.01098901098901099,0,1,False,273,0.5214521452145214,0.01098901098901099,269.97780490935605,0.006377696990966797,269.97780490935605,0.01098901098901099,273,0.005309104919433594
Gorilla,ENSG00000053371-1.fa,55,273,0.004221200942993164,269.97780490935605,0.01098901098901099,0,1,False,273,0.5544554455445545,0.01098901098901099,269.97780490935605,0.006377696990966797,269.97780490935605,0.01098901098901099,273,0.005309104919433594
Gorilla,ENSG00000053371-1.fa,60,273,0.005311489105224609,269.97780490935605,0.01098901098901099,0,1,False,273,0.5874587458745875,0.01098901098901099,269.97780490935605,0.006377696990966797,269.97780490935605,0.01098901098901099,273,0.005309104919433594
Gorilla,ENSG00000053371-1.fa,65,273,0.004159450531005859,269.97780490935605,0.01098901098901099,0,1,False,273,0.6204620462046204,0.01098901098901099,269.97780490935605,0.006377696990966797,269.97780490935605,0.01098901098901099,273,0.005309104919433594
Gorilla,ENSG00000053371-1.fa,70,273,0.004122257232666016,269.97780490935605,0.01098901098901099,0,1,False,273,0.6534653465346535,0.01098901098901099,269.97780490935605,0.006377696990966797,269.97780490935605,0.01098901098901099,273,0.005309104919433594
Gorilla,ENSG00000053371-1.fa,75,273,0.0039920806884765625,269.97780490935605,0.01098901098901099,0,1,False,273,0.6864686468646864,0.01098901098901099,269.97780490935605,0.006377696990966797,269.97780490935605,0.01098901098901099,273,0.005309104919433594
Gorilla,ENSG00000053371-1.fa,80,273,0.004126071929931641,269.97780490935605,0.01098901098901099,0,1,False,273,0.7194719471947195,0.01098901098901099,269.97780490935605,0.006377696990966797,269.97780490935605,0.01098901098901099,273,0.005309104919433594
Gorilla,ENSG00000053371-1.fa,85,273,0.003733396530151367,269.97780490935605,0.01098901098901099,0,1,False,273,0.7524752475247525,0.01098901098901099,269.97780490935605,0.006377696990966797,269.97780490935605,0.01098901098901099,273,0.005309104919433594
Gorilla,ENSG00000053371-1.fa,90,273,0.004873514175415039,269.97780490935605,0.01098901098901099,0,1,False,273,0.7854785478547854,0.01098901098901099,269.97780490935605,0.006377696990966797,269.97780490935605,0.01098901098901099,273,0.005309104919433594
Gorilla,ENSG00000053371-1.fa,95,273,0.003474712371826172,269.97780490935605,0.01098901098901099,0,1,False,273,0.8184818481848185,0.01098901098901099,269.97780490935605,0.006377696990966797,269.97780490935605,0.01098901098901099,273,0.005309104919433594
Gorilla,ENSG00000211454-1.fa,40,1451,0.18286681175231934,1304.601845463229,0.01592356687898089,4,4,False,643,0.7506678539626002,0.02092050209205021,1315.5736427080517,0.06825566291809082,1279.655062053092,0.01884159106769016,1215,0.06450319290161133
Gorilla,ENSG00000211454-1.fa,45,1451,0.03202390670776367,1304.601845463229,0.01592356687898089,4,4,False,643,0.7822299651567944,0.02092050209205021,1315.5736427080517,0.06825566291809082,1279.655062053092,0.01884159106769016,1215,0.06450319290161133
Gorilla,ENSG00000211454-1.fa,50,1451,0.03197932243347168,1304.601845463229,0.01592356687898089,4,4,False,643,0.8124467178175618,0.02092050209205021,1315.5736427080517,0.06825566291809082,1279.655062053092,0.01884159106769016,1215,0.06450319290161133
Gorilla,ENSG00000211454-1.fa,55,1451,0.03143453598022461,1304.601845463229,0.01517706576728499,4,4,False,573,0.8365465213746857,0.02092050209205021,1315.5736427080517,0.06825566291809082,1279.655062053092,0.01884159106769016,1215,0.06450319290161133
Gorilla,ENSG00000211454-1.fa,60,1451,0.0325007438659668,1304.601845463229,0.015070921985815602,4,4,False,573,0.8565522943365027,0.02092050209205021,1315.5736427080517,0.06825566291809082,1279.655062053092,0.01884159106769016,1215,0.06450319290161133
Gorilla,ENSG00000211454-1.fa,65,1451,0.03263092041015625,1304.601845463229,0.015932521087160263,3,3,False,573,0.87280163599182,0.02092050209205021,1315.5736427080517,0.06825566291809082,1279.655062053092,0.01884159106769016,1215,0.06450319290161133
Gorilla,ENSG00000211454-1.fa,70,1451,0.031650543212890625,1304.601845463229,0.015932521087160263,3,3,False,573,0.883739837398374,0.02092050209205021,1315.5736427080517,0.06825566291809082,1279.655062053092,0.01884159106769016,1215,0.06450319290161133
Gorilla,ENSG00000211454-1.fa,75,1451,0.03167438507080078,1304.601845463229,0.015932521087160263,3,3,False,573,0.8945454545454545,0.02092050209205021,1315.5736427080517,0.06825566291809082,1279.655062053092,0.01884159106769016,1215,0.06450319290161133
Gorilla,ENSG00000211454-1.fa,80,1451,0.03128623962402344,1304.601845463229,0.015932521087160263,3,3,False,573,0.9052208835341365,0.02092050209205021,1315.5736427080517,0.06825566291809082,1279.655062053092,0.01884159106769016,1215,0.06450319290161133
Gorilla,ENSG00000211454-1.fa,85,1451,0.14345932006835938,1304.601845463229,0.015932521087160263,3,3,False,573,0.9157684630738523,0.02092050209205021,1315.5736427080517,0.06825566291809082,1279.655062053092,0.01884159106769016,1215,0.06450319290161133
Gorilla,ENSG00000211454-1.fa,90,1451,0.030888795852661133,1304.601845463229,0.015932521087160263,3,3,False,573,0.9261904761904762,0.02092050209205021,1315.5736427080517,0.06825566291809082,1279.655062053092,0.01884159106769016,1215,0.06450319290161133
Gorilla,ENSG00000211454-1.fa,95,1451,0.03146862983703613,1304.601845463229,0.015932521087160263,3,3,False,573,0.9364891518737672,0.02092050209205021,1315.5736427080517,0.06825566291809082,1279.655062053092,0.01884159106769016,1215,0.06450319290161133
Gorilla,ENSG00000053371-0.fa,20,9918,0.3149697780609131,-171.0,0.011581834806461445,15,16,True,3550,0.37323420074349445,0.01228052369836598,9486.998422800416,5.585708856582642,9451.047635689953,0.011977263499796996,5168,2.4619240760803223
Gorilla,ENSG00000053371-0.fa,25,9918,0.19019198417663574,-171.0,0.011581834806461445,15,16,True,3550,0.4355657832090144,0.01228052369836598,9486.998422800416,5.585708856582642,9451.047635689953,0.011977263499796996,5168,2.4619240760803223
Gorilla,ENSG00000053371-0.fa,85,9918,0.3319556713104248,9476.014999477744,0.008796579108124617,10,11,False,3434,0.7694915254237288,0.01228052369836598,9486.998422800416,5.585708856582642,9451.047635689953,0.011977263499796996,5168,2.4619240760803223
Gorilla,ENSG00000053371-0.fa,90,9918,0.3473818302154541,9476.014999477744,0.008733071763067967,9,9,False,3434,0.7818950509823427,0.01228052369836598,9486.998422800416,5.585708856582642,9451.047635689953,0.011977263499796996,5168,2.4619240760803223
Gorilla,ENSG00000053371-0.fa,95,9918,0.21148276329040527,9476.014999477744,0.008213008345476221,9,9,False,3434,0.7930226824457594,0.01228052369836598,9486.998422800416,5.585708856582642,9451.047635689953,0.011977263499796996,5168,2.4619240760803223
Gorilla,ENSG00000211454-0.fa,55,6824,0.32036638259887695,4888.200401932939,0.0101905183872397,9,10,True,759,0.7653093269130116,0.015192832099727308,4818.199138852223,2.1964073181152344,4872.199138852223,0.015192832099727308,5904,1.1862010955810547
Gorilla,ENSG00000211454-0.fa,60,6824,0.20485711097717285,4888.200401932939,0.009377859103385178,9,10,True,759,0.7844391703642555,0.015192832099727308,4818.199138852223,2.1964073181152344,4872.199138852223,0.015192832099727308,5904,1.1862010955810547
Gorilla,ENSG00000211454-0.fa,65,6824,0.32632970809936523,4872.199138852223,0.009077878643096034,9,9,True,747,0.8015687073444026,0.015192832099727308,4818.199138852223,2.1964073181152344,4872.199138852223,0.015192832099727308,5904,1.1862010955810547
Gorilla,ENSG00000211454-0.fa,70,6824,0.21675848960876465,4872.199138852223,0.009230021860578091,8,8,True,747,0.817550568582067,0.015192832099727308,4818.199138852223,2.1964073181152344,4872.199138852223,0.015192832099727308,5904,1.1862010955810547
Gorilla,ENSG00000211454-0.fa,75,6824,0.33709216117858887,4872.199138852223,0.00897308075772682,8,8,True,747,0.8322221116529007,0.015192832099727308,4818.199138852223,2.1964073181152344,4872.199138852223,0.015192832099727308,5904,1.1862010955810547
Gorilla,ENSG00000211454-0.fa,80,6824,0.21339154243469238,4872.199138852223,0.008673469387755102,8,8,True,747,0.8458887247661251,0.015192832099727308,4818.199138852223,2.1964073181152344,4872.199138852223,0.015192832099727308,5904,1.1862010955810547
Gorilla,ENSG00000211454-0.fa,85,6824,0.3291432857513428,4872.199138852223,0.008604954367666232,8,8,True,747,0.8591617933723197,0.015192832099727308,4818.199138852223,2.1964073181152344,4872.199138852223,0.015192832099727308,5904,1.1862010955810547
Gorilla,ENSG00000211454-0.fa,90,6824,0.20901823043823242,4872.199138852223,0.008317681781593774,8,8,True,747,0.8709677419354839,0.015192832099727308,4818.199138852223,2.1964073181152344,4872.199138852223,0.015192832099727308,5904,1.1862010955810547
Gorilla,ENSG00000211454-0.fa,95,6824,0.32933807373046875,4872.199138852223,0.007807981492192018,8,8,True,747,0.8817049808429118,0.015192832099727308,4818.199138852223,2.1964073181152344,4872.199138852223,0.015192832099727308,5904,1.1862010955810547
Gorilla,ENSG00000181754.fa,40,5562,0.10110640525817871,5465.891428600401,0.005081669691470054,2,3,False,3220,0.3305097564664953,0.005761613251710479,5490.876452436536,1.5298213958740234,5465.891428600401,0.005402485143165856,5550,0.8259963989257812
Gorilla,ENSG00000181754.fa,45,5562,0.21976089477539062,5465.891428600401,0.005081669691470054,2,3,False,3220,0.3593215295342955,0.005761613251710479,5490.876452436536,1.5298213958740234,5465.891428600401,0.005402485143165856,5550,0.8259963989257812
Gorilla,ENSG00000181754.fa,50,5562,0.10227322578430176,5465.891428600401,0.005081669691470054,2,3,False,3220,0.3872053872053872,0.005761613251710479,5490.876452436536,1.5298213958740234,5465.891428600401,0.005402485143165856,5550,0.8259963989257812
Gorilla,ENSG00000181754.fa,55,5562,0.10024237632751465,5465.891428600401,0.004947773501924134,2,3,False,3220,0.41306228373702425,0.005761613251710479,5490.876452436536,1.5298213958740234,5465.891428600401,0.005402485143165856,5550,0.8259963989257812
Gorilla,ENSG00000181754.fa,60,5562,0.2235398292541504,5465.891428600401,0.004817491198814156,2,3,False,3220,0.4359266107239369,0.005761613251710479,5490.876452436536,1.5298213958740234,5465.891428600401,0.005402485143165856,5550,0.8259963989257812
Gorilla,ENSG00000181754.fa,65,5562,0.09819293022155762,5465.891428600401,0.004817491198814156,2,3,False,3220,0.4570987220895941,0.005761613251710479,5490.876452436536,1.5298213958740234,5465.891428600401,0.005402485143165856,5550,0.8259963989257812
Gorilla,ENSG00000181754.fa,70,5562,0.09842276573181152,5465.891428600401,0.004817491198814156,2,3,False,3220,0.4773200166458593,0.005761613251710479,5490.876452436536,1.5298213958740234,5465.891428600401,0.005402485143165856,5550,0.8259963989257812
Gorilla,ENSG00000181754.fa,75,5562,0.2208714485168457,5465.891428600401,0.004817491198814156,2,3,False,3220,0.49643542637784477,0.005761613251710479,5490.876452436536,1.5298213958740234,5465.891428600401,0.005402485143165856,5550,0.8259963989257812
Gorilla,ENSG00000181754.fa,80,5562,0.0969095230102539,5465.891428600401,0.004817491198814156,2,3,False,3220,0.5143050847457626,0.005761613251710479,5490.876452436536,1.5298213958740234,5465.891428600401,0.005402485143165856,5550,0.8259963989257812
Gorilla,ENSG00000181754.fa,85,5562,0.09691190719604492,5465.891428600401,0.004817491198814156,2,3,False,3220,0.5306040268456376,0.005761613251710479,5490.876452436536,1.5298213958740234,5465.891428600401,0.005402485143165856,5550,0.8259963989257812
Gorilla,ENSG00000181754.fa,90,5562,0.21733784675598145,5465.891428600401,0.004817491198814156,2,3,False,3220,0.546578073089701,0.005761613251710479,5490.876452436536,1.5298213958740234,5465.891428600401,0.005402485143165856,5550,0.8259963989257812
Gorilla,ENSG00000181754.fa,95,5562,0.09712886810302734,5465.891428600401,0.004817491198814156,2,3,False,3220,0.5622368421052631,0.005761613251710479,5490.876452436536,1.5298213958740234,5465.891428600401,0.005402485143165856,5550,0.8259963989257812
Gorilla,ENSG00000116337.fa,30,15992,0.46654582023620605,61.950511108894716,0.00977671250157689,12,13,False,3840,0.4311804666732303,0.010479417670682731,15556.82230838771,14.185747623443604,15512.91932631412,0.01004079071226859,12678,6.597336292266846
Gorilla,ENSG00000116337.fa,35,15992,0.41925597190856934,61.950511108894716,0.00977671250157689,12,13,False,3840,0.47484321891904835,0.010479417670682731,15556.82230838771,14.185747623443604,15512.91932631412,0.01004079071226859,12678,6.597336292266846
Gorilla,ENSG00000116337.fa,40,15992,0.43120670318603516,61.950511108894716,0.00973697521497218,12,13,False,3840,0.513812412505833,0.010479417670682731,15556.82230838771,14.185747623443604,15512.91932631412,0.01004079071226859,12678,6.597336292266846
Gorilla,ENSG00000116337.fa,45,15992,0.4212453365325928,33.897082741932536,0.009371413999744995,12,13,False,3840,0.5487488035006154,0.010479417670682731,15556.82230838771,14.185747623443604,15512.91932631412,0.01004079071226859,12678,6.597336292266846
Gorilla,ENSG00000116337.fa,75,15992,0.4500570297241211,10965.044551085852,0.009097501483288285,10,11,False,3769,0.7074876967503152,0.010479417670682731,15556.82230838771,14.185747623443604,15512.91932631412,0.01004079071226859,12678,6.597336292266846
Gorilla,ENSG00000116337.fa,80,15992,0.41533374786376953,10965.044551085852,0.009097501483288285,10,11,False,3769,0.7269485073131636,0.010479417670682731,15556.82230838771,14.185747623443604,15512.91932631412,0.01004079071226859,12678,6.597336292266846
Gorilla,ENSG00000116337.fa,85,15992,0.43084025382995605,10965.044551085852,0.009005981584783924,10,11,False,3769,0.744802782388744,0.010479417670682731,15556.82230838771,14.185747623443604,15512.91932631412,0.01004079071226859,12678,6.597336292266846
Gorilla,ENSG00000116337.fa,90,15992,0.4197053909301758,10965.044551085852,0.009005981584783924,10,11,False,3769,0.7613529962546817,0.010479417670682731,15556.82230838771,14.185747623443604,15512.91932631412,0.01004079071226859,12678,6.597336292266846
Gorilla,ENSG00000116337.fa,95,15992,0.4280412197113037,10965.044551085852,0.008865248226950355,10,11,False,3769,0.7766814415108885,0.010479417670682731,15556.82230838771,14.185747623443604,15512.91932631412,0.01004079071226859,12678,6.597336292266846
Gorilla,ENSG00000132855.fa,80,8813,0.3473849296569824,7153.61384659845,0.006673909669408661,9,9,True,2209,0.734682583603447,0.008571428571428572,7059.637233415635,3.7285637855529785,7153.61384659845,0.008841131664853102,8783,1.9435300827026367
Gorilla,ENSG00000132855.fa,85,8813,0.34662652015686035,7153.61384659845,0.0729594163246694,9,8,True,2209,0.748532978640169,0.008571428571428572,7059.637233415635,3.7285637855529785,7153.61384659845,0.008841131664853102,8783,1.9435300827026367
Gorilla,ENSG00000132855.fa,90,8813,0.22688508033752441,7153.61384659845,0.006409229290177856,8,8,True,2209,0.7610447992559293,0.008571428571428572,7059.637233415635,3.7285637855529785,7153.61384659845,0.008841131664853102,8783,1.9435300827026367
Gorilla,ENSG00000132855.fa,95,8813,0.35592079162597656,7153.61384659845,0.006409229290177856,8,8,True,2209,0.7728529728068828,0.008571428571428572,7059.637233415635,3.7285637855529785,7153.61384659845,0.008841131664853102,8783,1.9435300827026367
Gorilla,ENSG00000171819.fa,25,6636,0.129669189453125,5871.932756718024,0.008619386057765008,6,6,False,3384,0.3404923386083899,0.009206157561122849,6483.622524098481,2.2105584144592285,6458.646912819931,0.008905660377358491,6605,1.1456828117370605
Gorilla,ENSG00000171819.fa,30,6636,0.2575571537017822,5871.932756718024,0.00850546780072904,6,6,False,3355,0.3877152277445354,0.009206157561122849,6483.622524098481,2.2105584144592285,6458.646912819931,0.008905660377358491,6605,1.1456828117370605
Gorilla,ENSG00000171819.fa,35,6636,0.13350415229797363,5871.932756718024,0.00850546780072904,6,6,False,3355,0.42940476190476196,0.009206157561122849,6483.622524098481,2.2105584144592285,6458.646912819931,0.008905660377358491,6605,1.1456828117370605
Gorilla,ENSG00000171819.fa,40,6636,0.2505836486816406,5871.932756718024,0.00850546780072904,6,6,False,3355,0.467271247529357,0.009206157561122849,6483.622524098481,2.2105584144592285,6458.646912819931,0.008905660377358491,6605,1.1456828117370605
Gorilla,ENSG00000171819.fa,45,6636,0.12658143043518066,5871.932756718024,0.00850546780072904,6,6,False,3355,0.5025576901216324,0.009206157561122849,6483.622524098481,2.2105584144592285,6458.646912819931,0.008905660377358491,6605,1.1456828117370605
Gorilla,ENSG00000171819.fa,50,6636,0.2488086223602295,5871.932756718024,0.00850546780072904,6,6,False,3355,0.535817575083426,0.009206157561122849,6483.622524098481,2.2105584144592285,6458.646912819931,0.008905660377358491,6605,1.1456828117370605
Gorilla,ENSG00000171819.fa,65,6636,0.27193737030029297,6483.622524098481,0.007762991128010139,6,6,False,3238,0.6197582764056753,0.009206157561122849,6483.622524098481,2.2105584144592285,6458.646912819931,0.008905660377358491,6605,1.1456828117370605
Gorilla,ENSG00000171819.fa,70,6636,0.12932372093200684,6483.622524098481,0.0074397541646449945,6,6,False,3238,0.6429162357807652,0.009206157561122849,6483.622524098481,2.2105584144592285,6458.646912819931,0.008905660377358491,6605,1.1456828117370605
Gorilla,ENSG00000171819.fa,75,6636,0.24575471878051758,6483.622524098481,0.0074397541646449945,6,6,False,3238,0.6639836984207845,0.009206157561122849,6483.622524098481,2.2105584144592285,6458.646912819931,0.008905660377358491,6605,1.1456828117370605
Gorilla,ENSG00000171819.fa,80,6636,0.12718629837036133,6483.622524098481,0.0074397541646449945,6,6,False,3238,0.6841735288210484,0.009206157561122849,6483.622524098481,2.2105584144592285,6458.646912819931,0.008905660377358491,6605,1.1456828117370605
Gorilla,ENSG00000171819.fa,85,6636,0.2522897720336914,6483.622524098481,0.0074397541646449945,6,6,False,3238,0.7028928076084803,0.009206157561122849,6483.622524098481,2.2105584144592285,6458.646912819931,0.008905660377358491,6605,1.1456828117370605
Gorilla,ENSG00000171819.fa,90,6636,0.12291574478149414,6483.622524098481,0.007548408270429931,5,5,False,3238,0.7197377434191212,0.009206157561122849,6483.622524098481,2.2105584144592285,6458.646912819931,0.008905660377358491,6605,1.1456828117370605
Gorilla,ENSG00000171819.fa,95,6636,0.24655580520629883,6483.622524098481,0.007548408270429931,5,5,False,3238,0.7351973684210527,0.009206157561122849,6483.622524098481,2.2105584144592285,6458.646912819931,0.008905660377358491,6605,1.1456828117370605
Gorilla,ENSG00000116194.fa,70,21704,0.8571634292602539,-13479.388173666703,0.01604015494571444,30,31,True,2950,0.7804195004857976,0.013638073739653875,20066.33089943956,28.361924171447754,20103.549751461298,0.013066980023501762,20371,11.556174993515015
Gorilla,ENSG00000116194.fa,75,21704,0.5785121917724609,2593.821006212347,0.03307984790874525,29,29,True,2950,0.7989751675206938,0.013638073739653875,20066.33089943956,28.361924171447754,20103.549751461298,0.013066980023501762,20371,11.556174993515015
Gorilla,ENSG00000116194.fa,80,21704,0.5993306636810303,2593.821006212347,0.01615020259088056,26,27,True,2950,0.8152161831721685,0.013638073739653875,20066.33089943956,28.361924171447754,20103.549751461298,0.013066980023501762,20371,11.556174993515015
Gorilla,ENSG00000132703.fa,10,1040,0.02072620391845703,1031.9586916660883,0.007692307692307693,0,1,True,1040,0.14414414414414412,0.007692307692307693,1031.9586916660883,0.03815197944641113,1031.9586916660883,0.007692307692307693,1040,0.03476905822753906
Gorilla,ENSG00000132703.fa,15,1040,0.01917409896850586,1031.9586916660883,0.007692307692307693,0,1,False,1040,0.2094240837696335,0.007692307692307693,1031.9586916660883,0.03815197944641113,1031.9586916660883,0.007692307692307693,1040,0.03476905822753906
Gorilla,ENSG00000132703.fa,20,1040,0.019103288650512695,1031.9586916660883,0.007692307692307693,0,1,False,1040,0.270956816257409,0.007692307692307693,1031.9586916660883,0.03815197944641113,1031.9586916660883,0.007692307692307693,1040,0.03476905822753906
Gorilla,ENSG00000132703.fa,25,1040,0.019135475158691406,1031.9586916660883,0.007692307692307693,0,1,False,1040,0.32894736842105265,0.007692307692307693,1031.9586916660883,0.03815197944641113,1031.9586916660883,0.007692307692307693,1040,0.03476905822753906
Gorilla,ENSG00000132703.fa,30,1040,0.018217802047729492,1031.9586916660883,0.007692307692307693,0,1,False,1040,0.3836930455635491,0.007692307692307693,1031.9586916660883,0.03815197944641113,1031.9586916660883,0.007692307692307693,1040,0.03476905822753906
Gorilla,ENSG00000132703.fa,35,1040,0.018143177032470703,1031.9586916660883,0.007692307692307693,0,1,False,1040,0.4354587869362364,0.007692307692307693,1031.9586916660883,0.03815197944641113,1031.9586916660883,0.007692307692307693,1040,0.03476905822753906
Gorilla,ENSG00000132703.fa,40,1040,0.017728567123413086,1031.9586916660883,0.007692307692307693,0,1,False,1040,0.48448145344436033,0.007692307692307693,1031.9586916660883,0.03815197944641113,1031.9586916660883,0.007692307692307693,1040,0.03476905822753906
Gorilla,ENSG00000132703.fa,45,1040,0.017409801483154297,1031.9586916660883,0.007692307692307693,0,1,False,1040,0.5309734513274336,0.007692307692307693,1031.9586916660883,0.03815197944641113,1031.9586916660883,0.007692307692307693,1040,0.03476905822753906
Gorilla,ENSG00000132703.fa,50,1040,0.01683354377746582,1031.9586916660883,0.007692307692307693,0,1,False,1040,0.5710165825522711,0.007692307692307693,1031.9586916660883,0.03815197944641113,1031.9586916660883,0.007692307692307693,1040,0.03476905822753906
Gorilla,ENSG00000132703.fa,55,1040,0.016543149948120117,1031.9586916660883,0.007692307692307693,0,1,False,1040,0.6083274523641495,0.007692307692307693,1031.9586916660883,0.03815197944641113,1031.9586916660883,0.007692307692307693,1040,0.03476905822753906
Gorilla,ENSG00000132703.fa,60,1040,0.016786813735961914,1031.9586916660883,0.007692307692307693,0,1,False,1040,0.6403326403326404,0.007692307692307693,1031.9586916660883,0.03815197944641113,1031.9586916660883,0.007692307692307693,1040,0.03476905822753906
Gorilla,ENSG00000132703.fa,65,1040,0.016342639923095703,1031.9586916660883,0.007692307692307693,0,1,False,1040,0.6666666666666667,0.007692307692307693,1031.9586916660883,0.03815197944641113,1031.9586916660883,0.007692307692307693,1040,0.03476905822753906
Gorilla,ENSG00000132703.fa,70,1040,0.015941858291625977,1031.9586916660883,0.007692307692307693,0,1,False,1040,0.6869506423258959,0.007692307692307693,1031.9586916660883,0.03815197944641113,1031.9586916660883,0.007692307692307693,1040,0.03476905822753906
Gorilla,ENSG00000132703.fa,75,1040,0.015956640243530273,1031.9586916660883,0.007692307692307693,0,1,False,1040,0.7068273092369478,0.007692307692307693,1031.9586916660883,0.03815197944641113,1031.9586916660883,0.007692307692307693,1040,0.03476905822753906
Gorilla,ENSG00000132703.fa,80,1040,0.01564812660217285,1031.9586916660883,0.007692307692307693,0,1,False,1040,0.7263088137839628,0.007692307692307693,1031.9586916660883,0.03815197944641113,1031.9586916660883,0.007692307692307693,1040,0.03476905822753906
Gorilla,ENSG00000132703.fa,85,1040,0.01661086082458496,1031.9586916660883,0.007692307692307693,0,1,False,1040,0.7454068241469816,0.007692307692307693,1031.9586916660883,0.03815197944641113,1031.9586916660883,0.007692307692307693,1040,0.03476905822753906
Gorilla,ENSG00000132703.fa,90,1040,0.01530909538269043,1031.9586916660883,0.007692307692307693,0,1,False,1040,0.7641325536062378,0.007692307692307693,1031.9586916660883,0.03815197944641113,1031.9586916660883,0.007692307692307693,1040,0.03476905822753906
Gorilla,ENSG00000132703.fa,95,1040,0.015208721160888672,1031.9586916660883,0.007692307692307693,0,1,False,1040,0.7824967824967826,0.007692307692307693,1031.9586916660883,0.03815197944641113,1031.9586916660883,0.007692307692307693,1040,0.03476905822753906
Gorilla,ENSG00000117362.fa,15,4184,0.31584596633911133,4088.929298419266,0.004800768122899664,4,5,False,2092,0.1562984281602834,0.0052732502396931925,4077.9222945509127,0.4812610149383545,4078.9292133045747,0.0050335570469798654,4007,0.4595212936401367
Gorilla,ENSG00000117362.fa,20,4184,0.07931351661682129,4086.9292814127066,0.004580520732883318,4,5,False,2092,0.19761646803900323,0.0052732502396931925,4077.9222945509127,0.4812610149383545,4078.9292133045747,0.0050335570469798654,4007,0.4595212936401367
Gorilla,ENSG00000117362.fa,25,4184,0.0795285701751709,4086.9292814127066,0.004580520732883318,4,5,False,2092,0.2360934182590233,0.0052732502396931925,4077.9222945509127,0.4812610149383545,4078.9292133045747,0.0050335570469798654,4007,0.4595212936401367
Gorilla,ENSG00000117362.fa,30,4184,0.07893109321594238,4086.9292814127066,0.004580520732883318,4,5,False,2092,0.27304890738813736,0.0052732502396931925,4077.9222945509127,0.4812610149383545,4078.9292133045747,0.0050335570469798654,4007,0.4595212936401367
Gorilla,ENSG00000117362.fa,35,4184,0.18755435943603516,4086.9292814127066,0.004580520732883318,4,5,False,2092,0.3085714285714286,0.0052732502396931925,4077.9222945509127,0.4812610149383545,4078.9292133045747,0.0050335570469798654,4007,0.4595212936401367
Gorilla,ENSG00000117362.fa,40,4184,0.08497929573059082,4086.9292814127066,0.004381694255111977,4,5,False,2092,0.34274274274274275,0.0052732502396931925,4077.9222945509127,0.4812610149383545,4078.9292133045747,0.0050335570469798654,4007,0.4595212936401367
Gorilla,ENSG00000117362.fa,45,4184,0.07569503784179688,4086.9292814127066,0.004381694255111977,4,5,False,2092,0.3740412979351032,0.0052732502396931925,4077.9222945509127,0.4812610149383545,4078.9292133045747,0.0050335570469798654,4007,0.4595212936401367
Gorilla,ENSG00000117362.fa,50,4184,0.07837104797363281,4086.9292814127066,0.004381694255111977,4,5,False,2092,0.40425120772946865,0.0052732502396931925,4077.9222945509127,0.4812610149383545,4078.9292133045747,0.0050335570469798654,4007,0.4595212936401367
Gorilla,ENSG00000117362.fa,55,4184,0.1886434555053711,4086.9292814127066,0.004190288390436283,4,5,False,2092,0.4316409963871458,0.0052732502396931925,4077.9222945509127,0.4812610149383545,4078.9292133045747,0.0050335570469798654,4007,0.4595212936401367
Gorilla,ENSG00000117362.fa,60,4184,0.07456636428833008,4086.9292814127066,0.004190288390436283,4,5,False,2092,0.4570144221764375,0.0052732502396931925,4077.9222945509127,0.4812610149383545,4078.9292133045747,0.0050335570469798654,4007,0.4595212936401367
Gorilla,ENSG00000117362.fa,65,4184,0.07397031784057617,4086.9292814127066,0.004005006257822278,4,5,False,2030,0.4807976366322009,0.0052732502396931925,4077.9222945509127,0.4812610149383545,4078.9292133045747,0.0050335570469798654,4007,0.4595212936401367
Gorilla,ENSG00000117362.fa,70,4184,0.18944048881530762,4086.9292814127066,0.004005006257822278,4,5,False,2030,0.5022781119008566,0.0052732502396931925,4077.9222945509127,0.4812610149383545,4078.9292133045747,0.0050335570469798654,4007,0.4595212936401367
Gorilla,ENSG00000117362.fa,75,4184,0.07317948341369629,4086.9292814127066,0.004005006257822278,4,5,False,2030,0.5229440345510168,0.0052732502396931925,4077.9222945509127,0.4812610149383545,4078.9292133045747,0.0050335570469798654,4007,0.4595212936401367
Gorilla,ENSG00000117362.fa,80,4184,0.07219457626342773,4086.9292814127066,0.0038294613224406433,4,5,False,2030,0.5423186344238976,0.0052732502396931925,4077.9222945509127,0.4812610149383545,4078.9292133045747,0.0050335570469798654,4007,0.4595212936401367
Gorilla,ENSG00000117362.fa,85,4184,0.06983089447021484,4086.9292814127066,0.0038294613224406433,4,5,False,2030,0.5592116839697343,0.0052732502396931925,4077.9222945509127,0.4812610149383545,4078.9292133045747,0.0050335570469798654,4007,0.4595212936401367
Gorilla,ENSG00000117362.fa,90,4184,0.189528226852417,4086.9292814127066,0.0038294613224406433,4,5,False,2030,0.5747647263855002,0.0052732502396931925,4077.9222945509127,0.4812610149383545,4078.9292133045747,0.0050335570469798654,4007,0.4595212936401367
Gorilla,ENSG00000117362.fa,95,4184,0.07026839256286621,4086.9292814127066,0.0038294613224406433,4,5,False,2030,0.5900224408769204,0.0052732502396931925,4077.9222945509127,0.4812610149383545,4078.9292133045747,0.0050335570469798654,4007,0.4595212936401367
Gorilla,ENSG00000158874.fa,40,1348,0.15603876113891602,1292.8183763314512,0.013302034428794992,1,2,True,765,0.6348873755893139,0.014903129657228018,1303.7986194053124,0.06113028526306152,1292.8183763314512,0.014157973174366617,1341,0.056499481201171875
Gorilla,ENSG00000158874.fa,45,1348,0.0243074893951416,1292.8183763314512,0.013302034428794992,1,2,True,765,0.6682027649769585,0.014903129657228018,1303.7986194053124,0.06113028526306152,1292.8183763314512,0.014157973174366617,1341,0.056499481201171875
Gorilla,ENSG00000158874.fa,50,1348,0.024745464324951172,1292.8183763314512,0.013302034428794992,1,2,False,765,0.6935483870967742,0.014903129657228018,1303.7986194053124,0.06113028526306152,1292.8183763314512,0.014157973174366617,1341,0.056499481201171875
Gorilla,ENSG00000158874.fa,55,1348,0.023842334747314453,1292.8183763314512,0.013302034428794992,1,2,False,765,0.7179741807348561,0.014903129657228018,1303.7986194053124,0.06113028526306152,1292.8183763314512,0.014157973174366617,1341,0.056499481201171875
Gorilla,ENSG00000158874.fa,60,1348,0.024143218994140625,1292.8183763314512,0.013302034428794992,1,2,False,765,0.7416829745596869,0.014903129657228018,1303.7986194053124,0.06113028526306152,1292.8183763314512,0.014157973174366617,1341,0.056499481201171875
Gorilla,ENSG00000158874.fa,65,1348,0.02402782440185547,1292.8183763314512,0.013302034428794992,1,2,False,765,0.7647058823529411,0.014903129657228018,1303.7986194053124,0.06113028526306152,1292.8183763314512,0.014157973174366617,1341,0.056499481201171875
Gorilla,ENSG00000158874.fa,70,1348,0.02433466911315918,1292.8183763314512,0.013302034428794992,1,2,False,765,0.7870722433460076,0.014903129657228018,1303.7986194053124,0.06113028526306152,1292.8183763314512,0.014157973174366617,1341,0.056499481201171875
Gorilla,ENSG00000158874.fa,75,1348,0.024053096771240234,1292.8183763314512,0.013302034428794992,1,2,False,765,0.8082512892639475,0.014903129657228018,1303.7986194053124,0.06113028526306152,1292.8183763314512,0.014157973174366617,1341,0.056499481201171875
Gorilla,ENSG00000158874.fa,80,1348,0.0234982967376709,1292.8183763314512,0.013302034428794992,1,2,False,765,0.8266913809082483,0.014903129657228018,1303.7986194053124,0.06113028526306152,1292.8183763314512,0.014157973174366617,1341,0.056499481201171875
Gorilla,ENSG00000158874.fa,85,1348,0.022594928741455078,1292.8183763314512,0.013302034428794992,1,2,False,765,0.8447091158955566,0.014903129657228018,1303.7986194053124,0.06113028526306152,1292.8183763314512,0.014157973174366617,1341,0.056499481201171875
Gorilla,ENSG00000158874.fa,90,1348,0.12714409828186035,1292.8183763314512,0.013302034428794992,1,2,False,765,0.8623188405797102,0.014903129657228018,1303.7986194053124,0.06113028526306152,1292.8183763314512,0.014157973174366617,1341,0.056499481201171875
Gorilla,ENSG00000158874.fa,95,1348,0.02162027359008789,1292.8183763314512,0.013302034428794992,1,2,False,765,0.8775235531628534,0.014903129657228018,1303.7986194053124,0.06113028526306152,1292.8183763314512,0.014157973174366617,1341,0.056499481201171875
Gorilla,ENSG00000134262.fa,20,11545,0.3662564754486084,6536.810624362725,0.014343186986181564,9,10,True,2370,0.3932568550643537,0.014,11134.478367712236,7.732594966888428,11123.608816706846,0.013388975830290384,8056,3.3100314140319824
Gorilla,ENSG00000134262.fa,25,11545,0.2307887077331543,6536.810624362725,0.014429383471797114,8,9,True,3360,0.45337728740581273,0.014,11134.478367712236,7.732594966888428,11123.608816706846,0.013388975830290384,8056,3.3100314140319824
Gorilla,ENSG00000134262.fa,30,11545,0.37076568603515625,6536.810624362725,0.014429383471797114,8,9,False,3360,0.504780487804878,0.014,11134.478367712236,7.732594966888428,11123.608816706846,0.013388975830290384,8056,3.3100314140319824
Gorilla,ENSG00000134262.fa,35,11545,0.3512868881225586,6536.810624362725,0.014429383471797114,8,9,False,3360,0.5505866027500946,0.014,11134.478367712236,7.732594966888428,11123.608816706846,0.013388975830290384,8056,3.3100314140319824
Gorilla,ENSG00000134262.fa,45,11545,0.3705921173095703,11186.262603980447,0.013991622850013367,8,9,False,3360,0.6275107604017216,0.014,11134.478367712236,7.732594966888428,11123.608816706846,0.013388975830290384,8056,3.3100314140319824
Gorilla,ENSG00000134262.fa,50,11545,0.3550429344177246,11186.262603980447,0.013640469738030713,8,9,False,3360,0.6593644117303423,0.014,11134.478367712236,7.732594966888428,11123.608816706846,0.013388975830290384,8056,3.3100314140319824
Gorilla,ENSG00000134262.fa,55,11545,0.2206575870513916,11161.302890795783,0.013524552963601706,8,9,False,3360,0.6877752988959442,0.014,11134.478367712236,7.732594966888428,11123.608816706846,0.013388975830290384,8056,3.3100314140319824
Gorilla,ENSG00000134262.fa,60,11545,0.3520517349243164,11161.302890795783,0.01357424562047143,7,8,False,3360,0.7126494862725282,0.014,11134.478367712236,7.732594966888428,11123.608816706846,0.013388975830290384,8056,3.3100314140319824
Gorilla,ENSG00000134262.fa,65,11545,0.34290361404418945,11161.302890795783,0.013444598980064905,7,8,False,3360,0.7355732097539447,0.014,11134.478367712236,7.732594966888428,11123.608816706846,0.013388975830290384,8056,3.3100314140319824
Gorilla,ENSG00000134262.fa,70,11545,0.20910382270812988,11161.302890795783,0.013444598980064905,7,8,False,3360,0.7570397699527969,0.014,11134.478367712236,7.732594966888428,11123.608816706846,0.013388975830290384,8056,3.3100314140319824
Gorilla,ENSG00000134262.fa,75,11545,0.37575483322143555,11161.302890795783,0.013444598980064905,7,8,False,3360,0.7763706316126964,0.014,11134.478367712236,7.732594966888428,11123.608816706846,0.013388975830290384,8056,3.3100314140319824
Gorilla,ENSG00000134262.fa,80,11545,0.33042144775390625,11161.302890795783,0.013444598980064905,7,8,False,3360,0.7943004635482511,0.014,11134.478367712236,7.732594966888428,11123.608816706846,0.013388975830290384,8056,3.3100314140319824
Gorilla,ENSG00000134262.fa,85,11545,0.3423027992248535,11161.302890795783,0.013129947866383471,7,8,False,3360,0.8104918373713216,0.014,11134.478367712236,7.732594966888428,11123.608816706846,0.013388975830290384,8056,3.3100314140319824
Gorilla,ENSG00000134262.fa,90,11545,0.21036839485168457,11161.302890795783,0.013146362839614373,7,8,False,3360,0.8249409104922413,0.014,11134.478367712236,7.732594966888428,11123.608816706846,0.013388975830290384,8056,3.3100314140319824
Gorilla,ENSG00000134262.fa,95,11545,0.36312317848205566,11161.302890795783,0.013020319589662656,7,8,False,3229,0.8377567622534066,0.014,11134.478367712236,7.732594966888428,11123.608816706846,0.013388975830290384,8056,3.3100314140319824
Gorilla,ENSG00000143595.fa,35,4255,0.08432412147521973,3491.3423649914535,0.013578274760383386,5,5,False,2322,0.6192738378011537,0.016489091831557584,3482.274824100489,0.5571334362030029,3431.4047233674746,0.014932928372563908,3473,0.4428672790527344
Gorilla,ENSG00000143595.fa,40,4255,0.0867013931274414,3456.3635536320453,0.012672176308539946,5,5,False,2285,0.655640092623222,0.016489091831557584,3482.274824100489,0.5571334362030029,3431.4047233674746,0.014932928372563908,3473,0.4428672790527344
Gorilla,ENSG00000143595.fa,45,4255,0.2034435272216797,3456.3635536320453,0.012672176308539946,5,5,False,2285,0.6878939712299984,0.016489091831557584,3482.274824100489,0.5571334362030029,3431.4047233674746,0.014932928372563908,3473,0.4428672790527344
Gorilla,ENSG00000143595.fa,50,4255,0.08545994758605957,3456.3635536320453,0.012672176308539946,5,5,False,2285,0.7168855831618928,0.016489091831557584,3482.274824100489,0.5571334362030029,3431.4047233674746,0.014932928372563908,3473,0.4428672790527344
Gorilla,ENSG00000143595.fa,55,4255,0.08234643936157227,3431.4047233674746,0.012191664303941026,5,5,False,2285,0.7409825870646767,0.016489091831557584,3482.274824100489,0.5571334362030029,3431.4047233674746,0.014932928372563908,3473,0.4428672790527344
Gorilla,ENSG00000143595.fa,60,4255,0.08277559280395508,3431.4047233674746,0.012191664303941026,5,5,False,2285,0.7617881200244948,0.016489091831557584,3482.274824100489,0.5571334362030029,3431.4047233674746,0.014932928372563908,3473,0.4428672790527344
Gorilla,ENSG00000143595.fa,65,4255,0.20133471488952637,3431.4047233674746,0.012051734273956496,5,5,False,2223,0.7803110372942775,0.016489091831557584,3482.274824100489,0.5571334362030029,3431.4047233674746,0.014932928372563908,3473,0.4428672790527344
Gorilla,ENSG00000143595.fa,70,4255,0.08176445960998535,3431.4047233674746,0.012051734273956496,5,5,False,2223,0.7961802447030737,0.016489091831557584,3482.274824100489,0.5571334362030029,3431.4047233674746,0.014932928372563908,3473,0.4428672790527344
Gorilla,ENSG00000143595.fa,75,4255,0.08328461647033691,3431.4047233674746,0.012051734273956496,5,5,False,2223,0.8109783089862771,0.016489091831557584,3482.274824100489,0.5571334362030029,3431.4047233674746,0.014932928372563908,3473,0.4428672790527344
Gorilla,ENSG00000143595.fa,80,4255,0.19912981986999512,3431.4047233674746,0.012030075187969926,5,5,False,2146,0.8249379471455687,0.016489091831557584,3482.274824100489,0.5571334362030029,3431.4047233674746,0.014932928372563908,3473,0.4428672790527344
Gorilla,ENSG00000143595.fa,85,4255,0.09247899055480957,3431.4047233674746,0.009852216748768473,4,4,False,2146,0.8377674956622325,0.016489091831557584,3482.274824100489,0.5571334362030029,3431.4047233674746,0.014932928372563908,3473,0.4428672790527344
Gorilla,ENSG00000143595.fa,90,4255,0.21075654029846191,3431.4047233674746,0.009852216748768473,4,4,False,2146,0.849197247706422,0.016489091831557584,3482.274824100489,0.5571334362030029,3431.4047233674746,0.014932928372563908,3473,0.4428672790527344
Gorilla,ENSG00000143595.fa,95,4255,0.09784078598022461,3466.3842326126623,0.008264462809917356,4,3,False,2146,0.8604320636725412,0.016489091831557584,3482.274824100489,0.5571334362030029,3431.4047233674746,0.014932928372563908,3473,0.4428672790527344
Gorilla,ENSG00000143761.fa,45,16543,0.47525978088378906,15881.811415727108,0.012150127226463104,19,19,False,2079,0.641698650489043,0.014040846097738877,15845.81033800631,15.233043909072876,15831.886758303479,0.013792684408798153,7272,6.953372001647949
Gorilla,ENSG00000143761.fa,50,16543,0.3264322280883789,15856.849252884716,0.0176678445229682,19,18,False,2079,0.6711227786752827,0.014040846097738877,15845.81033800631,15.233043909072876,15831.886758303479,0.013792684408798153,7272,6.953372001647949
Gorilla,ENSG00000143761.fa,55,16543,0.5031576156616211,15856.849252884716,0.011316259678379988,18,17,False,2079,0.6967391735013273,0.014040846097738877,15845.81033800631,15.233043909072876,15831.886758303479,0.013792684408798153,7272,6.953372001647949
Gorilla,ENSG00000143761.fa,60,16543,0.4525790214538574,15856.849252884716,0.011157880670809113,18,17,False,2079,0.7187110349127181,0.014040846097738877,15845.81033800631,15.233043909072876,15831.886758303479,0.013792684408798153,7272,6.953372001647949
Gorilla,ENSG00000143761.fa,65,16543,0.6126453876495361,15856.849252884716,0.010864333356253867,18,17,False,2079,0.7386616529813521,0.014040846097738877,15845.81033800631,15.233043909072876,15831.886758303479,0.013792684408798153,7272,6.953372001647949
Gorilla,ENSG00000143761.fa,70,16543,0.3120267391204834,15856.849252884716,0.010819808572617561,18,17,False,2079,0.7571196248250822,0.014040846097738877,15845.81033800631,15.233043909072876,15831.886758303479,0.013792684408798153,7272,6.953372001647949
Gorilla,ENSG00000143761.fa,75,16543,0.5187115669250488,15856.849252884716,0.010819808572617561,18,17,False,2079,0.7740960483600134,0.014040846097738877,15845.81033800631,15.233043909072876,15831.886758303479,0.013792684408798153,7272,6.953372001647949
Gorilla,ENSG00000143761.fa,80,16543,0.5950665473937988,15856.849252884716,0.010808172372916812,18,17,False,2079,0.7898227642875566,0.014040846097738877,15845.81033800631,15.233043909072876,15831.886758303479,0.013792684408798153,7272,6.953372001647949
Gorilla,ENSG00000143761.fa,85,16543,0.4759652614593506,15856.849252884716,0.02664894733160803,18,16,False,2079,0.8041158258969222,0.014040846097738877,15845.81033800631,15.233043909072876,15831.886758303479,0.013792684408798153,7272,6.953372001647949
Gorilla,ENSG00000143761.fa,90,16543,0.31848835945129395,15856.849252884716,0.01060406611086734,16,15,False,2079,0.8173170468057507,0.014040846097738877,15845.81033800631,15.233043909072876,15831.886758303479,0.013792684408798153,7272,6.953372001647949
Gorilla,ENSG00000143761.fa,95,16543,0.6486811637878418,15856.849252884716,0.010282969301208436,16,15,False,2079,0.8294866764170798,0.014040846097738877,15845.81033800631,15.233043909072876,15831.886758303479,0.013792684408798153,7272,6.953372001647949
Gorilla,ENSG00000142632-0.fa,25,4624,0.08742475509643555,4406.213314729926,0.014997794441993825,4,5,True,1845,0.5090435065993156,0.016414970453053186,4356.167075780764,1.1440849304199219,4356.2974087803905,0.015068792312732037,4585,0.5651123523712158
Gorilla,ENSG00000142632-0.fa,30,4624,0.3784196376800537,4406.213314729926,0.014997794441993825,4,5,False,1845,0.5650400125529578,0.016414970453053186,4356.167075780764,1.1440849304199219,4356.2974087803905,0.015068792312732037,4585,0.5651123523712158
Gorilla,ENSG00000142632-0.fa,35,4624,0.0883016586303711,4406.213314729926,0.014652840396753831,4,5,False,1845,0.6089538602101416,0.016414970453053186,4356.167075780764,1.1440849304199219,4356.2974087803905,0.015068792312732037,4585,0.5651123523712158
Gorilla,ENSG00000142632-0.fa,40,4624,0.08630204200744629,4406.213314729926,0.014548761082064106,4,5,False,1845,0.6437277051129607,0.016414970453053186,4356.167075780764,1.1440849304199219,4356.2974087803905,0.015068792312732037,4585,0.5651123523712158
Gorilla,ENSG00000142632-0.fa,45,4624,0.09392762184143066,4406.213314729926,0.011901870293903327,4,5,False,1845,0.6749527547608665,0.016414970453053186,4356.167075780764,1.1440849304199219,4356.2974087803905,0.015068792312732037,4585,0.5651123523712158
Gorilla,ENSG00000142632-0.fa,50,4624,0.19424819946289062,4406.213314729926,0.011901870293903327,4,5,False,1845,0.7026218295810772,0.016414970453053186,4356.167075780764,1.1440849304199219,4356.2974087803905,0.015068792312732037,4585,0.5651123523712158
Gorilla,ENSG00000142632-0.fa,55,4624,0.09174203872680664,4406.213314729926,0.011269722013523666,4,5,False,1787,0.7277940970765142,0.016414970453053186,4356.167075780764,1.1440849304199219,4356.2974087803905,0.015068792312732037,4585,0.5651123523712158
Gorilla,ENSG00000142632-0.fa,60,4624,0.21411371231079102,4406.213314729926,0.011269722013523666,4,5,False,1787,0.7510310695628265,0.016414970453053186,4356.167075780764,1.1440849304199219,4356.2974087803905,0.015068792312732037,4585,0.5651123523712158
Gorilla,ENSG00000142632-0.fa,65,4624,0.08927798271179199,4406.213314729926,0.011269722013523666,4,5,False,1787,0.7734829030950128,0.016414970453053186,4356.167075780764,1.1440849304199219,4356.2974087803905,0.015068792312732037,4585,0.5651123523712158
Gorilla,ENSG00000142632-0.fa,70,4624,0.08893036842346191,4406.213314729926,0.011269722013523666,4,5,False,1787,0.7943875515361085,0.016414970453053186,4356.167075780764,1.1440849304199219,4356.2974087803905,0.015068792312732037,4585,0.5651123523712158
Gorilla,ENSG00000142632-0.fa,75,4624,0.220689058303833,4406.213314729926,0.011269722013523666,4,5,False,1787,0.8140144073346431,0.016414970453053186,4356.167075780764,1.1440849304199219,4356.2974087803905,0.015068792312732037,4585,0.5651123523712158
Gorilla,ENSG00000142632-0.fa,80,4624,0.09242820739746094,4406.213314729926,0.010660980810234541,4,4,False,1787,0.8326019617965927,0.016414970453053186,4356.167075780764,1.1440849304199219,4356.2974087803905,0.015068792312732037,4585,0.5651123523712158
Gorilla,ENSG00000142632-0.fa,85,4624,0.09084415435791016,4406.213314729926,0.010274923632324354,4,4,False,1636,0.8488979487832845,0.016414970453053186,4356.167075780764,1.1440849304199219,4356.2974087803905,0.015068792312732037,4585,0.5651123523712158
Gorilla,ENSG00000142632-0.fa,90,4624,0.20697689056396484,4406.213314729926,0.010274923632324354,4,4,False,1636,0.8634932628132477,0.016414970453053186,4356.167075780764,1.1440849304199219,4356.2974087803905,0.015068792312732037,4585,0.5651123523712158
Gorilla,ENSG00000142632-0.fa,95,4624,0.0896751880645752,4406.213314729926,0.027800053461641272,4,4,False,1636,0.8771951675177482,0.016414970453053186,4356.167075780764,1.1440849304199219,4356.2974087803905,0.015068792312732037,4585,0.5651123523712158
Gorilla,ENSG00000132694-0.fa,60,20574,0.5581800937652588,19865.760062066056,0.010576667552484719,20,20,False,4128,0.7038455451811996,0.012991452991452991,19798.669227456623,25.410001277923584,19820.793255854154,0.012636612021857924,7798,10.71655559539795
Gorilla,ENSG00000132694-0.fa,65,20574,0.5317244529724121,19865.760062066056,0.010558310670292753,20,20,False,4128,0.7268882738891135,0.012991452991452991,19798.669227456623,25.410001277923584,19820.793255854154,0.012636612021857924,7798,10.71655559539795
Gorilla,ENSG00000132694-0.fa,70,20574,0.5666546821594238,19865.760062066056,0.010580589720178312,19,19,False,4128,0.7479888661181293,0.012991452991452991,19798.669227456623,25.410001277923584,19820.793255854154,0.012636612021857924,7798,10.71655559539795
Gorilla,ENSG00000132694-0.fa,75,20574,0.5533466339111328,19865.760062066056,0.010580589720178312,19,19,False,4128,0.7668153326904532,0.012991452991452991,19798.669227456623,25.410001277923584,19820.793255854154,0.012636612021857924,7798,10.71655559539795
Gorilla,ENSG00000132694-0.fa,80,20574,0.5346989631652832,19865.760062066056,0.010513765445480164,19,19,False,4038,0.7839733682082987,0.012991452991452991,19798.669227456623,25.410001277923584,19820.793255854154,0.012636612021857924,7798,10.71655559539795
Gorilla,ENSG00000132694-0.fa,85,20574,0.5523993968963623,19865.760062066056,0.010561271707768523,19,18,False,4038,0.7998591590622341,0.012991452991452991,19798.669227456623,25.410001277923584,19820.793255854154,0.012636612021857924,7798,10.71655559539795
Gorilla,ENSG00000132694-0.fa,90,20574,0.5584704875946045,19845.75895670654,0.010213294210585713,19,18,False,3816,0.8144840982228279,0.012991452991452991,19798.669227456623,25.410001277923584,19820.793255854154,0.012636612021857924,7798,10.71655559539795
Gorilla,ENSG00000132694-0.fa,95,20574,0.5431182384490967,19845.75895670654,0.010032664489034065,19,18,False,3816,0.8274873089167407,0.012991452991452991,19798.669227456623,25.410001277923584,19820.793255854154,0.012636612021857924,7798,10.71655559539795
Gorilla,ENSG00000142632-1.fa,85,10195,0.20471954345703125,9627.180542736627,0.016083994191890987,9,10,True,3698,0.7880021880508115,0.0116011601160116,9671.093483338545,6.073132514953613,9649.12463072544,0.011401140114011402,9869,2.6145389080047607
Gorilla,ENSG00000142632-1.fa,90,10195,0.3461182117462158,9627.180542736627,0.016083994191890987,9,10,True,3698,0.8027398906447155,0.0116011601160116,9671.093483338545,6.073132514953613,9649.12463072544,0.011401140114011402,9869,2.6145389080047607
Gorilla,ENSG00000142632-1.fa,95,10195,0.33037853240966797,9627.180542736627,0.01613631234484315,9,10,True,3698,0.8167934395055859,0.0116011601160116,9671.093483338545,6.073132514953613,9649.12463072544,0.011401140114011402,9869,2.6145389080047607
Gorilla,ENSG00000130762.fa,70,27157,0.748894453048706,21376.28667954618,0.03766733510378841,35,34,True,1805,0.8799151003260323,0.02333816191855786,20972.78422501514,41.2377142906189,21632.462267363673,0.021052211081372587,15797,16.742813110351562
Gorilla,ENSG00000130762.fa,75,27157,0.9430770874023438,21376.28667954618,0.014487714418173389,34,34,True,1805,0.8924854490771794,0.02333816191855786,20972.78422501514,41.2377142906189,21632.462267363673,0.021052211081372587,15797,16.742813110351562
Gorilla,ENSG00000130762.fa,80,27157,0.7859599590301514,21160.353936509873,0.01456082667919211,33,33,True,1805,0.9038593335046688,0.02333816191855786,20972.78422501514,41.2377142906189,21632.462267363673,0.021052211081372587,15797,16.742813110351562
Gorilla,ENSG00000130762.fa,85,27157,0.8448739051818848,21426.163083221476,0.058857876912297095,28,26,True,1805,0.9139449502345026,0.02333816191855786,20972.78422501514,41.2377142906189,21632.462267363673,0.021052211081372587,15797,16.742813110351562
Gorilla,ENSG00000130762.fa,90,27157,0.8767282962799072,21426.163083221476,0.11194690265486726,26,24,True,2142,0.9219457728527187,0.02333816191855786,20972.78422501514,41.2377142906189,21632.462267363673,0.021052211081372587,15797,16.742813110351562
Gorilla,ENSG00000130762.fa,95,27157,1.1383392810821533,21622.433666955174,0.013186813186813187,23,22,True,1805,0.9289631211017624,0.02333816191855786,20972.78422501514,41.2377142906189,21632.462267363673,0.021052211081372587,15797,16.742813110351562
Macaque,ENSG00000204518.fa,10,275,0.012412309646606445,195.52032127352174,0.07725321888412018,2,3,False,118,0.7767220902612827,0.0888030888030888,195.52032127352174,1.7635183334350586,170.77066659430534,0.08139534883720931,138,0.005473613739013672
Macaque,ENSG00000204518.fa,15,275,0.010779142379760742,195.52032127352174,0.06951871657754011,2,3,False,97,0.8827433628318584,0.0888030888030888,195.52032127352174,1.7635183334350586,170.77066659430534,0.08139534883720931,138,0.005473613739013672
Macaque,ENSG00000204518.fa,20,275,0.008640289306640625,195.52032127352174,0.064,1,2,False,71,0.9308855291576674,0.0888030888030888,195.52032127352174,1.7635183334350586,170.77066659430534,0.08139534883720931,138,0.005473613739013672
Macaque,ENSG00000204518.fa,25,275,0.009832143783569336,170.77066659430534,0.022727272727272728,1,1,False,44,0.9636752136752137,0.0888030888030888,195.52032127352174,1.7635183334350586,170.77066659430534,0.08139534883720931,138,0.005473613739013672
Macaque,ENSG00000204518.fa,30,275,0.009403228759765625,170.77066659430534,0.022727272727272728,1,1,False,44,0.9740820734341252,0.0888030888030888,195.52032127352174,1.7635183334350586,170.77066659430534,0.08139534883720931,138,0.005473613739013672
Macaque,ENSG00000204518.fa,35,275,0.009727239608764648,170.77066659430534,0.022727272727272728,1,1,False,44,0.9847161572052402,0.0888030888030888,195.52032127352174,1.7635183334350586,170.77066659430534,0.08139534883720931,138,0.005473613739013672
Macaque,ENSG00000204518.fa,40,275,0.009175777435302734,170.77066659430534,0.022727272727272728,1,1,False,44,0.9955849889624724,0.0888030888030888,195.52032127352174,1.7635183334350586,170.77066659430534,0.08139534883720931,138,0.005473613739013672
Macaque,ENSG00000213088.fa,15,1629,0.03589487075805664,1476.2392676106854,0.04824561403508772,3,4,True,1282,0.6784685055578428,0.05099502487562189,1387.0790917188058,0.08890700340270996,1449.4435924044817,0.04767801857585139,1613,0.0800166130065918
Macaque,ENSG00000213088.fa,20,1629,0.03356599807739258,1476.2392676106854,0.046408137317228225,3,4,False,1282,0.7588075880758808,0.05099502487562189,1387.0790917188058,0.08890700340270996,1449.4435924044817,0.04767801857585139,1613,0.0800166130065918
Macaque,ENSG00000213088.fa,25,1629,0.030222654342651367,1476.2392676106854,0.046408137317228225,3,4,False,1282,0.8110119047619048,0.05099502487562189,1387.0790917188058,0.08890700340270996,1449.4435924044817,0.04767801857585139,1613,0.0800166130065918
Macaque,ENSG00000213088.fa,30,1629,0.028685331344604492,1476.2392676106854,0.046103896103896105,3,4,False,1282,0.8443960826985855,0.05099502487562189,1387.0790917188058,0.08890700340270996,1449.4435924044817,0.04767801857585139,1613,0.0800166130065918
Macaque,ENSG00000213088.fa,35,1629,0.29030656814575195,1476.2392676106854,0.04607631389488841,2,3,False,1282,0.8709562744400996,0.05099502487562189,1387.0790917188058,0.08890700340270996,1449.4435924044817,0.04767801857585139,1613,0.0800166130065918
Macaque,ENSG00000213088.fa,40,1629,0.03049921989440918,1476.2392676106854,0.04607631389488841,2,3,False,1282,0.8918445922296114,0.05099502487562189,1387.0790917188058,0.08890700340270996,1449.4435924044817,0.04767801857585139,1613,0.0800166130065918
Macaque,ENSG00000213088.fa,45,1629,0.02887105941772461,1476.2392676106854,0.04758364312267658,1,2,False,1282,0.9102209944751382,0.05099502487562189,1387.0790917188058,0.08890700340270996,1449.4435924044817,0.04767801857585139,1613,0.0800166130065918
Macaque,ENSG00000213088.fa,50,1629,0.02829265594482422,1476.2392676106854,0.04758364312267658,1,2,False,1282,0.924812030075188,0.05099502487562189,1387.0790917188058,0.08890700340270996,1449.4435924044817,0.04767801857585139,1613,0.0800166130065918
Macaque,ENSG00000213088.fa,55,1629,0.029081106185913086,1476.2392676106854,0.04758364312267658,1,2,False,1282,0.9355057705363204,0.05099502487562189,1387.0790917188058,0.08890700340270996,1449.4435924044817,0.04767801857585139,1613,0.0800166130065918
Macaque,ENSG00000213088.fa,60,1629,0.028316736221313477,1476.2392676106854,0.04758364312267658,1,2,False,1282,0.9460552933243426,0.05099502487562189,1387.0790917188058,0.08890700340270996,1449.4435924044817,0.04767801857585139,1613,0.0800166130065918
Macaque,ENSG00000213088.fa,65,1629,0.02924180030822754,1476.2392676106854,0.0499219968798752,1,1,False,1282,0.9547131834954713,0.05099502487562189,1387.0790917188058,0.08890700340270996,1449.4435924044817,0.04767801857585139,1613,0.0800166130065918
Macaque,ENSG00000213088.fa,70,1629,0.18633103370666504,1449.4435924044817,0.0,1,1,False,187,0.9605087014725568,0.05099502487562189,1387.0790917188058,0.08890700340270996,1449.4435924044817,0.04767801857585139,1613,0.0800166130065918
Macaque,ENSG00000213088.fa,75,1629,0.07902264595031738,1449.4435924044817,0.0,1,1,False,187,0.9621186724773718,0.05099502487562189,1387.0790917188058,0.08890700340270996,1449.4435924044817,0.04767801857585139,1613,0.0800166130065918
Macaque,ENSG00000213088.fa,80,1629,0.07925295829772949,1449.4435924044817,0.0,1,1,False,187,0.9637340496977838,0.05099502487562189,1387.0790917188058,0.08890700340270996,1449.4435924044817,0.04767801857585139,1613,0.0800166130065918
Macaque,ENSG00000213088.fa,85,1629,0.07949185371398926,1449.4435924044817,0.0,1,1,False,187,0.9653548604103599,0.05099502487562189,1387.0790917188058,0.08890700340270996,1449.4435924044817,0.04767801857585139,1613,0.0800166130065918
Macaque,ENSG00000213088.fa,90,1629,0.07954859733581543,1449.4435924044817,0.0,1,1,False,187,0.9669811320754716,0.05099502487562189,1387.0790917188058,0.08890700340270996,1449.4435924044817,0.04767801857585139,1613,0.0800166130065918
Macaque,ENSG00000213088.fa,95,1629,0.07961177825927734,1449.4435924044817,0.0,1,1,False,187,0.9686128923388457,0.05099502487562189,1387.0790917188058,0.08890700340270996,1449.4435924044817,0.04767801857585139,1613,0.0800166130065918
Macaque,ENSG00000184389.fa,35,14484,0.5469040870666504,7088.3828438638575,0.046916106401636945,37,36,True,761,0.9379174378369679,0.0619,870.9572725855851,12.014663934707642,6831.773523388478,0.05477282200917049,6155,4.4690001010894775
Macaque,ENSG00000184389.fa,40,14484,0.5761363506317139,7055.114101963181,0.148236092265943,33,31,True,761,0.9535704373339677,0.0619,870.9572725855851,12.014663934707642,6831.773523388478,0.05477282200917049,6155,4.4690001010894775
Macaque,ENSG00000184389.fa,45,14484,0.5863358974456787,7030.274365322464,0.08424425179042594,29,28,True,761,0.9649721503098768,0.0619,870.9572725855851,12.014663934707642,6831.773523388478,0.05477282200917049,6155,4.4690001010894775
Macaque,ENSG00000184389.fa,50,14484,0.8159582614898682,6930.910514562556,0.1292315959161741,24,23,False,687,0.9740209232683856,0.0619,870.9572725855851,12.014663934707642,6831.773523388478,0.05477282200917049,6155,4.4690001010894775
Macaque,ENSG00000184389.fa,55,14484,0.8410608768463135,6838.578896982828,0.08940182054616384,17,17,False,687,0.9804368838198337,0.0619,870.9572725855851,12.014663934707642,6831.773523388478,0.05477282200917049,6155,4.4690001010894775
Macaque,ENSG00000184389.fa,60,14484,0.8303115367889404,6838.578896982828,0.09466437177280551,14,14,False,687,0.9848268956752801,0.0619,870.9572725855851,12.014663934707642,6831.773523388478,0.05477282200917049,6155,4.4690001010894775
Macaque,ENSG00000184389.fa,65,14484,1.020918846130371,6881.46183228972,0.337117903930131,11,10,False,1865,0.988367628992629,0.0619,870.9572725855851,12.014663934707642,6831.773523388478,0.05477282200917049,6155,4.4690001010894775
Macaque,ENSG00000184389.fa,70,14484,1.292898178100586,6831.773523388478,0.00966183574879227,8,8,False,323,0.9906502663141358,0.0619,870.9572725855851,12.014663934707642,6831.773523388478,0.05477282200917049,6155,4.4690001010894775
Macaque,ENSG00000184389.fa,75,14484,1.417632818222046,6831.773523388478,0.01037344398340249,7,7,False,323,0.9922691262581805,0.0619,870.9572725855851,12.014663934707642,6831.773523388478,0.05477282200917049,6155,4.4690001010894775
Macaque,ENSG00000184389.fa,80,14484,2.5060787200927734,6831.773523388478,0.6390406800242866,6,5,False,5878,0.9938071027179938,0.0619,870.9572725855851,12.014663934707642,6831.773523388478,0.05477282200917049,6155,4.4690001010894775
Macaque,ENSG00000184389.fa,85,14484,2.8615975379943848,6831.773523388478,0.013869625520110958,4,4,False,323,0.9949961802902979,0.0619,870.9572725855851,12.014663934707642,6831.773523388478,0.05477282200917049,6155,4.4690001010894775
Macaque,ENSG00000184389.fa,90,14484,2.724430561065674,6831.773523388478,0.011090573012939002,4,4,False,193,0.99580008399832,0.0619,870.9572725855851,12.014663934707642,6831.773523388478,0.05477282200917049,6155,4.4690001010894775
Macaque,ENSG00000184389.fa,95,14484,2.7351129055023193,6831.773523388478,0.5045905251560778,4,3,False,2420,0.9965650166024198,0.0619,870.9572725855851,12.014663934707642,6831.773523388478,0.05477282200917049,6155,4.4690001010894775
Macaque,ENSG00000143632.fa,25,3755,0.08862590789794922,3227.6429812140846,0.0395166557805356,9,10,False,962,0.8032601678502259,0.04993178717598908,3066.6236885930243,0.40555381774902344,3089.273658859401,0.04288025889967637,1655,0.3635294437408447
Macaque,ENSG00000143632.fa,30,3755,0.19764232635498047,3202.781823902274,0.03789689313758962,9,10,False,962,0.8418830153268689,0.04993178717598908,3066.6236885930243,0.40555381774902344,3089.273658859401,0.04288025889967637,1655,0.3635294437408447
Macaque,ENSG00000143632.fa,35,3755,0.08910989761352539,3202.781823902274,0.14275466284074606,8,7,False,962,0.8661453541858326,0.04993178717598908,3066.6236885930243,0.40555381774902344,3089.273658859401,0.04288025889967637,1655,0.3635294437408447
Macaque,ENSG00000143632.fa,40,3755,0.0952446460723877,3165.8450392432496,0.027862429255550717,7,7,False,962,0.8854512526411108,0.04993178717598908,3066.6236885930243,0.40555381774902344,3089.273658859401,0.04288025889967637,1655,0.3635294437408447
Macaque,ENSG00000143632.fa,45,3755,0.20198917388916016,3165.8450392432496,0.02839396628216504,6,6,False,962,0.9010579645358366,0.04993178717598908,3066.6236885930243,0.40555381774902344,3089.273658859401,0.04288025889967637,1655,0.3635294437408447
Macaque,ENSG00000143632.fa,50,3755,0.09867334365844727,3165.8450392432496,0.026717557251908396,6,6,False,962,0.9143573113207547,0.04993178717598908,3066.6236885930243,0.40555381774902344,3089.273658859401,0.04288025889967637,1655,0.3635294437408447
Macaque,ENSG00000143632.fa,55,3755,0.09817314147949219,3165.8450392432496,0.026717557251908396,6,6,False,962,0.9261206015476712,0.04993178717598908,3066.6236885930243,0.40555381774902344,3089.273658859401,0.04288025889967637,1655,0.3635294437408447
Macaque,ENSG00000143632.fa,60,3755,0.2129213809967041,3140.969630495215,0.02373887240356083,6,6,False,610,0.9361239860950173,0.04993178717598908,3066.6236885930243,0.40555381774902344,3089.273658859401,0.04288025889967637,1655,0.3635294437408447
Macaque,ENSG00000143632.fa,65,3755,0.11206960678100586,3140.969630495215,0.02461322081575246,5,4,False,610,0.9436923963133641,0.04993178717598908,3066.6236885930243,0.40555381774902344,3089.273658859401,0.04288025889967637,1655,0.3635294437408447
Macaque,ENSG00000143632.fa,70,3755,0.21999144554138184,3140.969630495215,0.13388687078360145,5,4,False,610,0.9498207885304659,0.04993178717598908,3066.6236885930243,0.40555381774902344,3089.273658859401,0.04288025889967637,1655,0.3635294437408447
Macaque,ENSG00000143632.fa,75,3755,0.12855815887451172,3140.969630495215,0.02662490211433046,4,3,False,610,0.9551492643908013,0.04993178717598908,3066.6236885930243,0.40555381774902344,3089.273658859401,0.04288025889967637,1655,0.3635294437408447
Macaque,ENSG00000143632.fa,80,3755,0.12676692008972168,3140.969630495215,0.02662490211433046,4,3,False,610,0.9595499216635807,0.04993178717598908,3066.6236885930243,0.40555381774902344,3089.273658859401,0.04288025889967637,1655,0.3635294437408447
Macaque,ENSG00000143632.fa,85,3755,0.23129653930664062,3140.969630495215,0.02662490211433046,4,3,False,610,0.963925578753018,0.04993178717598908,3066.6236885930243,0.40555381774902344,3089.273658859401,0.04288025889967637,1655,0.3635294437408447
Macaque,ENSG00000143632.fa,90,3755,0.12633299827575684,3140.969630495215,0.02662490211433046,4,3,False,610,0.9682764480951707,0.04993178717598908,3066.6236885930243,0.40555381774902344,3089.273658859401,0.04288025889967637,1655,0.3635294437408447
Macaque,ENSG00000143632.fa,95,3755,0.1340169906616211,3140.969630495215,0.02869198312236287,3,2,False,610,0.972312473513208,0.04993178717598908,3066.6236885930243,0.40555381774902344,3089.273658859401,0.04288025889967637,1655,0.3635294437408447
Macaque,ENSG00000169717.fa,15,1437,0.03302288055419922,1287.5170993883,0.04975124378109453,2,2,False,1299,0.6688648139425342,0.05064194008559201,1230.4892674940693,0.06893658638000488,1287.5170993883,0.05010585744530699,1350,0.06169772148132324
Macaque,ENSG00000169717.fa,20,1437,0.1599874496459961,1287.5170993883,0.04426106526631658,2,2,False,1299,0.7484444444444445,0.05064194008559201,1230.4892674940693,0.06893658638000488,1287.5170993883,0.05010585744530699,1350,0.06169772148132324
Macaque,ENSG00000169717.fa,25,1437,0.030109882354736328,1287.5170993883,0.04426106526631658,2,2,False,1299,0.803411513859275,0.05064194008559201,1230.4892674940693,0.06893658638000488,1287.5170993883,0.05010585744530699,1350,0.06169772148132324
Macaque,ENSG00000169717.fa,30,1437,0.02864837646484375,1287.5170993883,0.04422032583397983,2,2,False,1255,0.8422360248447205,0.05064194008559201,1230.4892674940693,0.06893658638000488,1287.5170993883,0.05010585744530699,1350,0.06169772148132324
Macaque,ENSG00000169717.fa,35,1437,0.025767803192138672,1287.5170993883,0.04541832669322709,1,1,False,1255,0.8720647773279352,0.05064194008559201,1230.4892674940693,0.06893658638000488,1287.5170993883,0.05010585744530699,1350,0.06169772148132324
Macaque,ENSG00000169717.fa,40,1437,0.026100635528564453,1287.5170993883,0.04541832669322709,1,1,False,1255,0.8900439824070372,0.05064194008559201,1230.4892674940693,0.06893658638000488,1287.5170993883,0.05010585744530699,1350,0.06169772148132324
Macaque,ENSG00000169717.fa,45,1437,0.02528834342956543,1287.5170993883,0.04541832669322709,1,1,False,1255,0.9058544303797469,0.05064194008559201,1230.4892674940693,0.06893658638000488,1287.5170993883,0.05010585744530699,1350,0.06169772148132324
Macaque,ENSG00000169717.fa,50,1437,0.02519536018371582,1287.5170993883,0.04541832669322709,1,1,False,1255,0.9196393571148569,0.05064194008559201,1230.4892674940693,0.06893658638000488,1287.5170993883,0.05010585744530699,1350,0.06169772148132324
Macaque,ENSG00000169717.fa,55,1437,0.02476811408996582,1287.5170993883,0.04541832669322709,1,1,False,1255,0.9315175097276265,0.05064194008559201,1230.4892674940693,0.06893658638000488,1287.5170993883,0.05010585744530699,1350,0.06169772148132324
Macaque,ENSG00000169717.fa,60,1437,0.14905667304992676,1287.5170993883,0.033946251768033946,1,1,False,707,0.9399457574583495,0.05064194008559201,1230.4892674940693,0.06893658638000488,1287.5170993883,0.05010585744530699,1350,0.06169772148132324
Macaque,ENSG00000169717.fa,65,1437,0.038925886154174805,1287.5170993883,0.033946251768033946,1,1,False,707,0.9478965650328058,0.05064194008559201,1230.4892674940693,0.06893658638000488,1287.5170993883,0.05010585744530699,1350,0.06169772148132324
Macaque,ENSG00000169717.fa,70,1437,0.03927898406982422,1287.5170993883,0.033946251768033946,1,1,False,707,0.9557862360630527,0.05064194008559201,1230.4892674940693,0.06893658638000488,1287.5170993883,0.05010585744530699,1350,0.06169772148132324
Macaque,ENSG00000169717.fa,75,1437,0.04556632041931152,1287.5170993883,0.03019538188277087,1,1,False,563,0.9620253164556962,0.05064194008559201,1230.4892674940693,0.06893658638000488,1287.5170993883,0.05010585744530699,1350,0.06169772148132324
Macaque,ENSG00000169717.fa,80,1437,0.045960426330566406,1287.5170993883,0.03019538188277087,1,1,False,563,0.9678407350689127,0.05064194008559201,1230.4892674940693,0.06893658638000488,1287.5170993883,0.05010585744530699,1350,0.06169772148132324
Macaque,ENSG00000169717.fa,85,1437,0.04395890235900879,1287.5170993883,0.03019538188277087,1,1,False,563,0.9732415902140673,0.05064194008559201,1230.4892674940693,0.06893658638000488,1287.5170993883,0.05010585744530699,1350,0.06169772148132324
Macaque,ENSG00000169717.fa,90,1437,0.04430794715881348,1287.5170993883,0.03019538188277087,1,1,False,563,0.9770642201834863,0.05064194008559201,1230.4892674940693,0.06893658638000488,1287.5170993883,0.05010585744530699,1350,0.06169772148132324
Macaque,ENSG00000169717.fa,95,1437,0.047393083572387695,1287.5170993883,0.03019538188277087,1,1,False,563,0.9808868501529052,0.05064194008559201,1230.4892674940693,0.06893658638000488,1287.5170993883,0.05010585744530699,1350,0.06169772148132324
Macaque,ENSG00000131584.fa,45,17978,0.9462554454803467,8137.282268504958,0.20575131632239774,20,18,True,1211,0.9716281235449324,0.07604279523293608,7307.902586511918,18.218661308288574,7965.426349985579,0.064891846921797,7290,6.948702812194824
Macaque,ENSG00000131584.fa,50,17978,1.1448137760162354,8112.482704834309,0.052213740458015266,13,13,True,863,0.9764132011978636,0.07604279523293608,7307.902586511918,18.218661308288574,7965.426349985579,0.064891846921797,7290,6.948702812194824
Macaque,ENSG00000131584.fa,55,17978,1.165496826171875,8112.482704834309,0.05407328352899324,12,12,True,863,0.9798302791784528,0.07604279523293608,7307.902586511918,18.218661308288574,7965.426349985579,0.064891846921797,7290,6.948702812194824
Macaque,ENSG00000131584.fa,60,17978,1.5155730247497559,8087.682755243415,0.05491551459293395,11,11,True,863,0.9827829177133754,0.07604279523293608,7307.902586511918,18.218661308288574,7965.426349985579,0.064891846921797,7290,6.948702812194824
Macaque,ENSG00000131584.fa,65,17978,1.388540506362915,8087.682755243415,0.05491551459293395,11,11,True,863,0.9854293307267007,0.07604279523293608,7307.902586511918,18.218661308288574,7965.426349985579,0.064891846921797,7290,6.948702812194824
Macaque,ENSG00000131584.fa,70,17978,2.264998197555542,7965.426349985579,0.021712907117008445,10,9,True,479,0.9876287403254311,0.07604279523293608,7307.902586511918,18.218661308288574,7965.426349985579,0.064891846921797,7290,6.948702812194824
Macaque,ENSG00000131584.fa,75,17978,2.5362820625305176,7965.426349985579,0.10488431876606684,9,8,True,479,0.9894455090184627,0.07604279523293608,7307.902586511918,18.218661308288574,7965.426349985579,0.064891846921797,7290,6.948702812194824
Macaque,ENSG00000131584.fa,80,17978,3.6468045711517334,7965.426349985579,0.025139664804469275,7,6,True,479,0.9909800467701279,0.07604279523293608,7307.902586511918,18.218661308288574,7965.426349985579,0.064891846921797,7290,6.948702812194824
Macaque,ENSG00000131584.fa,85,17978,4.277040481567383,7965.426349985579,0.026646928201332347,6,5,True,479,0.9922341877749128,0.07604279523293608,7307.902586511918,18.218661308288574,7965.426349985579,0.064891846921797,7290,6.948702812194824
Macaque,ENSG00000131584.fa,90,17978,4.278105735778809,7965.426349985579,0.01749271137026239,6,5,True,479,0.9932715039098018,0.07604279523293608,7307.902586511918,18.218661308288574,7965.426349985579,0.064891846921797,7290,6.948702812194824
Macaque,ENSG00000131584.fa,95,17978,4.456609010696411,7965.426349985579,0.01749271137026239,6,5,True,479,0.9941851661164784,0.07604279523293608,7307.902586511918,18.218661308288574,7965.426349985579,0.064891846921797,7290,6.948702812194824
Macaque,ENSG00000134249-0.fa,15,1474,0.03044915199279785,1391.2462837074052,0.03837953091684435,1,2,False,1218,0.6200852676456656,0.041524846834581346,1391.2462837074052,0.07173681259155273,1341.4704560119524,0.03885480572597137,1274,0.06449389457702637
Macaque,ENSG00000134249-0.fa,20,1474,0.028824329376220703,1391.2462837074052,0.03837953091684435,1,2,False,1218,0.7011185682326622,0.041524846834581346,1391.2462837074052,0.07173681259155273,1341.4704560119524,0.03885480572597137,1274,0.06449389457702637
Macaque,ENSG00000134249-0.fa,25,1474,0.027481555938720703,1391.2462837074052,0.03837953091684435,1,2,False,1218,0.7589017589017589,0.041524846834581346,1391.2462837074052,0.07173681259155273,1341.4704560119524,0.03885480572597137,1274,0.06449389457702637
Macaque,ENSG00000134249-0.fa,30,1474,0.15120720863342285,1391.2462837074052,0.03837953091684435,1,2,False,1218,0.8037344398340249,0.041524846834581346,1391.2462837074052,0.07173681259155273,1341.4704560119524,0.03885480572597137,1274,0.06449389457702637
Macaque,ENSG00000134249-0.fa,35,1474,0.025998830795288086,1391.2462837074052,0.037285607755406416,1,2,False,1152,0.8349553933495539,0.041524846834581346,1391.2462837074052,0.07173681259155273,1341.4704560119524,0.03885480572597137,1274,0.06449389457702637
Macaque,ENSG00000134249-0.fa,40,1474,0.026149988174438477,1391.2462837074052,0.037285607755406416,1,2,False,1152,0.8620826709062003,0.041524846834581346,1391.2462837074052,0.07173681259155273,1341.4704560119524,0.03885480572597137,1274,0.06449389457702637
Macaque,ENSG00000134249-0.fa,45,1474,0.027585506439208984,1391.2462837074052,0.0373015873015873,1,2,False,1071,0.8864168618266979,0.041524846834581346,1391.2462837074052,0.07173681259155273,1341.4704560119524,0.03885480572597137,1274,0.06449389457702637
Macaque,ENSG00000134249-0.fa,50,1474,0.02929377555847168,1366.3603172352862,0.031746031746031744,1,1,False,1071,0.907798693814829,0.041524846834581346,1391.2462837074052,0.07173681259155273,1341.4704560119524,0.03885480572597137,1274,0.06449389457702637
Macaque,ENSG00000134249-0.fa,55,1474,0.0298309326171875,1366.3603172352862,0.031746031746031744,1,1,False,1071,0.9240410178503609,0.041524846834581346,1391.2462837074052,0.07173681259155273,1341.4704560119524,0.03885480572597137,1274,0.06449389457702637
Macaque,ENSG00000134249-0.fa,60,1474,0.029134273529052734,1366.3603172352862,0.031746031746031744,1,1,False,1071,0.9347169811320755,0.041524846834581346,1391.2462837074052,0.07173681259155273,1341.4704560119524,0.03885480572597137,1274,0.06449389457702637
Macaque,ENSG00000134249-0.fa,65,1474,0.028942584991455078,1366.3603172352862,0.031746031746031744,1,1,False,1071,0.9420834900338473,0.041524846834581346,1391.2462837074052,0.07173681259155273,1341.4704560119524,0.03885480572597137,1274,0.06449389457702637
Macaque,ENSG00000134249-0.fa,70,1474,0.13586783409118652,1366.3603172352862,0.031746031746031744,1,1,False,1071,0.9466366027809094,0.041524846834581346,1391.2462837074052,0.07173681259155273,1341.4704560119524,0.03885480572597137,1274,0.06449389457702637
Macaque,ENSG00000134249-0.fa,75,1474,0.028174877166748047,1366.3603172352862,0.031746031746031744,1,1,False,1071,0.9503945885005637,0.041524846834581346,1391.2462837074052,0.07173681259155273,1341.4704560119524,0.03885480572597137,1274,0.06449389457702637
Macaque,ENSG00000134249-0.fa,80,1474,0.028705835342407227,1366.3603172352862,0.031746031746031744,1,1,False,1071,0.9541525742202179,0.041524846834581346,1391.2462837074052,0.07173681259155273,1341.4704560119524,0.03885480572597137,1274,0.06449389457702637
Macaque,ENSG00000134249-0.fa,85,1474,0.028378009796142578,1366.3603172352862,0.031746031746031744,1,1,False,1071,0.9579105599398723,0.041524846834581346,1391.2462837074052,0.07173681259155273,1341.4704560119524,0.03885480572597137,1274,0.06449389457702637
Macaque,ENSG00000134249-0.fa,90,1474,0.02989983558654785,1366.3603172352862,0.031746031746031744,1,1,False,1071,0.9616685456595265,0.041524846834581346,1391.2462837074052,0.07173681259155273,1341.4704560119524,0.03885480572597137,1274,0.06449389457702637
Macaque,ENSG00000134249-0.fa,95,1474,0.029619216918945312,1366.3603172352862,0.031746031746031744,1,1,False,1071,0.9654265313791808,0.041524846834581346,1391.2462837074052,0.07173681259155273,1341.4704560119524,0.03885480572597137,1274,0.06449389457702637
Macaque,ENSG00000143537.fa,70,12329,0.6093108654022217,10531.635476445443,0.015049299429164505,19,19,False,763,0.9599521306150361,0.04439612213463803,7137.89826743463,8.621382236480713,10506.750674952955,0.04117598616486865,4661,3.7994260787963867
Macaque,ENSG00000143537.fa,75,12329,0.6381032466888428,10531.635476445443,0.015147416824452259,18,18,False,763,0.9662997747652033,0.04439612213463803,7137.89826743463,8.621382236480713,10506.750674952955,0.04117598616486865,4661,3.7994260787963867
Macaque,ENSG00000143537.fa,80,12329,0.6609342098236084,10531.635476445443,0.014977973568281937,17,17,False,763,0.9718804177766501,0.04439612213463803,7137.89826743463,8.621382236480713,10506.750674952955,0.04117598616486865,4661,3.7994260787963867
Macaque,ENSG00000143537.fa,85,12329,0.6858978271484375,10506.750674952955,0.20518134715025907,15,14,False,1261,0.9766305949724199,0.04439612213463803,7137.89826743463,8.621382236480713,10506.750674952955,0.04117598616486865,4661,3.7994260787963867
Macaque,ENSG00000143537.fa,90,12329,0.8911740779876709,10506.750674952955,0.30068532267275844,11,9,False,1534,0.9801435707988749,0.04439612213463803,7137.89826743463,8.621382236480713,10506.750674952955,0.04117598616486865,4661,3.7994260787963867
Macaque,ENSG00000143537.fa,95,12329,0.9256908893585205,10506.750674952955,0.015562248995983935,9,8,False,763,0.9824855442889466,0.04439612213463803,7137.89826743463,8.621382236480713,10506.750674952955,0.04117598616486865,4661,3.7994260787963867
Macaque,ENSG00000143382.fa,35,11984,0.30278801918029785,9267.399353138626,0.02904356534802203,32,32,False,2027,0.8584334407656997,0.04661092332325209,8456.009531182533,7.992762088775635,8736.175365118846,0.04318994852107146,2450,3.498633861541748
Macaque,ENSG00000143382.fa,40,11984,0.4366953372955322,9267.399353138626,0.028877005347593583,29,29,False,2027,0.8790655281588794,0.04661092332325209,8456.009531182533,7.992762088775635,8736.175365118846,0.04318994852107146,2450,3.498633861541748
Macaque,ENSG00000143382.fa,45,11984,0.4335334300994873,9242.527269596476,0.04265467429817389,28,27,False,2027,0.8958067413605635,0.04661092332325209,8456.009531182533,7.992762088775635,8736.175365118846,0.04318994852107146,2450,3.498633861541748
Macaque,ENSG00000143382.fa,50,11984,0.4399874210357666,9242.527269596476,0.04833480695549661,25,24,False,1745,0.9100882311750151,0.04661092332325209,8456.009531182533,7.992762088775635,8736.175365118846,0.04318994852107146,2450,3.498633861541748
Macaque,ENSG00000143382.fa,55,11984,0.4958946704864502,8761.05424906555,0.019790888722927558,23,23,False,1534,0.9217797080022176,0.04661092332325209,8456.009531182533,7.992762088775635,8736.175365118846,0.04318994852107146,2450,3.498633861541748
Macaque,ENSG00000143382.fa,60,11984,0.3549792766571045,8761.05424906555,0.020051110674267743,21,21,False,1534,0.9316204085371439,0.04661092332325209,8456.009531182533,7.992762088775635,8736.175365118846,0.04318994852107146,2450,3.498633861541748
Macaque,ENSG00000143382.fa,65,11984,0.48000454902648926,8761.05424906555,0.037086985839514496,21,20,False,1438,0.940184537066497,0.04661092332325209,8456.009531182533,7.992762088775635,8736.175365118846,0.04318994852107146,2450,3.498633861541748
Macaque,ENSG00000143382.fa,70,11984,0.5089941024780273,8761.05424906555,0.01725412866650234,17,17,False,1438,0.947289972899729,0.04661092332325209,8456.009531182533,7.992762088775635,8736.175365118846,0.04318994852107146,2450,3.498633861541748
Macaque,ENSG00000143382.fa,75,11984,0.5059587955474854,8761.05424906555,0.015251117538785169,16,16,False,1256,0.9533671773215329,0.04661092332325209,8456.009531182533,7.992762088775635,8736.175365118846,0.04318994852107146,2450,3.498633861541748
Macaque,ENSG00000143382.fa,80,11984,0.5982139110565186,8761.05424906555,0.015907844212835986,14,14,False,1256,0.9591471863406785,0.04661092332325209,8456.009531182533,7.992762088775635,8736.175365118846,0.04318994852107146,2450,3.498633861541748
Macaque,ENSG00000143382.fa,85,11984,0.6262762546539307,8761.05424906555,0.012262020006453695,14,14,False,1256,0.9642237351488453,0.04661092332325209,8456.009531182533,7.992762088775635,8736.175365118846,0.04318994852107146,2450,3.498633861541748
Macaque,ENSG00000143382.fa,90,11984,0.7113654613494873,8761.05424906555,0.013413342746205436,11,11,False,1256,0.9689812558160146,0.04661092332325209,8456.009531182533,7.992762088775635,8736.175365118846,0.04318994852107146,2450,3.498633861541748
Macaque,ENSG00000143382.fa,95,11984,0.7275717258453369,8761.05424906555,0.013978088401964487,10,9,False,1256,0.972701974468837,0.04661092332325209,8456.009531182533,7.992762088775635,8736.175365118846,0.04318994852107146,2450,3.498633861541748
Macaque,ENSG00000251246.fa,60,24889,0.8853123188018799,16697.471020305406,0.09098360655737706,42,39,True,1297,0.948959630090699,0.0432520325203252,14180.076008137366,35.955005407333374,16548.008445415053,0.03845641458324082,4617,14.267735004425049
Macaque,ENSG00000251246.fa,65,24889,1.0192890167236328,16647.709605281325,0.0605668435356542,36,34,True,1297,0.9564939078227088,0.0432520325203252,14180.076008137366,35.955005407333374,16548.008445415053,0.03845641458324082,4617,14.267735004425049
Macaque,ENSG00000251246.fa,70,24889,1.2140295505523682,16622.828515446345,0.027169811320754716,31,30,False,1297,0.9626492275280899,0.0432520325203252,14180.076008137366,35.955005407333374,16548.008445415053,0.03845641458324082,4617,14.267735004425049
Macaque,ENSG00000251246.fa,75,24889,2.282712936401367,16632.309315254333,0.35316644872034375,24,23,False,5164,0.967694021537319,0.0432520325203252,14180.076008137366,35.955005407333374,16548.008445415053,0.03845641458324082,4617,14.267735004425049
Macaque,ENSG00000251246.fa,80,24889,2.7448344230651855,16632.309315254333,0.01721137110810288,21,20,False,1219,0.9715964740450539,0.0432520325203252,14180.076008137366,35.955005407333374,16548.008445415053,0.03845641458324082,4617,14.267735004425049
Macaque,ENSG00000251246.fa,85,24889,2.738460063934326,16597.793868204408,0.011049723756906077,18,17,False,1219,0.9748486360973069,0.0432520325203252,14180.076008137366,35.955005407333374,16548.008445415053,0.03845641458324082,4617,14.267735004425049
Macaque,ENSG00000251246.fa,90,24889,4.287009000778198,16597.793868204408,0.012279355333844973,13,12,False,1219,0.9775949778114514,0.0432520325203252,14180.076008137366,35.955005407333374,16548.008445415053,0.03845641458324082,4617,14.267735004425049
Macaque,ENSG00000251246.fa,95,24889,4.3063225746154785,16572.901283377625,0.010107015457788348,13,12,False,816,0.9797549856318735,0.0432520325203252,14180.076008137366,35.955005407333374,16548.008445415053,0.03845641458324082,4617,14.267735004425049
Macaque,ENSG00000158859.fa,45,15204,0.5317642688751221,11769.4364980073,0.026059322033898304,30,30,False,1707,0.904470640569395,0.04419271379623803,11362.61477689845,12.661077976226807,11692.831168841769,0.04024381796772183,11813,5.908442735671997
Macaque,ENSG00000158859.fa,50,15204,0.6618790626525879,11744.54992232303,0.16852094240837695,28,26,False,1796,0.9200935775121541,0.04419271379623803,11362.61477689845,12.661077976226807,11692.831168841769,0.04024381796772183,11813,5.908442735671997
Macaque,ENSG00000158859.fa,55,15204,0.5397341251373291,11705.660322341431,0.04399666149994039,22,22,False,1516,0.9330178113371148,0.04419271379623803,11362.61477689845,12.661077976226807,11692.831168841769,0.04024381796772183,11813,5.908442735671997
Macaque,ENSG00000158859.fa,60,15204,0.5938925743103027,11744.54992232303,0.024532393602602332,21,21,False,1516,0.9433428775948461,0.04419271379623803,11362.61477689845,12.661077976226807,11692.831168841769,0.04024381796772183,11813,5.908442735671997
Macaque,ENSG00000158859.fa,65,15204,0.6110696792602539,11744.54992232303,0.022839801948570517,19,19,False,1516,0.9519903412520863,0.04419271379623803,11362.61477689845,12.661077976226807,11692.831168841769,0.04024381796772183,11813,5.908442735671997
Macaque,ENSG00000158859.fa,70,15204,0.6789286136627197,11744.54992232303,0.019075040489472738,18,17,False,1516,0.9594399181744436,0.04419271379623803,11362.61477689845,12.661077976226807,11692.831168841769,0.04024381796772183,11813,5.908442735671997
Macaque,ENSG00000158859.fa,75,15204,0.7107210159301758,11692.831168841769,0.08503213957759412,17,15,False,1516,0.9659198485326601,0.04419271379623803,11362.61477689845,12.661077976226807,11692.831168841769,0.04024381796772183,11813,5.908442735671997
Macaque,ENSG00000158859.fa,80,15204,0.7461719512939453,11692.831168841769,0.06770320802991538,15,13,False,1516,0.9715352147068057,0.04419271379623803,11362.61477689845,12.661077976226807,11692.831168841769,0.04024381796772183,11813,5.908442735671997
Macaque,ENSG00000158859.fa,85,15204,1.5927822589874268,11235.699290154125,0.17827739075364155,10,8,False,2339,0.9762409253534337,0.04419271379623803,11362.61477689845,12.661077976226807,11692.831168841769,0.04024381796772183,11813,5.908442735671997
Macaque,ENSG00000158859.fa,90,15204,1.598933219909668,11235.699290154125,0.1392128279883382,9,8,False,2339,0.9797776931334188,0.04419271379623803,11362.61477689845,12.661077976226807,11692.831168841769,0.04024381796772183,11813,5.908442735671997
Macaque,ENSG00000158859.fa,95,15204,1.7851364612579346,11692.831168841769,0.0194585448392555,9,8,False,1366,0.9825549260743403,0.04419271379623803,11362.61477689845,12.661077976226807,11692.831168841769,0.04024381796772183,11813,5.908442735671997
Macaque,ENSG00000282608.fa,55,4225,0.13625669479370117,1145.520952382562,0.43203309692671393,8,6,True,1050,0.9765013054830287,0.04819601507808293,2736.9896937385774,0.46467041969299316,2640.2751181336157,0.0426098535286285,2573,0.42410802841186523
Macaque,ENSG00000282608.fa,60,4225,0.15323615074157715,2640.2751181336157,0.024305555555555556,4,4,True,612,0.9835364272750843,0.04819601507808293,2736.9896937385774,0.46467041969299316,2640.2751181336157,0.0426098535286285,2573,0.42410802841186523
Macaque,ENSG00000282608.fa,65,4225,0.3671534061431885,2640.2751181336157,0.02608695652173913,3,2,True,551,0.9885190918472653,0.04819601507808293,2736.9896937385774,0.46467041969299316,2640.2751181336157,0.0426098535286285,2573,0.42410802841186523
Macaque,ENSG00000282608.fa,70,4225,0.24437689781188965,2640.2751181336157,0.02608695652173913,3,2,True,551,0.9911196911196911,0.04819601507808293,2736.9896937385774,0.46467041969299316,2640.2751181336157,0.0426098535286285,2573,0.42410802841186523
Macaque,ENSG00000282608.fa,75,4225,0.3701624870300293,2640.2751181336157,0.02608695652173913,3,2,False,551,0.9937042271617628,0.04819601507808293,2736.9896937385774,0.46467041969299316,2640.2751181336157,0.0426098535286285,2573,0.42410802841186523
Macaque,ENSG00000282608.fa,80,4225,0.31023192405700684,2640.2751181336157,0.01791044776119403,3,2,False,254,0.9958921694480103,0.04819601507808293,2736.9896937385774,0.46467041969299316,2640.2751181336157,0.0426098535286285,2573,0.42410802841186523
Macaque,ENSG00000282608.fa,85,4225,0.39368104934692383,2640.2751181336157,0.023622047244094488,2,1,False,254,0.9974332648870636,0.04819601507808293,2736.9896937385774,0.46467041969299316,2640.2751181336157,0.0426098535286285,2573,0.42410802841186523
Macaque,ENSG00000282608.fa,90,4225,0.5245716571807861,2640.2751181336157,0.0,2,1,False,102,0.9983309795865964,0.04819601507808293,2736.9896937385774,0.46467041969299316,2640.2751181336157,0.0426098535286285,2573,0.42410802841186523
Macaque,ENSG00000282608.fa,95,4225,0.41016173362731934,2640.2751181336157,0.0,2,1,False,102,0.998972250770812,0.04819601507808293,2736.9896937385774,0.46467041969299316,2640.2751181336157,0.0426098535286285,2573,0.42410802841186523
Macaque,ENSG00000035687-0.fa,20,4959,0.22624707221984863,2778.2007436367862,0.12255813953488372,20,19,False,743,0.8192814805854602,0.058394160583941604,3718.498729895592,1.234830617904663,3763.9858556049057,0.05433884297520661,4543,0.6172106266021729
Macaque,ENSG00000035687-0.fa,35,4959,0.1349964141845703,3762.1177223171435,0.07180570221752904,11,12,False,619,0.9338227237865673,0.058394160583941604,3718.498729895592,1.234830617904663,3763.9858556049057,0.05433884297520661,4543,0.6172106266021729
Macaque,ENSG00000035687-0.fa,40,4959,0.14133477210998535,3762.1177223171435,0.07317979197622586,10,11,False,579,0.9510089565123556,0.058394160583941604,3718.498729895592,1.234830617904663,3763.9858556049057,0.05433884297520661,4543,0.6172106266021729
Macaque,ENSG00000035687-0.fa,45,4959,0.2657053470611572,3762.1177223171435,0.2724434035909446,9,9,False,935,0.9640494986131855,0.058394160583941604,3718.498729895592,1.234830617904663,3763.9858556049057,0.05433884297520661,4543,0.6172106266021729
Macaque,ENSG00000035687-0.fa,50,4959,0.17084813117980957,3763.9858556049057,0.023238380809595203,7,8,False,322,0.9743074645802495,0.058394160583941604,3718.498729895592,1.234830617904663,3763.9858556049057,0.05433884297520661,4543,0.6172106266021729
Macaque,ENSG00000035687-0.fa,55,4959,0.32291221618652344,3763.9858556049057,0.020477815699658702,6,7,False,322,0.9819308750919215,0.058394160583941604,3718.498729895592,1.234830617904663,3763.9858556049057,0.05433884297520661,4543,0.6172106266021729
Macaque,ENSG00000035687-0.fa,60,4959,0.2302107810974121,3763.9858556049057,0.019791666666666666,6,7,False,183,0.9875549048316252,0.058394160583941604,3718.498729895592,1.234830617904663,3763.9858556049057,0.05433884297520661,4543,0.6172106266021729
Macaque,ENSG00000035687-0.fa,65,4959,0.37265920639038086,3763.9858556049057,0.007366482504604052,5,5,False,183,0.991658846835575,0.058394160583941604,3718.498729895592,1.234830617904663,3763.9858556049057,0.05433884297520661,4543,0.6172106266021729
Macaque,ENSG00000035687-0.fa,70,4959,0.31482744216918945,3763.9858556049057,0.2935606060606061,4,3,False,305,0.9945884067020502,0.058394160583941604,3718.498729895592,1.234830617904663,3763.9858556049057,0.05433884297520661,4543,0.6172106266021729
Macaque,ENSG00000035687-0.fa,75,4959,0.513939619064331,3763.9858556049057,0.00546448087431694,2,1,False,183,0.9964645939482167,0.058394160583941604,3718.498729895592,1.234830617904663,3763.9858556049057,0.05433884297520661,4543,0.6172106266021729
Macaque,ENSG00000035687-0.fa,80,4959,0.4010438919067383,3763.9858556049057,0.0,2,1,False,104,0.997400166389351,0.058394160583941604,3718.498729895592,1.234830617904663,3763.9858556049057,0.05433884297520661,4543,0.6172106266021729
Macaque,ENSG00000035687-0.fa,85,4959,0.5234794616699219,3763.9858556049057,0.0,2,1,False,104,0.9979190510872958,0.058394160583941604,3718.498729895592,1.234830617904663,3763.9858556049057,0.05433884297520661,4543,0.6172106266021729
Macaque,ENSG00000035687-0.fa,90,4959,0.3997371196746826,3763.9858556049057,0.0,2,1,False,104,0.9984384759525297,0.058394160583941604,3718.498729895592,1.234830617904663,3763.9858556049057,0.05433884297520661,4543,0.6172106266021729
Macaque,ENSG00000035687-0.fa,95,4959,0.5105760097503662,3763.9858556049057,0.0,2,1,False,104,0.9989584418289762,0.058394160583941604,3718.498729895592,1.234830617904663,3763.9858556049057,0.05433884297520661,4543,0.6172106266021729
Macaque,ENSG00000116863.fa,35,5072,0.12464714050292969,4355.578959418655,0.033810888252149,16,17,False,758,0.8803908355795148,0.04966551794040138,4016.511058624581,1.2728896141052246,4280.324437141818,0.047129909365558914,4609,0.6667864322662354
Macaque,ENSG00000116863.fa,40,5072,0.12219810485839844,4349.573638357547,0.13583815028901733,13,13,False,719,0.9018634910133422,0.04966551794040138,4016.511058624581,1.2728896141052246,4280.324437141818,0.047129909365558914,4609,0.6667864322662354
Macaque,ENSG00000116863.fa,45,5072,0.25690627098083496,4304.123557345749,0.020727775218793182,11,12,False,653,0.9165849940106718,0.04966551794040138,4016.511058624581,1.2728896141052246,4280.324437141818,0.047129909365558914,4609,0.6667864322662354
Macaque,ENSG00000116863.fa,50,5072,0.17443203926086426,4304.123557345749,0.0196078431372549,7,8,False,413,0.9270214833207384,0.04966551794040138,4016.511058624581,1.2728896141052246,4280.324437141818,0.047129909365558914,4609,0.6667864322662354
Macaque,ENSG00000116863.fa,55,5072,0.28288936614990234,4304.123557345749,0.0196078431372549,7,8,False,413,0.9344279888388066,0.04966551794040138,4016.511058624581,1.2728896141052246,4280.324437141818,0.047129909365558914,4609,0.6667864322662354
Macaque,ENSG00000116863.fa,60,5072,0.17946600914001465,4304.123557345749,0.019455252918287938,7,8,False,413,0.941747572815534,0.04966551794040138,4016.511058624581,1.2728896141052246,4280.324437141818,0.047129909365558914,4609,0.6667864322662354
Macaque,ENSG00000116863.fa,65,5072,0.3100850582122803,4304.123557345749,0.02025658338960162,6,7,False,413,0.9480891719745222,0.04966551794040138,4016.511058624581,1.2728896141052246,4280.324437141818,0.047129909365558914,4609,0.6667864322662354
Macaque,ENSG00000116863.fa,70,5072,0.18944406509399414,4304.123557345749,0.02025658338960162,6,7,False,413,0.9541468568409931,0.04966551794040138,4016.511058624581,1.2728896141052246,4280.324437141818,0.047129909365558914,4609,0.6667864322662354
Macaque,ENSG00000116863.fa,75,5072,0.3064248561859131,4304.123557345749,0.02025658338960162,6,7,False,413,0.9598190806773956,0.04966551794040138,4016.511058624581,1.2728896141052246,4280.324437141818,0.047129909365558914,4609,0.6667864322662354
Macaque,ENSG00000116863.fa,80,5072,0.20789408683776855,4280.324437141818,0.004708097928436911,6,6,False,413,0.9646824565080696,0.04966551794040138,4016.511058624581,1.2728896141052246,4280.324437141818,0.047129909365558914,4609,0.6667864322662354
Macaque,ENSG00000116863.fa,85,5072,0.3581056594848633,4280.324437141818,0.0050968399592252805,5,5,False,413,0.9686487616260843,0.04966551794040138,4016.511058624581,1.2728896141052246,4280.324437141818,0.047129909365558914,4609,0.6667864322662354
Macaque,ENSG00000116863.fa,90,5072,0.23166513442993164,4280.324437141818,0.0050968399592252805,5,5,False,413,0.9723785699395455,0.04966551794040138,4016.511058624581,1.2728896141052246,4280.324437141818,0.047129909365558914,4609,0.6667864322662354
Macaque,ENSG00000116863.fa,95,5072,0.3460559844970703,4280.324437141818,0.0050968399592252805,5,5,False,413,0.9760889905395571,0.04966551794040138,4016.511058624581,1.2728896141052246,4280.324437141818,0.047129909365558914,4609,0.6667864322662354
Macaque,ENSG00000126070-0.fa,15,1074,0.022997379302978516,908.5514963533134,0.022244691607684528,4,5,True,250,0.5383522727272727,0.024777006937561942,773.577723601899,0.043331146240234375,873.6162341177617,0.023483365949119372,1021,0.03593730926513672
Macaque,ENSG00000126070-0.fa,20,1074,0.024143457412719727,877.6169996944024,0.018538713195201745,4,5,True,223,0.6212222968435192,0.024777006937561942,773.577723601899,0.043331146240234375,873.6162341177617,0.023483365949119372,1021,0.03593730926513672
Macaque,ENSG00000126070-0.fa,25,1074,0.025886058807373047,873.6162341177617,0.017897091722595078,4,5,False,223,0.6846499678869621,0.024777006937561942,773.577723601899,0.043331146240234375,873.6162341177617,0.023483365949119372,1021,0.03593730926513672
Macaque,ENSG00000126070-0.fa,30,1074,0.026287317276000977,873.6162341177617,0.015384615384615385,4,5,False,223,0.7380804953560371,0.024777006937561942,773.577723601899,0.043331146240234375,873.6162341177617,0.023483365949119372,1021,0.03593730926513672
Macaque,ENSG00000126070-0.fa,35,1074,0.025196075439453125,873.6162341177617,0.015384615384615385,4,5,False,223,0.7856287425149701,0.024777006937561942,773.577723601899,0.043331146240234375,873.6162341177617,0.023483365949119372,1021,0.03593730926513672
Macaque,ENSG00000126070-0.fa,40,1074,0.0245513916015625,873.6162341177617,0.01608910891089109,3,4,False,223,0.8260616637579988,0.024777006937561942,773.577723601899,0.043331146240234375,873.6162341177617,0.023483365949119372,1021,0.03593730926513672
Macaque,ENSG00000126070-0.fa,45,1074,0.024708986282348633,873.6162341177617,0.01608910891089109,3,4,False,223,0.8584422967595224,0.024777006937561942,773.577723601899,0.043331146240234375,873.6162341177617,0.023483365949119372,1021,0.03593730926513672
Macaque,ENSG00000126070-0.fa,50,1074,0.025060415267944336,873.6162341177617,0.015810276679841896,3,4,False,223,0.8887652947719689,0.024777006937561942,773.577723601899,0.043331146240234375,873.6162341177617,0.023483365949119372,1021,0.03593730926513672
Macaque,ENSG00000126070-0.fa,55,1074,0.02390122413635254,873.6162341177617,0.012519561815336464,3,4,False,223,0.9094898518924849,0.024777006937561942,773.577723601899,0.043331146240234375,873.6162341177617,0.023483365949119372,1021,0.03593730926513672
Macaque,ENSG00000126070-0.fa,60,1074,0.024380207061767578,873.6162341177617,0.012345679012345678,2,3,False,223,0.924415443175639,0.024777006937561942,773.577723601899,0.043331146240234375,873.6162341177617,0.023483365949119372,1021,0.03593730926513672
Macaque,ENSG00000126070-0.fa,65,1074,0.14229273796081543,873.6162341177617,0.012345679012345678,2,3,False,223,0.9356408869659275,0.024777006937561942,773.577723601899,0.043331146240234375,873.6162341177617,0.023483365949119372,1021,0.03593730926513672
Macaque,ENSG00000126070-0.fa,70,1074,0.02936697006225586,873.6162341177617,0.014354066985645933,1,2,False,223,0.946178686759957,0.024777006937561942,773.577723601899,0.043331146240234375,873.6162341177617,0.023483365949119372,1021,0.03593730926513672
Macaque,ENSG00000126070-0.fa,75,1074,0.029288530349731445,873.6162341177617,0.014354066985645933,1,2,False,223,0.9543746645195921,0.024777006937561942,773.577723601899,0.043331146240234375,873.6162341177617,0.023483365949119372,1021,0.03593730926513672
Macaque,ENSG00000126070-0.fa,80,1074,0.0292205810546875,873.6162341177617,0.014354066985645933,1,2,False,223,0.9625267665952891,0.024777006937561942,773.577723601899,0.043331146240234375,873.6162341177617,0.023483365949119372,1021,0.03593730926513672
Macaque,ENSG00000126070-0.fa,85,1074,0.028891563415527344,873.6162341177617,0.014354066985645933,1,2,False,223,0.9706353443673251,0.024777006937561942,773.577723601899,0.043331146240234375,873.6162341177617,0.023483365949119372,1021,0.03593730926513672
Macaque,ENSG00000126070-0.fa,90,1074,0.028849124908447266,873.6162341177617,0.014354066985645933,1,2,False,223,0.9787007454739084,0.024777006937561942,773.577723601899,0.043331146240234375,873.6162341177617,0.023483365949119372,1021,0.03593730926513672
Macaque,ENSG00000126070-0.fa,95,1074,0.028947114944458008,873.6162341177617,0.014354066985645933,1,2,False,223,0.9845662586482171,0.024777006937561942,773.577723601899,0.043331146240234375,873.6162341177617,0.023483365949119372,1021,0.03593730926513672
Macaque,ENSG00000126070-1.fa,75,5478,0.35213541984558105,4343.587656336083,0.02457865168539326,7,6,False,633,0.9871004457934174,0.049980552314274604,3865.0361324793994,1.5201330184936523,4293.835911859506,0.04393344550383249,3439,0.8293378353118896
Macaque,ENSG00000126070-1.fa,80,5478,0.44384765625,4343.587656336083,0.030548068283917342,4,3,False,633,0.9908248202799849,0.049980552314274604,3865.0361324793994,1.5201330184936523,4293.835911859506,0.04393344550383249,3439,0.8293378353118896
Macaque,ENSG00000126070-1.fa,85,5478,0.6914124488830566,4293.835911859506,0.010416666666666666,3,2,False,335,0.9926282960022682,0.049980552314274604,3865.0361324793994,1.5201330184936523,4293.835911859506,0.04393344550383249,3439,0.8293378353118896
Macaque,ENSG00000126070-1.fa,90,5478,0.5666093826293945,4293.835911859506,0.0,3,2,False,145,0.9936684936684936,0.049980552314274604,3865.0361324793994,1.5201330184936523,4293.835911859506,0.04393344550383249,3439,0.8293378353118896
Macaque,ENSG00000126070-1.fa,95,5478,0.6704628467559814,4293.835911859506,0.0,3,2,False,145,0.9946134946134946,0.049980552314274604,3865.0361324793994,1.5201330184936523,4293.835911859506,0.04393344550383249,3439,0.8293378353118896
Macaque,ENSG00000159346.fa,25,18279,1.0811097621917725,-36189.0,0.037102609498883846,73,73,True,1284,0.8339457509353287,0.050391236306729266,10334.680857880836,17.268049716949463,11932.4481324941,0.04598251706382469,4787,7.697788953781128
Macaque,ENSG00000159346.fa,85,18279,1.5750148296356201,11932.4481324941,0.38935056940597107,12,11,False,1781,0.97611834946031,0.050391236306729266,10334.680857880836,17.268049716949463,11932.4481324941,0.04598251706382469,4787,7.697788953781128
Macaque,ENSG00000159346.fa,90,18279,2.6540584564208984,11932.4481324941,0.0,9,9,False,267,0.9776152286948092,0.050391236306729266,10334.680857880836,17.268049716949463,11932.4481324941,0.04598251706382469,4787,7.697788953781128
Macaque,ENSG00000159346.fa,95,18279,2.87650728225708,11932.4481324941,0.0,9,9,False,267,0.9789587979809837,0.050391236306729266,10334.680857880836,17.268049716949463,11932.4481324941,0.04598251706382469,4787,7.697788953781128
Macaque,ENSG00000186094-1.fa,50,12812,0.3934013843536377,7725.30836134691,0.09629916682813408,14,14,False,1472,0.957035680013958,0.05387327126457561,7457.510694662349,8.477466583251953,7788.924738833632,0.0481378940787711,7401,3.6456875801086426
Macaque,ENSG00000186094-1.fa,55,12812,0.675468921661377,7725.30836134691,0.10102520290474157,12,12,False,1472,0.9651454797367509,0.05387327126457561,7457.510694662349,8.477466583251953,7788.924738833632,0.0481378940787711,7401,3.6456875801086426
Macaque,ENSG00000186094-1.fa,60,12812,0.5996241569519043,7729.188655386904,0.18631824941576375,12,11,False,1472,0.972120638471798,0.05387327126457561,7457.510694662349,8.477466583251953,7788.924738833632,0.0481378940787711,7401,3.6456875801086426
Macaque,ENSG00000186094-1.fa,65,12812,0.5970616340637207,7729.188655386904,0.19094393866794443,11,10,False,1472,0.9777844362640185,0.05387327126457561,7457.510694662349,8.477466583251953,7788.924738833632,0.0481378940787711,7401,3.6456875801086426
Macaque,ENSG00000186094-1.fa,70,12812,0.6500527858734131,7729.188655386904,0.09976105137395459,10,10,False,1472,0.9825675560480778,0.05387327126457561,7457.510694662349,8.477466583251953,7788.924738833632,0.0481378940787711,7401,3.6456875801086426
Macaque,ENSG00000186094-1.fa,75,12812,0.6905252933502197,7729.188655386904,0.10346983432322601,10,10,False,1472,0.9868800951086957,0.05387327126457561,7457.510694662349,8.477466583251953,7788.924738833632,0.0481378940787711,7401,3.6456875801086426
Macaque,ENSG00000186094-1.fa,80,12812,0.7557110786437988,7679.590588418949,0.2123817712811694,9,8,False,1472,0.9905620450313187,0.05387327126457561,7457.510694662349,8.477466583251953,7788.924738833632,0.0481378940787711,7401,3.6456875801086426
Macaque,ENSG00000186094-1.fa,85,12812,0.9917528629302979,7654.790746786399,0.1270578303081469,6,6,False,1472,0.9934560499873343,0.05387327126457561,7457.510694662349,8.477466583251953,7788.924738833632,0.0481378940787711,7401,3.6456875801086426
Macaque,ENSG00000186094-1.fa,90,12812,1.083505630493164,7629.990366559527,0.14415322580645162,5,5,False,1472,0.9956591368846932,0.05387327126457561,7457.510694662349,8.477466583251953,7788.924738833632,0.0481378940787711,7401,3.6456875801086426
Macaque,ENSG00000186094-1.fa,95,12812,1.1920883655548096,7788.924738833632,0.004893964110929853,5,5,False,196,0.9971372037216352,0.05387327126457561,7457.510694662349,8.477466583251953,7788.924738833632,0.0481378940787711,7401,3.6456875801086426
Macaque,ENSG00000188157-0.fa,15,1136,0.03468060493469238,908.1096708367345,0.03326612903225806,7,8,False,400,0.6946564885496183,0.05339366515837104,906.7945295461354,0.047011375427246094,883.2459612535229,0.04753363228699552,1052,0.0400998592376709
Macaque,ENSG00000188157-0.fa,20,1136,0.03216814994812012,908.1096708367345,0.02885682574916759,6,7,False,400,0.7732815964523282,0.05339366515837104,906.7945295461354,0.047011375427246094,883.2459612535229,0.04753363228699552,1052,0.0400998592376709
Macaque,ENSG00000188157-0.fa,25,1136,0.0301816463470459,883.2459612535229,0.017518248175182483,4,5,False,400,0.8294367693942615,0.05339366515837104,906.7945295461354,0.047011375427246094,883.2459612535229,0.04753363228699552,1052,0.0400998592376709
Macaque,ENSG00000188157-0.fa,30,1136,0.029598236083984375,883.2459612535229,0.015337423312883436,4,5,False,400,0.8666666666666667,0.05339366515837104,906.7945295461354,0.047011375427246094,883.2459612535229,0.04753363228699552,1052,0.0400998592376709
Macaque,ENSG00000188157-0.fa,35,1136,0.031037330627441406,883.2459612535229,0.014586709886547812,4,5,False,365,0.9002518891687658,0.05339366515837104,906.7945295461354,0.047011375427246094,883.2459612535229,0.04753363228699552,1052,0.0400998592376709
Macaque,ENSG00000188157-0.fa,40,1136,0.036078453063964844,883.2459612535229,0.14953271028037382,4,4,False,320,0.9263833992094862,0.05339366515837104,906.7945295461354,0.047011375427246094,883.2459612535229,0.04753363228699552,1052,0.0400998592376709
Macaque,ENSG00000188157-0.fa,45,1136,0.030930042266845703,883.2459612535229,0.013157894736842105,3,4,False,320,0.9464198733560643,0.05339366515837104,906.7945295461354,0.047011375427246094,883.2459612535229,0.04753363228699552,1052,0.0400998592376709
Macaque,ENSG00000188157-0.fa,50,1136,0.02930760383605957,883.2459612535229,0.012396694214876033,3,4,False,272,0.9629094412331407,0.05339366515837104,906.7945295461354,0.047011375427246094,883.2459612535229,0.04753363228699552,1052,0.0400998592376709
Macaque,ENSG00000188157-0.fa,55,1136,0.03474140167236328,883.2459612535229,0.01020408163265306,3,3,False,272,0.9756214149139579,0.05339366515837104,906.7945295461354,0.047011375427246094,883.2459612535229,0.04753363228699552,1052,0.0400998592376709
Macaque,ENSG00000188157-0.fa,60,1136,0.2429208755493164,883.2459612535229,0.011940298507462687,2,2,False,272,0.9866983372921615,0.05339366515837104,906.7945295461354,0.047011375427246094,883.2459612535229,0.04753363228699552,1052,0.0400998592376709
Macaque,ENSG00000188157-0.fa,65,1136,0.03805804252624512,883.2459612535229,0.014705882352941176,2,1,False,272,0.9957426679280984,0.05339366515837104,906.7945295461354,0.047011375427246094,883.2459612535229,0.04753363228699552,1052,0.0400998592376709
Macaque,ENSG00000116771.fa,40,13575,0.6431276798248291,-23613.739487703082,0.07005091806819935,32,33,True,833,0.9572608833809978,0.0618324432576769,7375.664782030883,10.083367824554443,8995.73292530442,0.05987789605510332,8405,4.388948202133179
Macaque,ENSG00000116771.fa,45,13575,0.5719871520996094,8939.463339068876,0.07610199644198458,25,26,True,833,0.9694650496487304,0.0618324432576769,7375.664782030883,10.083367824554443,8995.73292530442,0.05987789605510332,8405,4.388948202133179
Macaque,ENSG00000116771.fa,50,13575,0.7013747692108154,8901.729559997242,0.2273664909465964,16,16,True,1069,0.9770885286783042,0.0618324432576769,7375.664782030883,10.083367824554443,8995.73292530442,0.05987789605510332,8405,4.388948202133179
Macaque,ENSG00000116771.fa,55,13575,0.8052995204925537,8995.73292530442,0.028225806451612902,12,13,False,587,0.9823561346362649,0.0618324432576769,7375.664782030883,10.083367824554443,8995.73292530442,0.05987789605510332,8405,4.388948202133179
Macaque,ENSG00000116771.fa,60,13575,0.7972502708435059,8995.73292530442,0.2594008922880816,11,11,False,1119,0.9860466914038343,0.0618324432576769,7375.664782030883,10.083367824554443,8995.73292530442,0.05987789605510332,8405,4.388948202133179
Macaque,ENSG00000116771.fa,65,13575,1.0954256057739258,8995.73292530442,0.03239289446185998,7,7,False,587,0.9890902081727062,0.0618324432576769,7375.664782030883,10.083367824554443,8995.73292530442,0.05987789605510332,8405,4.388948202133179
Macaque,ENSG00000116771.fa,70,13575,1.0747768878936768,8995.73292530442,0.03032258064516129,7,7,False,587,0.9910703975982449,0.0618324432576769,7375.664782030883,10.083367824554443,8995.73292530442,0.05987789605510332,8405,4.388948202133179
Macaque,ENSG00000116771.fa,75,13575,1.2789864540100098,8995.73292530442,0.4880689350419797,5,4,False,3408,0.9927346813254402,0.0618324432576769,7375.664782030883,10.083367824554443,8995.73292530442,0.05987789605510332,8405,4.388948202133179
Macaque,ENSG00000116771.fa,80,13575,1.536543846130371,8995.73292530442,0.0319001386962552,4,4,False,338,0.9936993353567175,0.0618324432576769,7375.664782030883,10.083367824554443,8995.73292530442,0.05987789605510332,8405,4.388948202133179
Macaque,ENSG00000116771.fa,85,13575,3.5954856872558594,8995.73292530442,0.03599374021909233,3,3,False,338,0.9943925951530515,0.0618324432576769,7375.664782030883,10.083367824554443,8995.73292530442,0.05987789605510332,8405,4.388948202133179
Macaque,ENSG00000116771.fa,90,13575,3.4739444255828857,8995.73292530442,0.6547974668419166,3,2,False,8031,0.9949696643882958,0.0618324432576769,7375.664782030883,10.083367824554443,8995.73292530442,0.05987789605510332,8405,4.388948202133179
Macaque,ENSG00000116771.fa,95,13575,7.70481538772583,8995.73292530442,0.04189435336976321,2,2,False,338,0.995392235917521,0.0618324432576769,7375.664782030883,10.083367824554443,8995.73292530442,0.05987789605510332,8405,4.388948202133179
Macaque,ENSG00000134698-1.fa,75,7157,0.2014176845550537,5381.307022794753,0.014821536600120993,10,10,False,692,0.9275031486146096,0.03195691202872531,2227.096493275242,2.3973443508148193,5356.385209946225,0.028264812575574366,1330,1.182502269744873
Macaque,ENSG00000134698-1.fa,80,7157,0.3184497356414795,5381.307022794753,0.014879107253564786,10,10,False,692,0.9364112178736036,0.03195691202872531,2227.096493275242,2.3973443508148193,5356.385209946225,0.028264812575574366,1330,1.182502269744873
Macaque,ENSG00000134698-1.fa,85,7157,0.20979905128479004,5381.307022794753,0.014588398749565822,8,8,False,692,0.9436291637549499,0.03195691202872531,2227.096493275242,2.3973443508148193,5356.385209946225,0.028264812575574366,1330,1.182502269744873
Macaque,ENSG00000134698-1.fa,90,7157,0.3334472179412842,5381.307022794753,0.014588398749565822,8,8,False,692,0.9497064276885043,0.03195691202872531,2227.096493275242,2.3973443508148193,5356.385209946225,0.028264812575574366,1330,1.182502269744873
Macaque,ENSG00000134698-1.fa,95,7157,0.21986031532287598,5381.307022794753,0.008144020574367767,8,8,False,692,0.9552410982081059,0.03195691202872531,2227.096493275242,2.3973443508148193,5356.385209946225,0.028264812575574366,1330,1.182502269744873
Macaque,ENSG00000188157-1.fa,15,1071,0.026432037353515625,921.7310431903767,0.05798575788402848,4,5,False,267,0.803988603988604,0.06866537717601548,768.5367604340207,0.04345250129699707,864.0869894242132,0.0625,888,0.0369570255279541
Macaque,ENSG00000188157-1.fa,20,1071,0.026137113571166992,921.7310431903767,0.05105853051058531,4,5,False,267,0.8840811965811965,0.06866537717601548,768.5367604340207,0.04345250129699707,864.0869894242132,0.0625,888,0.0369570255279541
Macaque,ENSG00000188157-1.fa,25,1071,0.0293424129486084,888.9052718123676,0.04107424960505529,4,5,False,267,0.9283505154639176,0.06866537717601548,768.5367604340207,0.04345250129699707,864.0869894242132,0.0625,888,0.0369570255279541
Macaque,ENSG00000188157-1.fa,30,1071,0.028885841369628906,888.9052718123676,0.03665987780040733,4,4,False,267,0.9561049445005045,0.06866537717601548,768.5367604340207,0.04345250129699707,864.0869894242132,0.0625,888,0.0369570255279541
Macaque,ENSG00000188157-1.fa,35,1071,0.02958822250366211,864.0869894242132,0.029850746268656716,4,4,False,267,0.9720419370943585,0.06866537717601548,768.5367604340207,0.04345250129699707,864.0869894242132,0.0625,888,0.0369570255279541
Macaque,ENSG00000188157-1.fa,40,1071,0.02425527572631836,728.3464222858547,0.31866197183098594,2,2,False,511,0.9836309523809523,0.06866537717601548,768.5367604340207,0.04345250129699707,864.0869894242132,0.0625,888,0.0369570255279541
Macaque,ENSG00000188157-1.fa,45,1071,0.03602862358093262,864.0869894242132,0.0,2,2,False,57,0.9920909540286703,0.06866537717601548,768.5367604340207,0.04345250129699707,864.0869894242132,0.0625,888,0.0369570255279541
Macaque,ENSG00000188157-1.fa,50,1071,0.04573822021484375,864.0869894242132,0.0,1,1,False,57,0.9960415635823849,0.06866537717601548,768.5367604340207,0.04345250129699707,864.0869894242132,0.0625,888,0.0369570255279541
Macaque,ENSG00000188157-1.fa,55,1071,0.044976234436035156,864.0869894242132,0.0,1,1,False,57,0.9985119047619048,0.06866537717601548,768.5367604340207,0.04345250129699707,864.0869894242132,0.0625,888,0.0369570255279541
Macaque,ENSG00000153207-0.fa,15,1135,0.035953521728515625,875.2276964735763,0.03289473684210526,8,8,False,233,0.6907582938388626,0.04875804967801288,692.1987084699324,0.047210693359375,850.3601686124262,0.04623753399818677,270,0.0372471809387207
Macaque,ENSG00000153207-0.fa,20,1135,0.0330810546875,875.2276964735763,0.025220680958385876,7,7,False,233,0.7591652566271856,0.04875804967801288,692.1987084699324,0.047210693359375,850.3601686124262,0.04623753399818677,270,0.0372471809387207
Macaque,ENSG00000153207-0.fa,25,1135,0.03621315956115723,875.2276964735763,0.02257636122177955,7,7,False,233,0.8071895424836601,0.04875804967801288,692.1987084699324,0.047210693359375,850.3601686124262,0.04623753399818677,270,0.0372471809387207
Macaque,ENSG00000153207-0.fa,30,1135,0.03351259231567383,850.3601686124262,0.01636904761904762,6,6,False,233,0.8465608465608465,0.04875804967801288,692.1987084699324,0.047210693359375,850.3601686124262,0.04623753399818677,270,0.0372471809387207
Macaque,ENSG00000153207-0.fa,35,1135,0.03581690788269043,850.3601686124262,0.008665511265164644,6,6,False,166,0.8768115942028986,0.04875804967801288,692.1987084699324,0.047210693359375,850.3601686124262,0.04623753399818677,270,0.0372471809387207
Macaque,ENSG00000153207-0.fa,40,1135,0.0374910831451416,850.3601686124262,0.267515923566879,5,4,False,296,0.9018810371123538,0.04875804967801288,692.1987084699324,0.047210693359375,850.3601686124262,0.04623753399818677,270,0.0372471809387207
Macaque,ENSG00000153207-0.fa,45,1135,0.03268098831176758,850.3601686124262,0.010040160642570281,4,4,False,166,0.9212242849974912,0.04875804967801288,692.1987084699324,0.047210693359375,850.3601686124262,0.04623753399818677,270,0.0372471809387207
Macaque,ENSG00000153207-0.fa,50,1135,0.03402352333068848,850.3601686124262,0.008064516129032258,4,3,False,166,0.9384920634920635,0.04875804967801288,692.1987084699324,0.047210693359375,850.3601686124262,0.04623753399818677,270,0.0372471809387207
Macaque,ENSG00000153207-0.fa,55,1135,0.03430652618408203,850.3601686124262,0.0031545741324921135,4,3,False,166,0.9507389162561576,0.04875804967801288,692.1987084699324,0.047210693359375,850.3601686124262,0.04623753399818677,270,0.0372471809387207
Macaque,ENSG00000153207-0.fa,60,1135,0.1377570629119873,850.3601686124262,0.0031545741324921135,4,3,False,166,0.9607843137254902,0.04875804967801288,692.1987084699324,0.047210693359375,850.3601686124262,0.04623753399818677,270,0.0372471809387207
Macaque,ENSG00000153207-0.fa,65,1135,0.034195899963378906,850.3601686124262,0.0031545741324921135,4,3,False,166,0.9707317073170731,0.04875804967801288,692.1987084699324,0.047210693359375,850.3601686124262,0.04623753399818677,270,0.0372471809387207
Macaque,ENSG00000153207-0.fa,70,1135,0.03367805480957031,850.3601686124262,0.004016064257028112,3,2,False,166,0.9800874210781934,0.04875804967801288,692.1987084699324,0.047210693359375,850.3601686124262,0.04623753399818677,270,0.0372471809387207
Macaque,ENSG00000153207-0.fa,75,1135,0.03421807289123535,850.3601686124262,0.004016064257028112,3,2,False,166,0.9874031007751938,0.04875804967801288,692.1987084699324,0.047210693359375,850.3601686124262,0.04623753399818677,270,0.0372471809387207
Macaque,ENSG00000153207-0.fa,80,1135,0.03438758850097656,850.3601686124262,0.004016064257028112,3,2,False,166,0.9946834219429677,0.04875804967801288,692.1987084699324,0.047210693359375,850.3601686124262,0.04623753399818677,270,0.0372471809387207
Macaque,ENSG00000177674-0.fa,30,13323,0.4595680236816406,5679.711821834995,0.10473061760840999,44,42,True,872,0.9365416059039285,0.07097875973956666,1621.394909189943,8.85253095626831,5482.072861177443,0.05903790087463557,1863,3.762160301208496
Macaque,ENSG00000177674-0.fa,35,13323,0.35616254806518555,5548.929291572431,0.0743230964928221,38,38,True,872,0.956691039674642,0.07097875973956666,1621.394909189943,8.85253095626831,5482.072861177443,0.05903790087463557,1863,3.762160301208496
Macaque,ENSG00000177674-0.fa,40,13323,0.574678897857666,5533.651754512299,0.058434081750143925,33,32,True,483,0.9694952856350527,0.07097875973956666,1621.394909189943,8.85253095626831,5482.072861177443,0.05903790087463557,1863,3.762160301208496
Macaque,ENSG00000177674-0.fa,45,13323,0.6886625289916992,5506.904296587734,0.02633559066967645,24,24,True,386,0.9783628449478088,0.07097875973956666,1621.394909189943,8.85253095626831,5482.072861177443,0.05903790087463557,1863,3.762160301208496
Macaque,ENSG00000177674-0.fa,50,13323,0.7112236022949219,5506.904296587734,0.026110856619331196,21,21,True,280,0.9850990597716588,0.07097875973956666,1621.394909189943,8.85253095626831,5482.072861177443,0.05903790087463557,1863,3.762160301208496
Macaque,ENSG00000177674-0.fa,55,13323,0.881237268447876,5254.540055463771,0.24173834314169307,15,14,True,814,0.9900584795321637,0.07097875973956666,1621.394909189943,8.85253095626831,5482.072861177443,0.05903790087463557,1863,3.762160301208496
Macaque,ENSG00000177674-0.fa,60,13323,0.9996087551116943,5254.540055463771,0.21206096752816433,10,10,True,679,0.9933788623303074,0.07097875973956666,1621.394909189943,8.85253095626831,5482.072861177443,0.05903790087463557,1863,3.762160301208496
Macaque,ENSG00000177674-0.fa,65,13323,1.1928997039794922,5482.072861177443,0.49826474962816064,7,6,True,1443,0.9955947136563876,0.07097875973956666,1621.394909189943,8.85253095626831,5482.072861177443,0.05903790087463557,1863,3.762160301208496
Macaque,ENSG00000177674-0.fa,70,13323,1.30064058303833,5482.072861177443,0.6026490066225165,5,4,False,1437,0.9969278033794163,0.07097875973956666,1621.394909189943,8.85253095626831,5482.072861177443,0.05903790087463557,1863,3.762160301208496
Macaque,ENSG00000177674-0.fa,75,13323,3.0535776615142822,5482.072861177443,0.030555555555555555,3,2,False,280,0.9978422341175982,0.07097875973956666,1621.394909189943,8.85253095626831,5482.072861177443,0.05903790087463557,1863,3.762160301208496
Macaque,ENSG00000177674-0.fa,80,13323,3.162026882171631,5482.072861177443,0.7078761277737138,3,1,False,4101,0.9984649850647196,0.07097875973956666,1621.394909189943,8.85253095626831,5482.072861177443,0.05903790087463557,1863,3.762160301208496
Macaque,ENSG00000177674-0.fa,85,13323,7.1715452671051025,5482.072861177443,0.0,2,1,False,114,0.9987552383718518,0.07097875973956666,1621.394909189943,8.85253095626831,5482.072861177443,0.05903790087463557,1863,3.762160301208496
Macaque,ENSG00000177674-0.fa,90,13323,7.295062065124512,5482.072861177443,0.0,2,1,False,114,0.9989624833997344,0.07097875973956666,1621.394909189943,8.85253095626831,5482.072861177443,0.05903790087463557,1863,3.762160301208496
Macaque,ENSG00000177674-0.fa,95,13323,7.154987335205078,5482.072861177443,0.0,2,1,False,114,0.9991698144535304,0.07097875973956666,1621.394909189943,8.85253095626831,5482.072861177443,0.05903790087463557,1863,3.762160301208496
Macaque,ENSG00000116922.fa,45,11928,0.4498941898345947,6256.608119533186,0.028985507246376812,24,23,True,528,0.9738651994497937,0.06159607438016529,-807.7307296723066,7.5710530281066895,5041.665385648306,0.059548644035653325,4305,3.178903579711914
Macaque,ENSG00000116922.fa,50,11928,0.541140079498291,6202.905521559083,0.019178082191780823,19,18,True,309,0.9821217359657902,0.06159607438016529,-807.7307296723066,7.5710530281066895,5041.665385648306,0.059548644035653325,4305,3.178903579711914
Macaque,ENSG00000116922.fa,55,11928,0.595637321472168,6178.055462288785,0.26254375729288215,16,14,False,1093,0.9873681351020962,0.06159607438016529,-807.7307296723066,7.5710530281066895,5041.665385648306,0.059548644035653325,4305,3.178903579711914
Macaque,ENSG00000116922.fa,60,11928,0.6664679050445557,6178.055462288785,0.45657116871305137,11,9,False,1546,0.9907453388108889,0.06159607438016529,-807.7307296723066,7.5710530281066895,5041.665385648306,0.059548644035653325,4305,3.178903579711914
Macaque,ENSG00000116922.fa,65,11928,2.0057156085968018,5041.665385648306,0.0,6,5,False,134,0.9927428442641424,0.06159607438016529,-807.7307296723066,7.5710530281066895,5041.665385648306,0.059548644035653325,4305,3.178903579711914
Macaque,ENSG00000116922.fa,70,11928,2.0075833797454834,5041.665385648306,0.0,6,5,False,134,0.9938738738738738,0.06159607438016529,-807.7307296723066,7.5710530281066895,5041.665385648306,0.059548644035653325,4305,3.178903579711914
Macaque,ENSG00000116922.fa,75,11928,2.1300809383392334,5041.665385648306,0.0,6,5,False,134,0.9950033760972316,0.06159607438016529,-807.7307296723066,7.5710530281066895,5041.665385648306,0.059548644035653325,4305,3.178903579711914
Macaque,ENSG00000116922.fa,80,11928,2.556075096130371,5041.665385648306,0.0,4,3,False,134,0.9959958608899087,0.06159607438016529,-807.7307296723066,7.5710530281066895,5041.665385648306,0.059548644035653325,4305,3.178903579711914
Macaque,ENSG00000116922.fa,85,11928,2.5615859031677246,5041.665385648306,0.0,3,2,False,134,0.9966263325986235,0.06159607438016529,-807.7307296723066,7.5710530281066895,5041.665385648306,0.059548644035653325,4305,3.178903579711914
Macaque,ENSG00000116922.fa,90,11928,2.5657362937927246,5041.665385648306,0.0,3,2,False,134,0.9970761549188071,0.06159607438016529,-807.7307296723066,7.5710530281066895,5041.665385648306,0.059548644035653325,4305,3.178903579711914
Macaque,ENSG00000116922.fa,95,11928,2.568359375,5041.665385648306,0.0,3,2,False,134,0.9975259772389906,0.06159607438016529,-807.7307296723066,7.5710530281066895,5041.665385648306,0.059548644035653325,4305,3.178903579711914
Macaque,ENSG00000153207-1.fa,45,15583,1.336529016494751,-18624.97826881538,0.2214605852886897,27,25,True,921,0.9785680555051037,0.06703601108033241,985.481607843938,12.02146029472351,6422.397224053429,0.06175624173601929,1627,5.146845102310181
Macaque,ENSG00000153207-1.fa,50,15583,1.280005931854248,-6810.848027686488,0.3793027360988526,17,16,True,2424,0.9839344380663562,0.06703601108033241,985.481607843938,12.02146029472351,6422.397224053429,0.06175624173601929,1627,5.146845102310181
Macaque,ENSG00000153207-1.fa,55,15583,1.9417884349822998,6422.397224053429,0.31637405947689,13,12,True,1353,0.9874141464993348,0.06703601108033241,985.481607843938,12.02146029472351,6422.397224053429,0.06175624173601929,1627,5.146845102310181
Macaque,ENSG00000153207-1.fa,60,15583,2.8111605644226074,6270.016000948879,0.16763485477178422,8,8,True,425,0.9897765182767155,0.06703601108033241,985.481607843938,12.02146029472351,6422.397224053429,0.06175624173601929,1627,5.146845102310181
Macaque,ENSG00000153207-1.fa,65,15583,2.7134459018707275,6422.397224053429,0.006305170239596469,7,7,True,253,0.9915129811996419,0.06703601108033241,985.481607843938,12.02146029472351,6422.397224053429,0.06175624173601929,1627,5.146845102310181
Macaque,ENSG00000153207-1.fa,70,15583,2.691272497177124,6422.397224053429,0.6161042944785277,7,6,True,5877,0.9929554800643662,0.06703601108033241,985.481607843938,12.02146029472351,6422.397224053429,0.06175624173601929,1627,5.146845102310181
Macaque,ENSG00000153207-1.fa,75,15583,3.22355318069458,6422.397224053429,0.007692307692307693,5,5,True,253,0.9942142857142857,0.06703601108033241,985.481607843938,12.02146029472351,6422.397224053429,0.06175624173601929,1627,5.146845102310181
Macaque,ENSG00000153207-1.fa,80,15583,4.1683361530303955,6422.397224053429,0.008710801393728223,4,4,True,253,0.9951823567197202,0.06703601108033241,985.481607843938,12.02146029472351,6422.397224053429,0.06175624173601929,1627,5.146845102310181
Macaque,ENSG00000153207-1.fa,85,15583,4.415534734725952,6422.397224053429,0.010121457489878543,4,3,True,253,0.9959340894500321,0.06703601108033241,985.481607843938,12.02146029472351,6422.397224053429,0.06175624173601929,1627,5.146845102310181
Macaque,ENSG00000153207-1.fa,90,15583,4.245922088623047,6422.397224053429,0.6844329654848555,4,3,True,8114,0.9966491997290843,0.06703601108033241,985.481607843938,12.02146029472351,6422.397224053429,0.06175624173601929,1627,5.146845102310181
Macaque,ENSG00000153207-1.fa,95,15583,7.871137857437134,6422.397224053429,0.012376237623762377,3,2,True,253,0.9972206385404789,0.06703601108033241,985.481607843938,12.02146029472351,6422.397224053429,0.06175624173601929,1627,5.146845102310181
Macaque,ENSG00000154027-0.fa,15,731,0.018947839736938477,648.359661697012,0.03443328550932568,2,3,False,361,0.6210221793635486,0.03698435277382646,552.3370514708341,0.022773265838623047,648.359661697012,0.03576341127922971,523,0.018815994262695312
Macaque,ENSG00000154027-0.fa,20,731,0.017470598220825195,648.359661697012,0.033823529411764704,2,3,False,361,0.7031963470319635,0.03698435277382646,552.3370514708341,0.022773265838623047,648.359661697012,0.03576341127922971,523,0.018815994262695312
Macaque,ENSG00000154027-0.fa,25,731,0.016632556915283203,648.359661697012,0.03194888178913738,2,3,False,361,0.7566137566137566,0.03698435277382646,552.3370514708341,0.022773265838623047,648.359661697012,0.03576341127922971,523,0.018815994262695312
Macaque,ENSG00000154027-0.fa,30,731,0.016111135482788086,648.359661697012,0.03194888178913738,2,3,False,361,0.7972508591065293,0.03698435277382646,552.3370514708341,0.022773265838623047,648.359661697012,0.03576341127922971,523,0.018815994262695312
Macaque,ENSG00000154027-0.fa,35,731,0.1352078914642334,648.359661697012,0.03372681281618887,1,2,False,361,0.8319327731092436,0.03698435277382646,552.3370514708341,0.022773265838623047,648.359661697012,0.03576341127922971,523,0.018815994262695312
Macaque,ENSG00000154027-0.fa,40,731,0.014754056930541992,648.359661697012,0.03372681281618887,1,2,False,361,0.859504132231405,0.03698435277382646,552.3370514708341,0.022773265838623047,648.359661697012,0.03576341127922971,523,0.018815994262695312
Macaque,ENSG00000154027-0.fa,45,731,0.014024734497070312,648.359661697012,0.03372681281618887,1,2,False,361,0.8816326530612245,0.03698435277382646,552.3370514708341,0.022773265838623047,648.359661697012,0.03576341127922971,523,0.018815994262695312
Macaque,ENSG00000154027-0.fa,50,731,0.018162250518798828,648.359661697012,0.024930747922437674,1,1,False,361,0.8943089430894309,0.03698435277382646,552.3370514708341,0.022773265838623047,648.359661697012,0.03576341127922971,523,0.018815994262695312
Macaque,ENSG00000154027-0.fa,55,731,0.017607688903808594,648.359661697012,0.024930747922437674,1,1,False,361,0.9024390243902439,0.03698435277382646,552.3370514708341,0.022773265838623047,648.359661697012,0.03576341127922971,523,0.018815994262695312
Macaque,ENSG00000154027-0.fa,60,731,0.01760077476501465,648.359661697012,0.024930747922437674,1,1,False,361,0.9105691056910569,0.03698435277382646,552.3370514708341,0.022773265838623047,648.359661697012,0.03576341127922971,523,0.018815994262695312
Macaque,ENSG00000154027-0.fa,65,731,0.017374038696289062,648.359661697012,0.024930747922437674,1,1,False,361,0.9186991869918699,0.03698435277382646,552.3370514708341,0.022773265838623047,648.359661697012,0.03576341127922971,523,0.018815994262695312
Macaque,ENSG00000154027-0.fa,70,731,0.01756119728088379,648.359661697012,0.024930747922437674,1,1,False,361,0.926829268292683,0.03698435277382646,552.3370514708341,0.022773265838623047,648.359661697012,0.03576341127922971,523,0.018815994262695312
Macaque,ENSG00000154027-0.fa,75,731,0.019269466400146484,648.359661697012,0.024930747922437674,1,1,False,361,0.9349593495934959,0.03698435277382646,552.3370514708341,0.022773265838623047,648.359661697012,0.03576341127922971,523,0.018815994262695312
Macaque,ENSG00000154027-0.fa,80,731,0.017238378524780273,648.359661697012,0.024930747922437674,1,1,False,361,0.943089430894309,0.03698435277382646,552.3370514708341,0.022773265838623047,648.359661697012,0.03576341127922971,523,0.018815994262695312
Macaque,ENSG00000154027-0.fa,85,731,0.01743626594543457,648.359661697012,0.024930747922437674,1,1,False,361,0.9512195121951219,0.03698435277382646,552.3370514708341,0.022773265838623047,648.359661697012,0.03576341127922971,523,0.018815994262695312
Macaque,ENSG00000154027-0.fa,90,731,0.017531633377075195,648.359661697012,0.024930747922437674,1,1,False,361,0.959349593495935,0.03698435277382646,552.3370514708341,0.022773265838623047,648.359661697012,0.03576341127922971,523,0.018815994262695312
Macaque,ENSG00000154027-0.fa,95,731,0.01677680015563965,648.359661697012,0.024930747922437674,1,1,False,361,0.967479674796748,0.03698435277382646,552.3370514708341,0.022773265838623047,648.359661697012,0.03576341127922971,523,0.018815994262695312
Macaque,ENSG00000174574-0.fa,30,7076,0.3776366710662842,-7005.227792109037,0.04194956353055286,30,29,True,962,0.9213235872042758,0.06646661665416354,4820.127448162925,2.4102120399475098,4658.229128537791,0.05781552674713158,1758,1.194507360458374
Macaque,ENSG00000174574-0.fa,90,7076,1.8308236598968506,4658.229128537791,0.0,3,2,False,98,0.9991174523792012,0.06646661665416354,4820.127448162925,2.4102120399475098,4658.229128537791,0.05781552674713158,1758,1.194507360458374
Macaque,ENSG00000174574-0.fa,95,7076,2.141437530517578,4658.229128537791,0.0,2,1,False,98,0.9997057741816845,0.06646661665416354,4820.127448162925,2.4102120399475098,4658.229128537791,0.05781552674713158,1758,1.194507360458374
Macaque,ENSG00000004455-1.fa,50,13733,0.4144446849822998,10010.623668493952,0.022942461762563728,30,30,False,703,0.9533989722668967,0.05030856964299664,9217.383613146856,10.298788070678711,9960.889152173857,0.04706423424804538,7356,4.641528367996216
Macaque,ENSG00000004455-1.fa,55,13733,0.5956029891967773,10010.623668493952,0.016708229426433914,26,26,False,482,0.9628635868719864,0.05030856964299664,9217.383613146856,10.298788070678711,9960.889152173857,0.04706423424804538,7356,4.641528367996216
Macaque,ENSG00000004455-1.fa,60,13733,0.5804834365844727,10010.623668493952,0.12661251791686573,26,23,False,725,0.9702997064730419,0.05030856964299664,9217.383613146856,10.298788070678711,9960.889152173857,0.04706423424804538,7356,4.641528367996216
Macaque,ENSG00000004455-1.fa,65,13733,0.7278668880462646,10010.623668493952,0.015114873035066506,23,22,False,482,0.976771865161637,0.05030856964299664,9217.383613146856,10.298788070678711,9960.889152173857,0.04706423424804538,7356,4.641528367996216
Macaque,ENSG00000004455-1.fa,70,13733,0.7025396823883057,10010.623668493952,0.0132,18,17,False,482,0.9823133929253571,0.05030856964299664,9217.383613146856,10.298788070678711,9960.889152173857,0.04706423424804538,7356,4.641528367996216
Macaque,ENSG00000004455-1.fa,75,13733,0.9351246356964111,9960.889152173857,0.17317574511819117,13,11,False,557,0.9861037082159446,0.05030856964299664,9217.383613146856,10.298788070678711,9960.889152173857,0.04706423424804538,7356,4.641528367996216
Macaque,ENSG00000004455-1.fa,80,13733,0.9171154499053955,9960.889152173857,0.3532608695652174,12,10,False,1625,0.9886406807993313,0.05030856964299664,9217.383613146856,10.298788070678711,9960.889152173857,0.04706423424804538,7356,4.641528367996216
Macaque,ENSG00000004455-1.fa,85,13733,1.044508695602417,9960.889152173857,0.008450704225352112,11,10,False,482,0.9909756190042847,0.05030856964299664,9217.383613146856,10.298788070678711,9960.889152173857,0.04706423424804538,7356,4.641528367996216
Macaque,ENSG00000004455-1.fa,90,13733,1.0673718452453613,9960.889152173857,0.00900225056264066,10,9,False,482,0.9931872374247758,0.05030856964299664,9217.383613146856,10.298788070678711,9960.889152173857,0.04706423424804538,7356,4.641528367996216
Macaque,ENSG00000004455-1.fa,95,13733,2.388496160507202,9960.889152173857,0.007699711260827719,8,7,False,373,0.9951250850275867,0.05030856964299664,9217.383613146856,10.298788070678711,9960.889152173857,0.04706423424804538,7356,4.641528367996216
Macaque,ENSG00000174574-1.fa,25,7992,0.3874690532684326,-2202.6902538704644,0.052598491198658844,29,29,True,598,0.8389552119221216,0.051600870376126824,3413.0265459755965,2.5894927978515625,3626.0650540443767,0.0488658852184503,3277,1.3582770824432373
Macaque,ENSG00000174574-1.fa,30,7992,0.32677698135375977,4010.276851663725,0.17859707924347618,24,22,True,668,0.8686860800999298,0.051600870376126824,3413.0265459755965,2.5894927978515625,3626.0650540443767,0.0488658852184503,3277,1.3582770824432373
Macaque,ENSG00000174574-1.fa,35,7992,0.215928316116333,3626.0650540443767,0.05631704410011919,21,20,True,534,0.8893659434179253,0.051600870376126824,3413.0265459755965,2.5894927978515625,3626.0650540443767,0.0488658852184503,3277,1.3582770824432373
Macaque,ENSG00000174574-1.fa,40,7992,0.35323333740234375,3626.0650540443767,0.031825795644891124,20,19,True,534,0.9056903196554069,0.051600870376126824,3413.0265459755965,2.5894927978515625,3626.0650540443767,0.0488658852184503,3277,1.3582770824432373
Macaque,ENSG00000174574-1.fa,45,7992,0.23121142387390137,3626.0650540443767,0.01092896174863388,17,17,False,534,0.9190380162820225,0.051600870376126824,3413.0265459755965,2.5894927978515625,3626.0650540443767,0.0488658852184503,3277,1.3582770824432373
Macaque,ENSG00000174574-1.fa,50,7992,0.36235666275024414,3626.0650540443767,0.00989247311827957,15,15,False,534,0.9298557158712542,0.051600870376126824,3413.0265459755965,2.5894927978515625,3626.0650540443767,0.0488658852184503,3277,1.3582770824432373
Macaque,ENSG00000174574-1.fa,55,7992,0.3648393154144287,3626.0650540443767,0.13625648279113625,14,13,False,471,0.9389178474414507,0.051600870376126824,3413.0265459755965,2.5894927978515625,3626.0650540443767,0.0488658852184503,3277,1.3582770824432373
Macaque,ENSG00000174574-1.fa,60,7992,0.24979043006896973,3626.0650540443767,0.0038953811908736783,13,13,False,471,0.9459972268846238,0.051600870376126824,3413.0265459755965,2.5894927978515625,3626.0650540443767,0.0488658852184503,3277,1.3582770824432373
Macaque,ENSG00000174574-1.fa,65,7992,0.4113337993621826,3626.0650540443767,0.004036908881199538,12,12,False,471,0.9523844087972708,0.051600870376126824,3413.0265459755965,2.5894927978515625,3626.0650540443767,0.0488658852184503,3277,1.3582770824432373
Macaque,ENSG00000174574-1.fa,70,7992,0.4153575897216797,3626.0650540443767,0.0027913468248429866,9,9,False,471,0.9580262967779223,0.051600870376126824,3413.0265459755965,2.5894927978515625,3626.0650540443767,0.0488658852184503,3277,1.3582770824432373
Macaque,ENSG00000174574-1.fa,75,7992,0.501446008682251,3626.0650540443767,0.003286770747740345,6,6,False,471,0.9620481060060493,0.051600870376126824,3413.0265459755965,2.5894927978515625,3626.0650540443767,0.0488658852184503,3277,1.3582770824432373
Macaque,ENSG00000174574-1.fa,80,7992,0.6543965339660645,3626.0650540443767,0.565084893339138,5,4,False,3710,0.9653760505710797,0.051600870376126824,3413.0265459755965,2.5894927978515625,3626.0650540443767,0.0488658852184503,3277,1.3582770824432373
Macaque,ENSG00000174574-1.fa,85,7992,0.8619227409362793,3626.0650540443767,0.003780718336483932,4,4,False,471,0.9680217968021797,0.051600870376126824,3413.0265459755965,2.5894927978515625,3626.0650540443767,0.0488658852184503,3277,1.3582770824432373
Macaque,ENSG00000174574-1.fa,90,7992,0.743680477142334,3626.0650540443767,0.003780718336483932,4,4,False,471,0.9705840251932436,0.051600870376126824,3413.0265459755965,2.5894927978515625,3626.0650540443767,0.0488658852184503,3277,1.3582770824432373
Macaque,ENSG00000174574-1.fa,95,7992,0.8746092319488525,3626.0650540443767,0.4753828420879302,4,3,False,5284,0.9731371008073159,0.051600870376126824,3413.0265459755965,2.5894927978515625,3626.0650540443767,0.0488658852184503,3277,1.3582770824432373
Macaque,ENSG00000117448-0.fa,45,7183,0.3636198043823242,-4653.287654583629,0.13526315789473684,12,11,True,639,0.9773657177679116,0.13704994192799072,-9927.305727993586,1.7815067768096924,-2267.2870416460755,0.0929783122181662,2121,0.8816606998443604
Macaque,ENSG00000117448-0.fa,50,7183,0.20069551467895508,-454.07982619634413,0.17100371747211895,10,9,False,422,0.9839044652128764,0.13704994192799072,-9927.305727993586,1.7815067768096924,-2267.2870416460755,0.0929783122181662,2121,0.8816606998443604
Macaque,ENSG00000117448-0.fa,55,7183,0.3034095764160156,-620.1842922708088,0.19084628670120898,8,7,False,623,0.9884462838420417,0.13704994192799072,-9927.305727993586,1.7815067768096924,-2267.2870416460755,0.0929783122181662,2121,0.8816606998443604
Macaque,ENSG00000117448-0.fa,60,7183,0.3070662021636963,-911.9177317366248,0.0,5,4,False,112,0.9915691672401927,0.13704994192799072,-9927.305727993586,1.7815067768096924,-2267.2870416460755,0.0929783122181662,2121,0.8816606998443604
Macaque,ENSG00000117448-0.fa,65,7183,0.48018932342529297,-911.9177317366248,0.0,4,3,False,112,0.9930358524632448,0.13704994192799072,-9927.305727993586,1.7815067768096924,-2267.2870416460755,0.0929783122181662,2121,0.8816606998443604
Macaque,ENSG00000117448-0.fa,70,7183,0.5416760444641113,-911.9177317366248,0.0,3,2,False,112,0.9940685979540961,0.13704994192799072,-9927.305727993586,1.7815067768096924,-2267.2870416460755,0.0929783122181662,2121,0.8816606998443604
Macaque,ENSG00000117448-0.fa,75,7183,0.42019128799438477,-911.9177317366248,0.0,3,2,False,112,0.9949282214390097,0.13704994192799072,-9927.305727993586,1.7815067768096924,-2267.2870416460755,0.0929783122181662,2121,0.8816606998443604
Macaque,ENSG00000117448-0.fa,80,7183,0.5384688377380371,-911.9177317366248,0.0,3,2,False,112,0.9957878449239234,0.13704994192799072,-9927.305727993586,1.7815067768096924,-2267.2870416460755,0.0929783122181662,2121,0.8816606998443604
Macaque,ENSG00000117448-0.fa,85,7183,0.5387866497039795,-911.9177317366248,0.0,3,2,False,112,0.9966474684088369,0.13704994192799072,-9927.305727993586,1.7815067768096924,-2267.2870416460755,0.0929783122181662,2121,0.8816606998443604
Macaque,ENSG00000117448-0.fa,90,7183,0.4192638397216797,-911.9177317366248,0.0,3,2,False,112,0.9975070918937505,0.13704994192799072,-9927.305727993586,1.7815067768096924,-2267.2870416460755,0.0929783122181662,2121,0.8816606998443604
Macaque,ENSG00000117448-0.fa,95,7183,0.5418844223022461,-911.9177317366248,0.3983122362869198,3,1,False,1185,0.9983667153786642,0.13704994192799072,-9927.305727993586,1.7815067768096924,-2267.2870416460755,0.0929783122181662,2121,0.8816606998443604
Macaque,ENSG00000134698-0.fa,70,26218,1.9390661716461182,11252.539738373322,0.25803192564154376,17,15,True,2202,0.9841283153370374,0.06364305234391424,1478.5136196252715,36.550535917282104,11311.386232864177,0.061455260570304815,3102,14.8131844997406
Macaque,ENSG00000134698-0.fa,75,26218,2.0420358180999756,11311.386232864177,0.14797864225781845,14,12,False,769,0.9860817513970573,0.06364305234391424,1478.5136196252715,36.550535917282104,11311.386232864177,0.061455260570304815,3102,14.8131844997406
Macaque,ENSG00000134698-0.fa,80,26218,4.115735054016113,11311.386232864177,0.00824014125956445,10,9,False,541,0.9875201204088885,0.06364305234391424,1478.5136196252715,36.550535917282104,11311.386232864177,0.061455260570304815,3102,14.8131844997406
Macaque,ENSG00000134698-0.fa,85,26218,4.076338052749634,11311.386232864177,0.00824014125956445,10,9,False,541,0.9887861006118571,0.06364305234391424,1478.5136196252715,36.550535917282104,11311.386232864177,0.061455260570304815,3102,14.8131844997406
Macaque,ENSG00000134698-0.fa,90,26218,4.150906562805176,11311.386232864177,0.00824014125956445,10,9,False,541,0.9900494398898554,0.06364305234391424,1478.5136196252715,36.550535917282104,11311.386232864177,0.061455260570304815,3102,14.8131844997406
Macaque,ENSG00000134698-0.fa,95,26218,4.147196054458618,11311.386232864177,0.00824014125956445,10,9,False,541,0.9913101464980099,0.06364305234391424,1478.5136196252715,36.550535917282104,11311.386232864177,0.061455260570304815,3102,14.8131844997406
Macaque,ENSG00000053371-1.fa,10,273,0.006297588348388672,263.79620333520097,0.03296703296703297,0,1,False,273,0.40963855421686746,0.03296703296703297,263.79620333520097,0.006746053695678711,263.79620333520097,0.03296703296703297,273,0.005504131317138672
Macaque,ENSG00000053371-1.fa,15,273,0.005100250244140625,263.79620333520097,0.03296703296703297,0,1,False,273,0.5242165242165242,0.03296703296703297,263.79620333520097,0.006746053695678711,263.79620333520097,0.03296703296703297,273,0.005504131317138672
Macaque,ENSG00000053371-1.fa,20,273,0.004779815673828125,263.79620333520097,0.03296703296703297,0,1,False,273,0.592797783933518,0.03296703296703297,263.79620333520097,0.006746053695678711,263.79620333520097,0.03296703296703297,273,0.005504131317138672
Macaque,ENSG00000053371-1.fa,25,273,0.00487208366394043,263.79620333520097,0.03296703296703297,0,1,False,273,0.654054054054054,0.03296703296703297,263.79620333520097,0.006746053695678711,263.79620333520097,0.03296703296703297,273,0.005504131317138672
Macaque,ENSG00000053371-1.fa,30,273,0.004534244537353516,263.79620333520097,0.03296703296703297,0,1,False,273,0.6986666666666667,0.03296703296703297,263.79620333520097,0.006746053695678711,263.79620333520097,0.03296703296703297,273,0.005504131317138672
Macaque,ENSG00000053371-1.fa,35,273,0.0038268566131591797,263.79620333520097,0.03296703296703297,0,1,False,273,0.7320954907161803,0.03296703296703297,263.79620333520097,0.006746053695678711,263.79620333520097,0.03296703296703297,273,0.005504131317138672
Macaque,ENSG00000053371-1.fa,40,273,0.003774881362915039,263.79620333520097,0.03296703296703297,0,1,False,273,0.7419354838709677,0.03296703296703297,263.79620333520097,0.006746053695678711,263.79620333520097,0.03296703296703297,273,0.005504131317138672
Macaque,ENSG00000053371-1.fa,45,273,0.003973484039306641,263.79620333520097,0.03296703296703297,0,1,False,273,0.7520435967302452,0.03296703296703297,263.79620333520097,0.006746053695678711,263.79620333520097,0.03296703296703297,273,0.005504131317138672
Macaque,ENSG00000053371-1.fa,50,273,0.0045392513275146484,263.79620333520097,0.03296703296703297,0,1,False,273,0.7624309392265194,0.03296703296703297,263.79620333520097,0.006746053695678711,263.79620333520097,0.03296703296703297,273,0.005504131317138672
Macaque,ENSG00000053371-1.fa,55,273,0.003437519073486328,263.79620333520097,0.03296703296703297,0,1,False,273,0.773109243697479,0.03296703296703297,263.79620333520097,0.006746053695678711,263.79620333520097,0.03296703296703297,273,0.005504131317138672
Macaque,ENSG00000053371-1.fa,60,273,0.0034825801849365234,263.79620333520097,0.03296703296703297,0,1,False,273,0.7840909090909091,0.03296703296703297,263.79620333520097,0.006746053695678711,263.79620333520097,0.03296703296703297,273,0.005504131317138672
Macaque,ENSG00000053371-1.fa,65,273,0.0036416053771972656,263.79620333520097,0.03296703296703297,0,1,False,273,0.7953890489913544,0.03296703296703297,263.79620333520097,0.006746053695678711,263.79620333520097,0.03296703296703297,273,0.005504131317138672
Macaque,ENSG00000053371-1.fa,70,273,0.003397703170776367,263.79620333520097,0.03296703296703297,0,1,False,273,0.8070175438596492,0.03296703296703297,263.79620333520097,0.006746053695678711,263.79620333520097,0.03296703296703297,273,0.005504131317138672
Macaque,ENSG00000053371-1.fa,75,273,0.004389524459838867,263.79620333520097,0.03296703296703297,0,1,False,273,0.8189910979228486,0.03296703296703297,263.79620333520097,0.006746053695678711,263.79620333520097,0.03296703296703297,273,0.005504131317138672
Macaque,ENSG00000053371-1.fa,80,273,0.003242969512939453,263.79620333520097,0.03296703296703297,0,1,False,273,0.8313253012048193,0.03296703296703297,263.79620333520097,0.006746053695678711,263.79620333520097,0.03296703296703297,273,0.005504131317138672
Macaque,ENSG00000053371-1.fa,85,273,0.003177165985107422,263.79620333520097,0.03296703296703297,0,1,False,273,0.8440366972477065,0.03296703296703297,263.79620333520097,0.006746053695678711,263.79620333520097,0.03296703296703297,273,0.005504131317138672
Macaque,ENSG00000053371-1.fa,90,273,0.0031538009643554688,263.79620333520097,0.03296703296703297,0,1,False,273,0.8571428571428572,0.03296703296703297,263.79620333520097,0.006746053695678711,263.79620333520097,0.03296703296703297,273,0.005504131317138672
Macaque,ENSG00000053371-1.fa,95,273,0.0033800601959228516,263.79620333520097,0.03296703296703297,0,1,False,273,0.8706624605678234,0.03296703296703297,263.79620333520097,0.006746053695678711,263.79620333520097,0.03296703296703297,273,0.005504131317138672
Macaque,ENSG00000117448-1.fa,35,9144,0.43698716163635254,-835.2523607909025,0.09219858156028368,22,21,True,852,0.9085145501806885,0.0554075652637187,3821.8322495170123,3.7351770401000977,5761.3362919179235,0.05244411692458855,1420,1.8901207447052002
Macaque,ENSG00000117448-1.fa,40,9144,0.3816416263580322,5867.009284654528,0.07227746786320641,18,17,False,852,0.9236254456746106,0.0554075652637187,3821.8322495170123,3.7351770401000977,5761.3362919179235,0.05244411692458855,1420,1.8901207447052002
Macaque,ENSG00000117448-1.fa,45,9144,0.30562496185302734,5842.168253553298,0.029393564356435642,13,14,False,852,0.9347125867195243,0.0554075652637187,3821.8322495170123,3.7351770401000977,5761.3362919179235,0.05244411692458855,1420,1.8901207447052002
Macaque,ENSG00000117448-1.fa,50,9144,0.4434084892272949,5842.168253553298,0.02632515119174671,13,14,False,852,0.9435122011186919,0.0554075652637187,3821.8322495170123,3.7351770401000977,5761.3362919179235,0.05244411692458855,1420,1.8901207447052002
Macaque,ENSG00000117448-1.fa,55,9144,0.4210634231567383,5842.168253553298,0.08148893360160966,13,13,False,852,0.951218023078332,0.0554075652637187,3821.8322495170123,3.7351770401000977,5761.3362919179235,0.05244411692458855,1420,1.8901207447052002
Macaque,ENSG00000117448-1.fa,60,9144,0.5380866527557373,5790.56139037442,0.024534686971235193,10,11,False,852,0.9583156361871246,0.0554075652637187,3821.8322495170123,3.7351770401000977,5761.3362919179235,0.05244411692458855,1420,1.8901207447052002
Macaque,ENSG00000117448-1.fa,65,9144,0.5716478824615479,5790.56139037442,0.025252525252525252,10,11,False,852,0.9635133502476743,0.0554075652637187,3821.8322495170123,3.7351770401000977,5761.3362919179235,0.05244411692458855,1420,1.8901207447052002
Macaque,ENSG00000117448-1.fa,70,9144,0.41898608207702637,5790.56139037442,0.3048245614035088,10,10,False,1618,0.9681689632348517,0.0554075652637187,3821.8322495170123,3.7351770401000977,5761.3362919179235,0.05244411692458855,1420,1.8901207447052002
Macaque,ENSG00000117448-1.fa,75,9144,0.7809858322143555,5786.187586581282,0.006997900629811057,9,10,False,297,0.9717405651886962,0.0554075652637187,3821.8322495170123,3.7351770401000977,5761.3362919179235,0.05244411692458855,1420,1.8901207447052002
Macaque,ENSG00000117448-1.fa,80,9144,0.864253044128418,5786.187586581282,0.007401924500370096,8,9,False,297,0.9750463766381425,0.0554075652637187,3821.8322495170123,3.7351770401000977,5761.3362919179235,0.05244411692458855,1420,1.8901207447052002
Macaque,ENSG00000117448-1.fa,85,9144,0.9051024913787842,5786.187586581282,0.007275666936135812,8,8,False,297,0.9780908602471494,0.0554075652637187,3821.8322495170123,3.7351770401000977,5761.3362919179235,0.05244411692458855,1420,1.8901207447052002
Macaque,ENSG00000117448-1.fa,90,9144,0.9099812507629395,5761.3362919179235,0.10181190681622088,8,7,False,284,0.9806351665375678,0.0554075652637187,3821.8322495170123,3.7351770401000977,5761.3362919179235,0.05244411692458855,1420,1.8901207447052002
Macaque,ENSG00000117448-1.fa,95,9144,0.9050683975219727,5761.3362919179235,0.004371584699453552,6,6,False,185,0.9827463112803427,0.0554075652637187,3821.8322495170123,3.7351770401000977,5761.3362919179235,0.05244411692458855,1420,1.8901207447052002
Macaque,ENSG00000004455-0.fa,40,22302,0.9710140228271484,845.6840186591962,0.09154497484353909,37,35,True,1143,0.9555400111919418,0.0577274388016076,-6795.647349946294,21.476903676986694,4048.3242748271223,0.05092956271275203,2163,8.730016946792603
Macaque,ENSG00000004455-0.fa,45,22302,0.826366662979126,707.1474500463592,0.046489563567362426,32,31,True,1081,0.9651407670139659,0.0577274388016076,-6795.647349946294,21.476903676986694,4048.3242748271223,0.05092956271275203,2163,8.730016946792603
Macaque,ENSG00000004455-0.fa,50,22302,0.8847906589508057,632.6311024676816,0.09425205283827205,31,28,True,1081,0.972381161971831,0.0577274388016076,-6795.647349946294,21.476903676986694,4048.3242748271223,0.05092956271275203,2163,8.730016946792603
Macaque,ENSG00000004455-0.fa,55,22302,1.0274748802185059,4052.8743282298583,0.04484407011154109,26,25,True,1081,0.9783173379268859,0.0577274388016076,-6795.647349946294,21.476903676986694,4048.3242748271223,0.05092956271275203,2163,8.730016946792603
Macaque,ENSG00000004455-0.fa,60,22302,0.9338207244873047,4052.8743282298583,0.04677754677754678,23,22,True,1081,0.9832703136476156,0.0577274388016076,-6795.647349946294,21.476903676986694,4048.3242748271223,0.05092956271275203,2163,8.730016946792603
Macaque,ENSG00000004455-0.fa,65,22302,1.227588415145874,4052.8743282298583,0.05058139534883721,18,17,True,1081,0.9872409589597725,0.0577274388016076,-6795.647349946294,21.476903676986694,4048.3242748271223,0.05092956271275203,2163,8.730016946792603
Macaque,ENSG00000004455-0.fa,70,22302,1.164855718612671,4098.035895732477,0.024146257330113833,15,14,True,1011,0.990305943347825,0.0577274388016076,-6795.647349946294,21.476903676986694,4048.3242748271223,0.05092956271275203,2163,8.730016946792603
Macaque,ENSG00000004455-0.fa,75,22302,1.3337597846984863,4098.035895732477,0.02609992542878449,12,11,True,1011,0.9927538183875225,0.0577274388016076,-6795.647349946294,21.476903676986694,4048.3242748271223,0.05092956271275203,2163,8.730016946792603
Macaque,ENSG00000004455-0.fa,80,22302,1.6287598609924316,4098.035895732477,0.025727541121889498,11,10,True,779,0.9946765607356025,0.0577274388016076,-6795.647349946294,21.476903676986694,4048.3242748271223,0.05092956271275203,2163,8.730016946792603
Macaque,ENSG00000004455-0.fa,85,22302,1.509366750717163,4048.3242748271223,0.49949238578680205,11,8,True,3594,0.9963763253254597,0.0577274388016076,-6795.647349946294,21.476903676986694,4048.3242748271223,0.05092956271275203,2163,8.730016946792603
Macaque,ENSG00000004455-0.fa,90,22302,3.5484814643859863,4048.3242748271223,0.4310244470314319,7,5,True,2996,0.9975868078830943,0.0577274388016076,-6795.647349946294,21.476903676986694,4048.3242748271223,0.05092956271275203,2163,8.730016946792603
Macaque,ENSG00000004455-0.fa,95,22302,5.086313009262085,4048.3242748271223,0.0,5,4,True,122,0.9982849179976417,0.0577274388016076,-6795.647349946294,21.476903676986694,4048.3242748271223,0.05092956271275203,2163,8.730016946792603
Macaque,ENSG00000211454-1.fa,15,1450,0.03183603286743164,210.38196139058425,0.1834975369458128,5,4,True,447,0.8745173745173745,0.07785087719298246,216.03840052654402,0.12213516235351562,-211.15447030054668,0.06933911159263272,894,0.041416168212890625
Macaque,ENSG00000211454-1.fa,20,1450,0.03394651412963867,185.59488924723598,0.056,4,4,True,386,0.9178654292343388,0.07785087719298246,216.03840052654402,0.12213516235351562,-211.15447030054668,0.06933911159263272,894,0.041416168212890625
Macaque,ENSG00000211454-1.fa,25,1450,0.032965660095214844,185.59488924723598,0.04638218923933209,4,4,False,386,0.9388407120036513,0.07785087719298246,216.03840052654402,0.12213516235351562,-211.15447030054668,0.06933911159263272,894,0.041416168212890625
Macaque,ENSG00000211454-1.fa,30,1450,0.030632495880126953,185.59488924723598,0.04873294346978557,3,3,False,386,0.9539087211929508,0.07785087719298246,216.03840052654402,0.12213516235351562,-211.15447030054668,0.06933911159263272,894,0.041416168212890625
Macaque,ENSG00000211454-1.fa,35,1450,0.03923845291137695,185.59488924723598,0.008849557522123894,3,3,False,130,0.9654398563734291,0.07785087719298246,216.03840052654402,0.12213516235351562,-211.15447030054668,0.06933911159263272,894,0.041416168212890625
Macaque,ENSG00000211454-1.fa,40,1450,0.1882030963897705,-211.15447030054668,0.010638297872340425,2,2,False,130,0.9740724184175235,0.07785087719298246,216.03840052654402,0.12213516235351562,-211.15447030054668,0.06933911159263272,894,0.041416168212890625
Macaque,ENSG00000211454-1.fa,45,1450,0.04320979118347168,-211.15447030054668,0.010638297872340425,2,2,False,130,0.9808206958073149,0.07785087719298246,216.03840052654402,0.12213516235351562,-211.15447030054668,0.06933911159263272,894,0.041416168212890625
Macaque,ENSG00000211454-1.fa,50,1450,0.04318976402282715,-211.15447030054668,0.010638297872340425,2,2,False,130,0.9875389408099688,0.07785087719298246,216.03840052654402,0.12213516235351562,-211.15447030054668,0.06933911159263272,894,0.041416168212890625
Macaque,ENSG00000211454-1.fa,55,1450,0.04362678527832031,-211.15447030054668,0.010638297872340425,2,2,False,130,0.9942273534635879,0.07785087719298246,216.03840052654402,0.12213516235351562,-211.15447030054668,0.06933911159263272,894,0.041416168212890625
Macaque,ENSG00000211454-1.fa,60,1450,0.05896425247192383,-211.15447030054668,0.0,1,1,False,61,0.9991122947181535,0.07785087719298246,216.03840052654402,0.12213516235351562,-211.15447030054668,0.06933911159263272,894,0.041416168212890625
Macaque,ENSG00000162482.fa,25,7187,0.17322063446044922,-76.08005612067518,0.12419409569053275,19,16,False,381,0.9311210262130507,0.0,-11655.0,1.7914760112762451,-904.4399822462224,0.06353211009174312,2570,0.8707704544067383
Macaque,ENSG00000162482.fa,30,7187,0.3045213222503662,-152.38539559623632,0.03967828418230563,13,12,False,364,0.9475082447783071,0.0,-11655.0,1.7914760112762451,-904.4399822462224,0.06353211009174312,2570,0.8707704544067383
Macaque,ENSG00000162482.fa,35,7187,0.2938649654388428,-179.09380471359145,0.030147530468248876,13,12,False,262,0.9582539250385698,0.0,-11655.0,1.7914760112762451,-904.4399822462224,0.06353211009174312,2570,0.8707704544067383
Macaque,ENSG00000162482.fa,40,7187,0.18442940711975098,-179.09380471359145,0.15770171149144255,13,11,False,392,0.9673149648838466,0.0,-11655.0,1.7914760112762451,-904.4399822462224,0.06353211009174312,2570,0.8707704544067383
Macaque,ENSG00000162482.fa,45,7187,0.34922051429748535,-904.4399822462224,0.01703940362087327,11,10,False,210,0.9741271262309759,0.0,-11655.0,1.7914760112762451,-904.4399822462224,0.06353211009174312,2570,0.8707704544067383
Macaque,ENSG00000162482.fa,50,7187,0.2545509338378906,-904.4399822462224,0.021361815754339118,7,6,False,210,0.9790440520777599,0.0,-11655.0,1.7914760112762451,-904.4399822462224,0.06353211009174312,2570,0.8707704544067383
Macaque,ENSG00000162482.fa,55,7187,0.37927937507629395,-904.4399822462224,0.021361815754339118,7,6,False,210,0.982657417289221,0.0,-11655.0,1.7914760112762451,-904.4399822462224,0.06353211009174312,2570,0.8707704544067383
Macaque,ENSG00000162482.fa,60,7187,0.2650642395019531,-904.4399822462224,0.003316749585406302,7,6,False,196,0.9861616251219728,0.0,-11655.0,1.7914760112762451,-904.4399822462224,0.06353211009174312,2570,0.8707704544067383
Macaque,ENSG00000162482.fa,65,7187,0.42045021057128906,-904.4399822462224,0.0,6,5,False,109,0.9889321763768373,0.0,-11655.0,1.7914760112762451,-904.4399822462224,0.06353211009174312,2570,0.8707704544067383
Macaque,ENSG00000162482.fa,70,7187,0.4977140426635742,-904.4399822462224,0.0,5,4,False,109,0.9911574851887877,0.0,-11655.0,1.7914760112762451,-904.4399822462224,0.06353211009174312,2570,0.8707704544067383
Macaque,ENSG00000162482.fa,75,7187,0.4053974151611328,-904.4399822462224,0.0,4,3,False,109,0.992932237830197,0.0,-11655.0,1.7914760112762451,-904.4399822462224,0.06353211009174312,2570,0.8707704544067383
Macaque,ENSG00000162482.fa,80,7187,0.5111241340637207,-904.4399822462224,0.0,4,3,False,109,0.9942599788060756,0.0,-11655.0,1.7914760112762451,-904.4399822462224,0.06353211009174312,2570,0.8707704544067383
Macaque,ENSG00000162482.fa,85,7187,0.5269014835357666,-904.4399822462224,0.0,4,3,False,109,0.9955865477976874,0.0,-11655.0,1.7914760112762451,-904.4399822462224,0.06353211009174312,2570,0.8707704544067383
Macaque,ENSG00000162482.fa,90,7187,0.4040999412536621,-904.4399822462224,0.0,4,3,False,109,0.9969119463560967,0.0,-11655.0,1.7914760112762451,-904.4399822462224,0.06353211009174312,2570,0.8707704544067383
Macaque,ENSG00000162482.fa,95,7187,0.5221841335296631,-904.4399822462224,0.0,3,2,False,109,0.9979710656316161,0.0,-11655.0,1.7914760112762451,-904.4399822462224,0.06353211009174312,2570,0.8707704544067383
Macaque,ENSG00000053371-0.fa,35,9987,0.47450780868530273,-954.8681534562329,0.13866523528359276,28,25,False,859,0.9468865449483321,0.06622447922064463,7173.00929319028,5.710432529449463,7568.010387790535,0.060307692307692305,8370,2.5490026473999023
Macaque,ENSG00000053371-0.fa,40,9987,0.482891321182251,-1157.6888043140807,0.12747160286074885,21,19,False,859,0.9610506288975795,0.06622447922064463,7173.00929319028,5.710432529449463,7568.010387790535,0.060307692307692305,8370,2.5490026473999023
Macaque,ENSG00000053371-0.fa,45,9987,0.4595341682434082,7700.209479311032,0.061461794019933555,17,16,False,859,0.9718486735387997,0.06622447922064463,7173.00929319028,5.710432529449463,7568.010387790535,0.060307692307692305,8370,2.5490026473999023
Macaque,ENSG00000053371-0.fa,50,9987,0.48551440238952637,7700.209479311032,0.1706422018348624,15,14,False,1031,0.9807452771434503,0.06622447922064463,7173.00929319028,5.710432529449463,7568.010387790535,0.060307692307692305,8370,2.5490026473999023
Macaque,ENSG00000053371-0.fa,55,9987,0.5669198036193848,7650.61115470846,0.07414359455654622,10,9,False,559,0.9870994375354766,0.06622447922064463,7173.00929319028,5.710432529449463,7568.010387790535,0.060307692307692305,8370,2.5490026473999023
Macaque,ENSG00000053371-0.fa,60,9987,0.47855472564697266,7576.209030074915,0.0829090909090909,10,9,False,559,0.9904806010085417,0.06622447922064463,7173.00929319028,5.710432529449463,7568.010387790535,0.060307692307692305,8370,2.5490026473999023
Macaque,ENSG00000053371-0.fa,65,9987,0.8533143997192383,7568.010387790535,0.0,8,7,False,121,0.9930676799835678,0.06622447922064463,7173.00929319028,5.710432529449463,7568.010387790535,0.060307692307692305,8370,2.5490026473999023
Macaque,ENSG00000053371-0.fa,70,9987,1.0578315258026123,7568.010387790535,0.0,7,6,False,121,0.9948715318734294,0.06622447922064463,7173.00929319028,5.710432529449463,7568.010387790535,0.060307692307692305,8370,2.5490026473999023
Macaque,ENSG00000053371-0.fa,75,9987,1.016829252243042,7568.010387790535,0.0,5,4,False,121,0.9963623322061687,0.06622447922064463,7173.00929319028,5.710432529449463,7568.010387790535,0.060307692307692305,8370,2.5490026473999023
Macaque,ENSG00000053371-0.fa,80,9987,1.7974395751953125,7568.010387790535,0.34710743801652894,4,2,False,242,0.9972856703882004,0.06622447922064463,7173.00929319028,5.710432529449463,7568.010387790535,0.060307692307692305,8370,2.5490026473999023
Macaque,ENSG00000053371-0.fa,85,9987,1.8195953369140625,7568.010387790535,0.0,3,2,False,121,0.9978491319711169,0.06622447922064463,7173.00929319028,5.710432529449463,7568.010387790535,0.060307692307692305,8370,2.5490026473999023
Macaque,ENSG00000053371-0.fa,90,9987,2.5993051528930664,7568.010387790535,0.0,2,1,False,121,0.9983612434065653,0.06622447922064463,7173.00929319028,5.710432529449463,7568.010387790535,0.060307692307692305,8370,2.5490026473999023
Macaque,ENSG00000053371-0.fa,95,9987,2.571986436843872,7568.010387790535,0.0,2,1,False,121,0.998616944985145,0.06622447922064463,7173.00929319028,5.710432529449463,7568.010387790535,0.060307692307692305,8370,2.5490026473999023
Macaque,ENSG00000211454-0.fa,25,6809,0.5562465190887451,-4598.33774349913,0.06642066420664207,21,20,True,664,0.9211466333273799,0.08245177349097697,-3490.7306130726824,1.9313113689422607,2033.8173481833892,0.0693218110088296,2690,0.9328982830047607
Macaque,ENSG00000211454-0.fa,30,6809,0.29845595359802246,2337.772110460259,0.36052551176290865,18,15,False,1184,0.9421762747503066,0.08245177349097697,-3490.7306130726824,1.9313113689422607,2033.8173481833892,0.0693218110088296,2690,0.9328982830047607
Macaque,ENSG00000211454-0.fa,35,6809,0.20407438278198242,2058.6167408008887,0.03462204270051933,14,14,False,558,0.9547738693467337,0.08245177349097697,-3490.7306130726824,1.9313113689422607,2033.8173481833892,0.0693218110088296,2690,0.9328982830047607
Macaque,ENSG00000211454-0.fa,40,6809,0.34148573875427246,2058.6167408008887,0.03734177215189873,11,11,False,558,0.9640770024063252,0.08245177349097697,-3490.7306130726824,1.9313113689422607,2033.8173481833892,0.0693218110088296,2690,0.9328982830047607
Macaque,ENSG00000211454-0.fa,45,6809,0.23660588264465332,2058.6167408008887,0.1091644204851752,10,9,False,385,0.9709501025290499,0.08245177349097697,-3490.7306130726824,1.9313113689422607,2033.8173481833892,0.0693218110088296,2690,0.9328982830047607
Macaque,ENSG00000211454-0.fa,50,6809,0.3729715347290039,2058.6167408008887,0.03709311127933384,9,9,False,385,0.9771355716107097,0.08245177349097697,-3490.7306130726824,1.9313113689422607,2033.8173481833892,0.0693218110088296,2690,0.9328982830047607
Macaque,ENSG00000211454-0.fa,55,6809,0.4040827751159668,2058.6167408008887,0.02748414376321353,7,6,False,385,0.9824828636709825,0.08245177349097697,-3490.7306130726824,1.9313113689422607,2033.8173481833892,0.0693218110088296,2690,0.9328982830047607
Macaque,ENSG00000211454-0.fa,60,6809,0.3092803955078125,2033.8173481833892,0.008862629246676515,6,5,False,249,0.9858179976363329,0.08245177349097697,-3490.7306130726824,1.9313113689422607,2033.8173481833892,0.0693218110088296,2690,0.9328982830047607
Macaque,ENSG00000211454-0.fa,65,6809,0.41289854049682617,2033.8173481833892,0.008862629246676515,6,5,False,249,0.9887962260972117,0.08245177349097697,-3490.7306130726824,1.9313113689422607,2033.8173481833892,0.0693218110088296,2690,0.9328982830047607
Macaque,ENSG00000211454-0.fa,70,6809,0.5683059692382812,2033.8173481833892,0.009819967266775777,5,4,False,249,0.9915076095182039,0.08245177349097697,-3490.7306130726824,1.9313113689422607,2033.8173481833892,0.0693218110088296,2690,0.9328982830047607
Macaque,ENSG00000211454-0.fa,75,6809,0.4966137409210205,2033.8173481833892,0.011152416356877323,4,3,False,249,0.9939556749496307,0.08245177349097697,-3490.7306130726824,1.9313113689422607,2033.8173481833892,0.0693218110088296,2690,0.9328982830047607
Macaque,ENSG00000211454-0.fa,80,6809,0.6192314624786377,2033.8173481833892,0.005305039787798408,4,3,False,173,0.9958067762495807,0.08245177349097697,-3490.7306130726824,1.9313113689422607,2033.8173481833892,0.0693218110088296,2690,0.9328982830047607
Macaque,ENSG00000211454-0.fa,85,6809,0.6373233795166016,2033.8173481833892,0.0,3,2,False,116,0.9969818913480886,0.08245177349097697,-3490.7306130726824,1.9313113689422607,2033.8173481833892,0.0693218110088296,2690,0.9328982830047607
Macaque,ENSG00000211454-0.fa,90,6809,0.6081583499908447,2033.8173481833892,0.0,2,1,False,116,0.9977362287247422,0.08245177349097697,-3490.7306130726824,1.9313113689422607,2033.8173481833892,0.0693218110088296,2690,0.9328982830047607
Macaque,ENSG00000211454-0.fa,95,6809,0.7117197513580322,2033.8173481833892,0.0,2,1,False,116,0.9981546720348935,0.08245177349097697,-3490.7306130726824,1.9313113689422607,2033.8173481833892,0.0693218110088296,2690,0.9328982830047607
Macaque,ENSG00000181754.fa,40,5609,0.24422287940979004,5060.337124244856,0.020537793775142917,11,12,False,1916,0.8004117455845704,0.02842143374366401,4986.947867174786,1.5464868545532227,5035.4094680609805,0.026173285198555957,3950,0.8795554637908936
Macaque,ENSG00000181754.fa,45,5609,0.11558079719543457,5060.337124244856,0.020717642033319095,11,11,False,1916,0.8271657300392323,0.02842143374366401,4986.947867174786,1.5464868545532227,5035.4094680609805,0.026173285198555957,3950,0.8795554637908936
Macaque,ENSG00000181754.fa,50,5609,0.2318735122680664,5060.337124244856,0.0193621867881549,11,11,False,1916,0.8512474012474013,0.02842143374366401,4986.947867174786,1.5464868545532227,5035.4094680609805,0.026173285198555957,3950,0.8795554637908936
Macaque,ENSG00000181754.fa,55,5609,0.11850285530090332,5060.337124244856,0.019631604459524964,9,9,False,1916,0.8707169888513859,0.02842143374366401,4986.947867174786,1.5464868545532227,5035.4094680609805,0.026173285198555957,3950,0.8795554637908936
Macaque,ENSG00000181754.fa,60,5609,0.2706930637359619,5035.4094680609805,0.015032884434700909,8,8,False,1801,0.8864324651726226,0.02842143374366401,4986.947867174786,1.5464868545532227,5035.4094680609805,0.026173285198555957,3950,0.8795554637908936
Macaque,ENSG00000181754.fa,65,5609,0.14520764350891113,5035.4094680609805,0.01532567049808429,7,7,False,1801,0.8979,0.02842143374366401,4986.947867174786,1.5464868545532227,5035.4094680609805,0.026173285198555957,3950,0.8795554637908936
Macaque,ENSG00000181754.fa,70,5609,0.15031003952026367,5035.4094680609805,0.014447884416924664,7,7,False,1801,0.9077472472968952,0.02842143374366401,4986.947867174786,1.5464868545532227,5035.4094680609805,0.026173285198555957,3950,0.8795554637908936
Macaque,ENSG00000181754.fa,75,5609,0.2819969654083252,5035.4094680609805,0.014809590973201692,6,6,False,1801,0.9164778883088742,0.02842143374366401,4986.947867174786,1.5464868545532227,5035.4094680609805,0.026173285198555957,3950,0.8795554637908936
Macaque,ENSG00000181754.fa,80,5609,0.15167832374572754,5035.4094680609805,0.014809590973201692,6,6,False,1801,0.9248752812286022,0.02842143374366401,4986.947867174786,1.5464868545532227,5035.4094680609805,0.026173285198555957,3950,0.8795554637908936
Macaque,ENSG00000181754.fa,85,5609,0.27554798126220703,5035.4094680609805,0.015331544653123802,5,5,False,1658,0.932328633932912,0.02842143374366401,4986.947867174786,1.5464868545532227,5035.4094680609805,0.026173285198555957,3950,0.8795554637908936
Macaque,ENSG00000181754.fa,90,5609,0.167466402053833,5035.4094680609805,0.015599343185550082,5,5,False,1572,0.9382560727765412,0.02842143374366401,4986.947867174786,1.5464868545532227,5035.4094680609805,0.026173285198555957,3950,0.8795554637908936
Macaque,ENSG00000181754.fa,95,5609,0.31777358055114746,5035.4094680609805,0.007392804337111878,5,5,False,1572,0.943416232889917,0.02842143374366401,4986.947867174786,1.5464868545532227,5035.4094680609805,0.026173285198555957,3950,0.8795554637908936
Macaque,ENSG00000156150.fa,30,10907,0.2762479782104492,8874.357788286916,0.044274809160305344,33,33,True,917,0.8891707216067916,0.049147152356172306,8091.522100677226,6.746304035186768,8785.804643541016,0.04820638357970059,7759,2.9786410331726074
Macaque,ENSG00000156150.fa,35,10907,0.4216575622558594,8839.502731196597,0.09987445947830939,30,29,True,917,0.9154787180264887,0.049147152356172306,8091.522100677226,6.746304035186768,8785.804643541016,0.04820638357970059,7759,2.9786410331726074
Macaque,ENSG00000156150.fa,40,10907,0.4267308712005615,8837.533893817734,0.030936596974332823,25,25,True,917,0.9347405016141048,0.049147152356172306,8091.522100677226,6.746304035186768,8785.804643541016,0.04820638357970059,7759,2.9786410331726074
Macaque,ENSG00000156150.fa,45,10907,0.438795804977417,8837.533893817734,0.030465606438014946,23,22,False,917,0.9480914532430575,0.049147152356172306,8091.522100677226,6.746304035186768,8785.804643541016,0.04820638357970059,7759,2.9786410331726074
Macaque,ENSG00000156150.fa,50,10907,0.48979878425598145,8810.668682223077,0.1016150740242261,23,20,False,917,0.9579382445903234,0.049147152356172306,8091.522100677226,6.746304035186768,8785.804643541016,0.04820638357970059,7759,2.9786410331726074
Macaque,ENSG00000156150.fa,55,10907,0.4010787010192871,8785.804643541016,0.019576886643511208,18,17,False,626,0.9655671994977544,0.049147152356172306,8091.522100677226,6.746304035186768,8785.804643541016,0.04820638357970059,7759,2.9786410331726074
Macaque,ENSG00000156150.fa,60,10907,0.5493576526641846,8785.804643541016,0.01834862385321101,15,14,False,626,0.971563070419829,0.049147152356172306,8091.522100677226,6.746304035186768,8785.804643541016,0.04820638357970059,7759,2.9786410331726074
Macaque,ENSG00000156150.fa,65,10907,0.604891300201416,8785.804643541016,0.018794048551292093,14,13,False,626,0.9763704199751267,0.049147152356172306,8091.522100677226,6.746304035186768,8785.804643541016,0.04820638357970059,7759,2.9786410331726074
Macaque,ENSG00000156150.fa,70,10907,0.6273858547210693,8785.804643541016,0.056564822460776217,14,12,False,626,0.9807490708091109,0.049147152356172306,8091.522100677226,6.746304035186768,8785.804643541016,0.04820638357970059,7759,2.9786410331726074
Macaque,ENSG00000156150.fa,75,10907,0.6911027431488037,8785.804643541016,0.2840095465393795,11,9,False,1490,0.9844195325859776,0.049147152356172306,8091.522100677226,6.746304035186768,8785.804643541016,0.04820638357970059,7759,2.9786410331726074
Macaque,ENSG00000156150.fa,80,10907,0.787294864654541,8785.804643541016,0.0027347310847766638,10,9,False,242,0.9870117557830869,0.049147152356172306,8091.522100677226,6.746304035186768,8785.804643541016,0.04820638357970059,7759,2.9786410331726074
Macaque,ENSG00000156150.fa,85,10907,0.5803613662719727,6985.245400648484,0.41709183673469385,7,6,False,3954,0.9894019682059046,0.049147152356172306,8091.522100677226,6.746304035186768,8785.804643541016,0.04820638357970059,7759,2.9786410331726074
Macaque,ENSG00000156150.fa,90,10907,0.9979639053344727,8785.804643541016,0.0035671819262782403,7,6,False,242,0.9912591542641153,0.049147152356172306,8091.522100677226,6.746304035186768,8785.804643541016,0.04820638357970059,7759,2.9786410331726074
Macaque,ENSG00000156150.fa,95,10907,1.634211540222168,8785.804643541016,0.004,6,5,False,242,0.992778590645207,0.049147152356172306,8091.522100677226,6.746304035186768,8785.804643541016,0.04820638357970059,7759,2.9786410331726074
Macaque,ENSG00000116337.fa,50,16021,0.5363743305206299,13958.171293423477,0.036374658987571994,32,32,False,1701,0.9164901974178564,0.04207492795389049,13459.85157992417,14.285956144332886,13891.858731345383,0.03962025316455696,14870,6.4816553592681885
Macaque,ENSG00000116337.fa,55,16021,0.3915729522705078,13958.171293423477,0.05564499899376132,31,31,False,1560,0.9303855104725286,0.04207492795389049,13459.85157992417,14.285956144332886,13891.858731345383,0.03962025316455696,14870,6.4816553592681885
Macaque,ENSG00000116337.fa,60,16021,0.7100436687469482,13908.43207563078,0.09369499948234807,29,27,False,1560,0.941893064548428,0.04207492795389049,13459.85157992417,14.285956144332886,13891.858731345383,0.03962025316455696,14870,6.4816553592681885
Macaque,ENSG00000116337.fa,65,16021,0.4153280258178711,13908.43207563078,0.1313236313236313,24,23,False,1560,0.9509102946044357,0.04207492795389049,13459.85157992417,14.285956144332886,13891.858731345383,0.03962025316455696,14870,6.4816553592681885
Macaque,ENSG00000116337.fa,70,16021,0.7637238502502441,13908.43207563078,0.039701897018970186,23,23,False,1560,0.9580702446724546,0.04207492795389049,13459.85157992417,14.285956144332886,13891.858731345383,0.03962025316455696,14870,6.4816553592681885
Macaque,ENSG00000116337.fa,75,16021,0.4718942642211914,13489.515239792534,0.15277609773799444,20,19,False,1560,0.9644608644477866,0.04207492795389049,13459.85157992417,14.285956144332886,13891.858731345383,0.03962025316455696,14870,6.4816553592681885
Macaque,ENSG00000116337.fa,80,16021,0.9131124019622803,13464.729159866893,0.11755593803786575,17,17,False,1560,0.9692698330023763,0.04207492795389049,13459.85157992417,14.285956144332886,13891.858731345383,0.03962025316455696,14870,6.4816553592681885
Macaque,ENSG00000116337.fa,85,16021,0.8075709342956543,13464.729159866893,0.1354044548651817,16,15,False,1560,0.9730387385633639,0.04207492795389049,13459.85157992417,14.285956144332886,13891.858731345383,0.03962025316455696,14870,6.4816553592681885
Macaque,ENSG00000116337.fa,90,16021,0.8465907573699951,13464.729159866893,0.13344182262001628,15,15,False,1560,0.9763853395011808,0.04207492795389049,13459.85157992417,14.285956144332886,13891.858731345383,0.03962025316455696,14870,6.4816553592681885
Macaque,ENSG00000116337.fa,95,16021,1.0085558891296387,13464.729159866893,0.13595854922279793,14,14,False,1560,0.9795806451612903,0.04207492795389049,13459.85157992417,14.285956144332886,13891.858731345383,0.03962025316455696,14870,6.4816553592681885
Macaque,ENSG00000240038.fa,35,18621,0.8983569145202637,11721.310565304091,0.08195902048975512,54,53,True,686,0.9683269623200069,0.06924476263130099,11489.923871914858,19.603593349456787,11770.47919381041,0.06289597972583803,14249,8.26032018661499
Macaque,ENSG00000240038.fa,40,18621,0.8031008243560791,11870.024246818935,0.07317073170731707,38,36,True,613,0.9787155336766924,0.06924476263130099,11489.923871914858,19.603593349456787,11770.47919381041,0.06289597972583803,14249,8.26032018661499
Macaque,ENSG00000240038.fa,45,18621,0.9138007164001465,11845.206947508259,0.1948993288590604,29,26,True,843,0.985468732330657,0.06924476263130099,11489.923871914858,19.603593349456787,11770.47919381041,0.06289597972583803,14249,8.26032018661499
Macaque,ENSG00000240038.fa,50,18621,1.1001107692718506,11437.684787621642,0.23254705742196807,21,19,True,1438,0.990149446961808,0.06924476263130099,11489.923871914858,19.603593349456787,11770.47919381041,0.06289597972583803,14249,8.26032018661499
Macaque,ENSG00000240038.fa,55,18621,1.5934326648712158,11770.47919381041,0.01079414032382421,15,14,False,378,0.9931237721021611,0.06924476263130099,11489.923871914858,19.603593349456787,11770.47919381041,0.06289597972583803,14249,8.26032018661499
Macaque,ENSG00000240038.fa,60,18621,1.824664831161499,11770.47919381041,0.41509433962264153,13,11,False,1216,0.9951248213835421,0.06924476263130099,11489.923871914858,19.603593349456787,11770.47919381041,0.06289597972583803,14249,8.26032018661499
Macaque,ENSG00000240038.fa,65,18621,3.7495884895324707,11770.47919381041,0.18463302752293578,10,8,False,313,0.996670024625028,0.06924476263130099,11489.923871914858,19.603593349456787,11770.47919381041,0.06289597972583803,14249,8.26032018661499
Macaque,ENSG00000240038.fa,70,18621,3.6206047534942627,11770.47919381041,0.0,9,8,False,101,0.9978192188330025,0.06924476263130099,11489.923871914858,19.603593349456787,11770.47919381041,0.06289597972583803,14249,8.26032018661499
Macaque,ENSG00000240038.fa,75,18621,4.880164623260498,11770.47919381041,0.0,5,4,False,101,0.9986867106292612,0.06924476263130099,11489.923871914858,19.603593349456787,11770.47919381041,0.06289597972583803,14249,8.26032018661499
Macaque,ENSG00000240038.fa,80,18621,6.152944803237915,11770.47919381041,0.0,3,2,False,101,0.999133933061407,0.06924476263130099,11489.923871914858,19.603593349456787,11770.47919381041,0.06289597972583803,14249,8.26032018661499
Macaque,ENSG00000240038.fa,85,18621,5.96959114074707,11770.47919381041,0.0,3,2,False,101,0.9994133094932112,0.06924476263130099,11489.923871914858,19.603593349456787,11770.47919381041,0.06289597972583803,14249,8.26032018661499
Macaque,ENSG00000240038.fa,90,18621,11.530340671539307,11770.47919381041,0.0,2,1,False,101,0.9996647389154304,0.06924476263130099,11489.923871914858,19.603593349456787,11770.47919381041,0.06289597972583803,14249,8.26032018661499
Macaque,ENSG00000240038.fa,95,18621,11.53044056892395,11770.47919381041,0.0,2,1,False,101,0.9998044037107411,0.06924476263130099,11489.923871914858,19.603593349456787,11770.47919381041,0.06289597972583803,14249,8.26032018661499
Macaque,ENSG00000132855.fa,50,8903,0.2763807773590088,7193.543696314791,0.0852467024914509,21,21,False,588,0.9317751876487459,0.04399675813361121,6764.398136044034,3.829789638519287,7163.149536074587,0.04045977011494253,8517,1.9649658203125
Macaque,ENSG00000132855.fa,55,8903,0.4195897579193115,7212.922480510266,0.016458396830234683,19,20,False,588,0.943155732753413,0.04399675813361121,6764.398136044034,3.829789638519287,7163.149536074587,0.04045977011494253,8517,1.9649658203125
Macaque,ENSG00000132855.fa,60,8903,0.4449315071105957,7188.036337138246,0.013452914798206279,18,18,False,588,0.9531193868997725,0.04399675813361121,6764.398136044034,3.829789638519287,7163.149536074587,0.04045977011494253,8517,1.9649658203125
Macaque,ENSG00000132855.fa,65,8903,0.31931257247924805,7188.036337138246,0.013677217663149667,14,14,False,588,0.9613052781740371,0.04399675813361121,6764.398136044034,3.829789638519287,7163.149536074587,0.04045977011494253,8517,1.9649658203125
Macaque,ENSG00000132855.fa,70,8903,0.4871079921722412,7188.036337138246,0.2651834034876729,13,11,False,1024,0.9677895981087471,0.04399675813361121,6764.398136044034,3.829789638519287,7163.149536074587,0.04045977011494253,8517,1.9649658203125
Macaque,ENSG00000132855.fa,75,8903,0.4766998291015625,7037.304002723639,0.1415929203539823,10,10,False,1295,0.9725704867855671,0.04399675813361121,6764.398136044034,3.829789638519287,7163.149536074587,0.04045977011494253,8517,1.9649658203125
Macaque,ENSG00000132855.fa,80,8903,0.3547251224517822,7037.304002723639,0.1415929203539823,10,10,False,1295,0.9767728312510998,0.04399675813361121,6764.398136044034,3.829789638519287,7163.149536074587,0.04045977011494253,8517,1.9649658203125
Macaque,ENSG00000132855.fa,85,8903,0.4826202392578125,7037.304002723639,0.1515513126491647,9,9,False,1295,0.9805882009004269,0.04399675813361121,6764.398136044034,3.829789638519287,7163.149536074587,0.04045977011494253,8517,1.9649658203125
Macaque,ENSG00000132855.fa,90,8903,0.5029807090759277,7037.304002723639,0.16202314616373767,8,8,False,1201,0.9838465127128528,0.04399675813361121,6764.398136044034,3.829789638519287,7163.149536074587,0.04045977011494253,8517,1.9649658203125
Macaque,ENSG00000132855.fa,95,8903,0.7310428619384766,7037.304002723639,0.18376276130286825,5,5,False,1201,0.9864392969386567,0.04399675813361121,6764.398136044034,3.829789638519287,7163.149536074587,0.04045977011494253,8517,1.9649658203125
Macaque,ENSG00000116748.fa,40,23332,1.2314932346343994,-3565.7895008067826,0.1492849108147196,57,53,True,1223,0.9239294348565,0.053449347420758235,9700.380694315321,31.3046293258667,16585.662264768504,0.04898485336770867,5837,12.834096193313599
Macaque,ENSG00000116748.fa,45,23332,1.247710943222046,-3745.7832375204525,0.16860882036572247,48,43,True,1362,0.9385668752213434,0.053449347420758235,9700.380694315321,31.3046293258667,16585.662264768504,0.04898485336770867,5837,12.834096193313599
Macaque,ENSG00000116748.fa,50,23332,1.318410873413086,-3832.9825986035903,0.06165282028858767,40,40,True,1362,0.9495010866263174,0.053449347420758235,9700.380694315321,31.3046293258667,16585.662264768504,0.04898485336770867,5837,12.834096193313599
Macaque,ENSG00000116748.fa,55,23332,1.3912038803100586,-3976.7179345304976,0.0691890617633192,39,38,False,1134,0.958014559280382,0.053449347420758235,9700.380694315321,31.3046293258667,16585.662264768504,0.04898485336770867,5837,12.834096193313599
Macaque,ENSG00000116748.fa,60,23332,1.4633421897888184,-3757.9647912545806,0.02502531462462028,37,37,False,1134,0.9654418197725284,0.053449347420758235,9700.380694315321,31.3046293258667,16585.662264768504,0.04898485336770867,5837,12.834096193313599
Macaque,ENSG00000116748.fa,65,23332,1.209878921508789,16561.46784427875,0.02641698712589868,30,29,False,1134,0.9718032636806812,0.053449347420758235,9700.380694315321,31.3046293258667,16585.662264768504,0.04898485336770867,5837,12.834096193313599
Macaque,ENSG00000116748.fa,70,23332,1.1210215091705322,16565.52588359209,0.11154219204655674,29,26,False,1282,0.9767394176880667,0.053449347420758235,9700.380694315321,31.3046293258667,16585.662264768504,0.04898485336770867,5837,12.834096193313599
Macaque,ENSG00000116748.fa,75,23332,1.4575529098510742,16565.52588359209,0.18810896798568305,23,21,False,1278,0.9806827983838017,0.053449347420758235,9700.380694315321,31.3046293258667,16585.662264768504,0.04898485336770867,5837,12.834096193313599
Macaque,ENSG00000116748.fa,80,23332,1.4299020767211914,16565.52588359209,0.01892120869810788,18,17,False,1134,0.983793204916363,0.053449347420758235,9700.380694315321,31.3046293258667,16585.662264768504,0.04898485336770867,5837,12.834096193313599
Macaque,ENSG00000116748.fa,85,23332,3.2937166690826416,16565.52588359209,0.020420986490732013,15,14,False,1134,0.9863827288740346,0.053449347420758235,9700.380694315321,31.3046293258667,16585.662264768504,0.04898485336770867,5837,12.834096193313599
Macaque,ENSG00000116748.fa,90,23332,3.262641429901123,16565.52588359209,0.020691884901390237,15,14,False,1134,0.9885728452939055,0.053449347420758235,9700.380694315321,31.3046293258667,16585.662264768504,0.04898485336770867,5837,12.834096193313599
Macaque,ENSG00000116748.fa,95,23332,3.2838964462280273,16565.52588359209,0.020802377414561663,14,13,False,1134,0.9905274052740527,0.053449347420758235,9700.380694315321,31.3046293258667,16585.662264768504,0.04898485336770867,5837,12.834096193313599
Macaque,ENSG00000171819.fa,25,6702,0.1868278980255127,2188.4859100094554,0.08801159000362188,25,24,False,679,0.8372970601140851,0.049939098660170524,5587.5696678416625,2.145329713821411,5634.522387795284,0.047763457164518575,3805,1.151726484298706
Macaque,ENSG00000171819.fa,30,6702,0.28762125968933105,5733.977863189112,0.07588532883642496,22,20,False,669,0.8769087207329488,0.049939098660170524,5587.5696678416625,2.145329713821411,5634.522387795284,0.047763457164518575,3805,1.151726484298706
Macaque,ENSG00000171819.fa,35,6702,0.15978145599365234,5733.977863189112,0.03907946157186279,18,18,False,669,0.9059708898445253,0.049939098660170524,5587.5696678416625,2.145329713821411,5634.522387795284,0.047763457164518575,3805,1.151726484298706
Macaque,ENSG00000171819.fa,40,6702,0.278933048248291,5733.977863189112,0.06319188191881919,17,16,False,643,0.9278994322789943,0.049939098660170524,5587.5696678416625,2.145329713821411,5634.522387795284,0.047763457164518575,3805,1.151726484298706
Macaque,ENSG00000171819.fa,45,6702,0.2995731830596924,5659.387575862669,0.0334561080417434,14,13,False,615,0.943110897743639,0.049939098660170524,5587.5696678416625,2.145329713821411,5634.522387795284,0.047763457164518575,3805,1.151726484298706
Macaque,ENSG00000171819.fa,50,6702,0.1854240894317627,5659.387575862669,0.03231350979718116,12,11,False,572,0.9546174560430857,0.049939098660170524,5587.5696678416625,2.145329713821411,5634.522387795284,0.047763457164518575,3805,1.151726484298706
Macaque,ENSG00000171819.fa,55,6702,0.328763484954834,5659.387575862669,0.027390900649953576,10,9,False,572,0.9644315326633166,0.049939098660170524,5587.5696678416625,2.145329713821411,5634.522387795284,0.047763457164518575,3805,1.151726484298706
Macaque,ENSG00000171819.fa,60,6702,0.2514946460723877,5659.387575862669,0.15625,9,7,False,572,0.9720770610716792,0.049939098660170524,5587.5696678416625,2.145329713821411,5634.522387795284,0.047763457164518575,3805,1.151726484298706
Macaque,ENSG00000171819.fa,65,6702,0.42825794219970703,5659.387575862669,0.02192638997650744,7,6,False,572,0.9768471758216145,0.049939098660170524,5587.5696678416625,2.145329713821411,5634.522387795284,0.047763457164518575,3805,1.151726484298706
Macaque,ENSG00000171819.fa,70,6702,0.4375426769256592,5634.522387795284,0.002472187886279357,7,6,False,232,0.9802386856788593,0.049939098660170524,5587.5696678416625,2.145329713821411,5634.522387795284,0.047763457164518575,3805,1.151726484298706
Macaque,ENSG00000171819.fa,75,6702,0.3186476230621338,5634.522387795284,0.002472187886279357,7,6,False,232,0.9833771455079635,0.049939098660170524,5587.5696678416625,2.145329713821411,5634.522387795284,0.047763457164518575,3805,1.151726484298706
Macaque,ENSG00000171819.fa,80,6702,0.4287106990814209,5634.522387795284,0.002472187886279357,7,6,False,232,0.9865010799136069,0.049939098660170524,5587.5696678416625,2.145329713821411,5634.522387795284,0.047763457164518575,3805,1.151726484298706
Macaque,ENSG00000171819.fa,85,6702,0.31348133087158203,5634.522387795284,0.002472187886279357,7,6,False,232,0.9896105895028474,0.049939098660170524,5587.5696678416625,2.145329713821411,5634.522387795284,0.047763457164518575,3805,1.151726484298706
Macaque,ENSG00000171819.fa,90,6702,0.5304887294769287,5634.522387795284,0.0015772870662460567,6,5,False,232,0.9923963133640553,0.049939098660170524,5587.5696678416625,2.145329713821411,5634.522387795284,0.047763457164518575,3805,1.151726484298706
Macaque,ENSG00000171819.fa,95,6702,0.45910191535949707,5634.522387795284,0.0015772870662460567,6,5,False,232,0.9947085889570552,0.049939098660170524,5587.5696678416625,2.145329713821411,5634.522387795284,0.047763457164518575,3805,1.151726484298706
Macaque,ENSG00000272031.fa,25,5160,0.12557530403137207,4703.653437091924,0.022591362126245847,12,13,False,1808,0.6897744746283957,0.032143561427726286,4413.403944029353,1.3358075618743896,4678.738142291915,0.030510463524349697,4114,0.6770901679992676
Macaque,ENSG00000272031.fa,30,5160,0.12010502815246582,4703.653437091924,0.021291208791208792,12,13,False,1782,0.7381099444101298,0.032143561427726286,4413.403944029353,1.3358075618743896,4678.738142291915,0.030510463524349697,4114,0.6770901679992676
Macaque,ENSG00000272031.fa,35,5160,0.23351144790649414,4703.653437091924,0.02071563088512241,11,12,False,1751,0.7788680148378605,0.032143561427726286,4413.403944029353,1.3358075618743896,4678.738142291915,0.030510463524349697,4114,0.6770901679992676
Macaque,ENSG00000272031.fa,40,5160,0.11520147323608398,4703.653437091924,0.01926001013684744,11,11,False,1711,0.8126019100861868,0.032143561427726286,4413.403944029353,1.3358075618743896,4678.738142291915,0.030510463524349697,4114,0.6770901679992676
Macaque,ENSG00000272031.fa,45,5160,0.23641180992126465,4703.653437091924,0.014743407995463568,11,11,False,1711,0.8390516357004445,0.032143561427726286,4413.403944029353,1.3358075618743896,4678.738142291915,0.030510463524349697,4114,0.6770901679992676
Macaque,ENSG00000272031.fa,50,5160,0.11707448959350586,4703.653437091924,0.013666072489601902,11,11,False,1711,0.8609649613791559,0.032143561427726286,4413.403944029353,1.3358075618743896,4678.738142291915,0.030510463524349697,4114,0.6770901679992676
Macaque,ENSG00000272031.fa,55,5160,0.12324261665344238,4703.653437091924,0.013290113452188007,9,9,False,1711,0.8797663654397179,0.032143561427726286,4413.403944029353,1.3358075618743896,4678.738142291915,0.030510463524349697,4114,0.6770901679992676
Macaque,ENSG00000272031.fa,60,5160,0.24833226203918457,4703.653437091924,0.011720096518441917,9,9,False,1711,0.8966753585397653,0.032143561427726286,4413.403944029353,1.3358075618743896,4678.738142291915,0.030510463524349697,4114,0.6770901679992676
Macaque,ENSG00000272031.fa,65,5160,0.12048792839050293,4703.653437091924,0.011720096518441917,9,9,False,1711,0.9104285254000645,0.032143561427726286,4413.403944029353,1.3358075618743896,4678.738142291915,0.030510463524349697,4114,0.6770901679992676
Macaque,ENSG00000272031.fa,70,5160,0.25380659103393555,4678.738142291915,0.09781121751025992,9,8,False,1711,0.9224962789708696,0.032143561427726286,4413.403944029353,1.3358075618743896,4678.738142291915,0.030510463524349697,4114,0.6770901679992676
Macaque,ENSG00000272031.fa,75,5160,0.1483151912689209,4678.738142291915,0.010544074230282582,7,6,False,1711,0.9310599662162162,0.032143561427726286,4413.403944029353,1.3358075618743896,4678.738142291915,0.030510463524349697,4114,0.6770901679992676
Macaque,ENSG00000272031.fa,80,5160,0.2761805057525635,4678.738142291915,0.010835214446952596,6,5,False,1711,0.9379462410751785,0.032143561427726286,4413.403944029353,1.3358075618743896,4678.738142291915,0.030510463524349697,4114,0.6770901679992676
Macaque,ENSG00000272031.fa,85,5160,0.14939117431640625,4678.738142291915,0.010835214446952596,6,5,False,1711,0.9436546100773573,0.032143561427726286,4413.403944029353,1.3358075618743896,4678.738142291915,0.030510463524349697,4114,0.6770901679992676
Macaque,ENSG00000272031.fa,90,5160,0.2775688171386719,4678.738142291915,0.15118272197463148,5,4,False,1711,0.9486565298896064,0.032143561427726286,4413.403944029353,1.3358075618743896,4678.738142291915,0.030510463524349697,4114,0.6770901679992676
Macaque,ENSG00000272031.fa,95,5160,0.17963266372680664,4678.738142291915,0.011787819253438114,4,3,False,1711,0.9525342750311592,0.032143561427726286,4413.403944029353,1.3358075618743896,4678.738142291915,0.030510463524349697,4114,0.6770901679992676
Macaque,ENSG00000174606.fa,75,24523,1.6917345523834229,17849.297605089134,0.03972327605445213,25,24,False,543,0.9711511429251097,0.05102311985118257,15529.941105734735,35.07978868484497,17824.429658638535,0.046939655172413795,7534,14.323856115341187
Macaque,ENSG00000174606.fa,80,24523,1.7533760070800781,17849.297605089134,0.24157113958192852,21,20,False,2198,0.9744501940491591,0.05102311985118257,15529.941105734735,35.07978868484497,17824.429658638535,0.046939655172413795,7534,14.323856115341187
Macaque,ENSG00000174606.fa,85,24523,2.075258255004883,17849.297605089134,0.005731523378582202,18,18,False,543,0.9773778035825645,0.05102311985118257,15529.941105734735,35.07978868484497,17824.429658638535,0.046939655172413795,7534,14.323856115341187
Macaque,ENSG00000174606.fa,90,24523,1.902432918548584,17849.297605089134,0.3034062237174096,17,16,False,2163,0.980005577843091,0.05102311985118257,15529.941105734735,35.07978868484497,17824.429658638535,0.046939655172413795,7534,14.323856115341187
Macaque,ENSG00000174606.fa,95,24523,2.093385696411133,17849.297605089134,0.005629139072847682,16,15,False,543,0.9822942536610431,0.05102311985118257,15529.941105734735,35.07978868484497,17824.429658638535,0.046939655172413795,7534,14.323856115341187
Macaque,ENSG00000116194.fa,40,21784,0.878899335861206,16976.1818694604,0.08353653740265869,55,55,True,1088,0.913024620487307,0.045892006888866375,12732.095930589887,28.188026189804077,17007.444807668995,0.04275829157718922,21149,11.490176677703857
Macaque,ENSG00000116194.fa,45,21784,0.7628889083862305,16998.874991492947,0.03898724887624989,49,49,True,1088,0.9291190147040342,0.045892006888866375,12732.095930589887,28.188026189804077,17007.444807668995,0.04275829157718922,21149,11.490176677703857
Macaque,ENSG00000116194.fa,50,21784,0.7979438304901123,16809.309337002665,0.08982736759972691,42,40,True,1137,0.942279046673287,0.045892006888866375,12732.095930589887,28.188026189804077,17007.444807668995,0.04275829157718922,21149,11.490176677703857
Macaque,ENSG00000116194.fa,55,21784,0.8109376430511475,16596.134622899128,0.13899394856278366,32,29,True,1137,0.9527051940709422,0.045892006888866375,12732.095930589887,28.188026189804077,17007.444807668995,0.04275829157718922,21149,11.490176677703857
Macaque,ENSG00000116194.fa,60,21784,1.036548376083374,16571.328966885445,0.12746478873239436,27,26,True,1137,0.9604733439063072,0.045892006888866375,12732.095930589887,28.188026189804077,17007.444807668995,0.04275829157718922,21149,11.490176677703857
Macaque,ENSG00000116194.fa,65,21784,1.0277769565582275,17012.16078358976,0.021539489063282687,23,23,True,1088,0.9667006208769887,0.045892006888866375,12732.095930589887,28.188026189804077,17007.444807668995,0.04275829157718922,21149,11.490176677703857
Macaque,ENSG00000116194.fa,70,21784,1.3060410022735596,17007.444807668995,0.12452202826267664,19,18,False,1516,0.971536864468157,0.045892006888866375,12732.095930589887,28.188026189804077,17007.444807668995,0.04275829157718922,21149,11.490176677703857
Macaque,ENSG00000116194.fa,75,21784,1.6175665855407715,17007.444807668995,0.015766287966612568,17,17,False,1088,0.9748965052469433,0.045892006888866375,12732.095930589887,28.188026189804077,17007.444807668995,0.04275829157718922,21149,11.490176677703857
Macaque,ENSG00000116194.fa,80,21784,1.4618818759918213,17007.444807668995,0.016354016354016353,15,15,False,1088,0.9780151206048242,0.045892006888866375,12732.095930589887,28.188026189804077,17007.444807668995,0.04275829157718922,21149,11.490176677703857
Macaque,ENSG00000116194.fa,85,21784,1.657423973083496,17007.444807668995,0.016356316054353295,14,14,False,1088,0.9807015443553214,0.045892006888866375,12732.095930589887,28.188026189804077,17007.444807668995,0.04275829157718922,21149,11.490176677703857
Macaque,ENSG00000116194.fa,90,21784,1.6162335872650146,17007.444807668995,0.016722408026755852,13,13,False,1088,0.9831322422649623,0.045892006888866375,12732.095930589887,28.188026189804077,17007.444807668995,0.04275829157718922,21149,11.490176677703857
Macaque,ENSG00000116194.fa,95,21784,1.8615550994873047,17007.444807668995,0.014828544949026877,12,12,False,1088,0.9852622039920826,0.045892006888866375,12732.095930589887,28.188026189804077,17007.444807668995,0.04275829157718922,21149,11.490176677703857
Macaque,ENSG00000134262.fa,30,12226,0.42679834365844727,-6858.0,0.08751035625517813,33,32,True,937,0.8482967596891647,0.04694380834948036,8947.5888491417,8.255082130432129,9151.585511511586,0.04262008733624454,5586,3.690814256668091
Macaque,ENSG00000134262.fa,35,12226,0.2806105613708496,9325.738871572945,0.03385789222699094,27,27,True,795,0.8808641975308642,0.04694380834948036,8947.5888491417,8.255082130432129,9151.585511511586,0.04262008733624454,5586,3.690814256668091
Macaque,ENSG00000134262.fa,40,12226,0.52341628074646,9275.983278591868,0.0297951582867784,27,27,True,795,0.9043280182232346,0.04694380834948036,8947.5888491417,8.255082130432129,9151.585511511586,0.04262008733624454,5586,3.690814256668091
Macaque,ENSG00000134262.fa,45,12226,0.4093055725097656,9226.225677251121,0.09074626865671642,25,24,True,696,0.9220672307340498,0.04694380834948036,8947.5888491417,8.255082130432129,9151.585511511586,0.04262008733624454,5586,3.690814256668091
Macaque,ENSG00000134262.fa,50,12226,0.45632362365722656,9176.466068440393,0.027950310559006212,20,20,True,696,0.9352973070666908,0.04694380834948036,8947.5888491417,8.255082130432129,9151.585511511586,0.04262008733624454,5586,3.690814256668091
Macaque,ENSG00000134262.fa,55,12226,0.49485135078430176,9176.466068440393,0.02367462565762849,19,18,True,696,0.9455757955511793,0.04694380834948036,8947.5888491417,8.255082130432129,9151.585511511586,0.04262008733624454,5586,3.690814256668091
Macaque,ENSG00000134262.fa,60,12226,0.5241827964782715,9176.466068440393,0.02190580503833516,18,17,True,696,0.9543638462221433,0.04694380834948036,8947.5888491417,8.255082130432129,9151.585511511586,0.04262008733624454,5586,3.690814256668091
Macaque,ENSG00000134262.fa,65,12226,0.5319499969482422,9176.466068440393,0.022607901347339577,16,15,False,686,0.9620944992947814,0.04694380834948036,8947.5888491417,8.255082130432129,9151.585511511586,0.04262008733624454,5586,3.690814256668091
Macaque,ENSG00000134262.fa,70,12226,0.5766305923461914,9176.466068440393,0.1278497988377291,13,12,False,876,0.9687171398527865,0.04694380834948036,8947.5888491417,8.255082130432129,9151.585511511586,0.04262008733624454,5586,3.690814256668091
Macaque,ENSG00000134262.fa,75,12226,0.6699447631835938,9176.466068440393,0.023346303501945526,12,11,False,634,0.9739653743840216,0.04694380834948036,8947.5888491417,8.255082130432129,9151.585511511586,0.04262008733624454,5586,3.690814256668091
Macaque,ENSG00000134262.fa,80,12226,0.6995933055877686,9151.585511511586,0.013452914798206279,11,10,False,619,0.9782778694934399,0.04694380834948036,8947.5888491417,8.255082130432129,9151.585511511586,0.04262008733624454,5586,3.690814256668091
Macaque,ENSG00000134262.fa,85,12226,0.9435062408447266,9151.585511511586,0.015263157894736841,8,7,False,534,0.9814999350114813,0.04694380834948036,8947.5888491417,8.255082130432129,9151.585511511586,0.04262008733624454,5586,3.690814256668091
Macaque,ENSG00000134262.fa,90,12226,0.9786026477813721,9151.585511511586,0.01545253863134658,8,7,False,534,0.9840460028535605,0.04694380834948036,8947.5888491417,8.255082130432129,9151.585511511586,0.04262008733624454,5586,3.690814256668091
Macaque,ENSG00000134262.fa,95,12226,0.9376928806304932,9151.585511511586,0.015706806282722512,8,7,False,534,0.9863628517175902,0.04694380834948036,8947.5888491417,8.255082130432129,9151.585511511586,0.04262008733624454,5586,3.690814256668091
Macaque,ENSG00000143412.fa,45,14661,0.8711588382720947,6991.678776132712,0.031200317965023847,25,25,True,1195,0.9580732496051741,0.06014868213561613,-2952.631380336028,11.271401166915894,6989.435926708256,0.05842525675161658,2944,4.897857666015625
Macaque,ENSG00000143412.fa,50,14661,0.8063483238220215,6991.678776132712,0.028875028875028876,23,23,True,1195,0.9666542334949646,0.06014868213561613,-2952.631380336028,11.271401166915894,6989.435926708256,0.05842525675161658,2944,4.897857666015625
Macaque,ENSG00000143412.fa,55,14661,0.8614528179168701,6989.435926708256,0.09624413145539906,20,18,False,1195,0.9732735293027394,0.06014868213561613,-2952.631380336028,11.271401166915894,6989.435926708256,0.05842525675161658,2944,4.897857666015625
Macaque,ENSG00000143412.fa,60,14661,0.8604352474212646,6882.137547396547,0.06291759465478843,16,16,False,1436,0.9781140431813988,0.06014868213561613,-2952.631380336028,11.271401166915894,6989.435926708256,0.05842525675161658,2944,4.897857666015625
Macaque,ENSG00000143412.fa,65,14661,0.8932545185089111,6882.137547396547,0.3525527051054102,15,14,False,1907,0.9820896620205215,0.06014868213561613,-2952.631380336028,11.271401166915894,6989.435926708256,0.05842525675161658,2944,4.897857666015625
Macaque,ENSG00000143412.fa,70,14661,0.9059476852416992,6882.137547396547,0.07004909983633388,13,13,False,1436,0.9855168114985516,0.06014868213561613,-2952.631380336028,11.271401166915894,6989.435926708256,0.05842525675161658,2944,4.897857666015625
Macaque,ENSG00000143412.fa,75,14661,1.02536940574646,6882.137547396547,0.0795638126009693,11,11,False,1436,0.9883686905632773,0.06014868213561613,-2952.631380336028,11.271401166915894,6989.435926708256,0.05842525675161658,2944,4.897857666015625
Macaque,ENSG00000143412.fa,80,14661,1.0414199829101562,6882.137547396547,0.08211754897874114,10,10,False,1436,0.9905067912954578,0.06014868213561613,-2952.631380336028,11.271401166915894,6989.435926708256,0.05842525675161658,2944,4.897857666015625
Macaque,ENSG00000143412.fa,85,14661,1.1757433414459229,6882.137547396547,0.08826164874551971,8,8,False,1436,0.9924905220180811,0.06014868213561613,-2952.631380336028,11.271401166915894,6989.435926708256,0.05842525675161658,2944,4.897857666015625
Macaque,ENSG00000143412.fa,90,14661,1.165808916091919,6882.137547396547,0.23145815841029946,8,8,False,1436,0.9941384206502348,0.06014868213561613,-2952.631380336028,11.271401166915894,6989.435926708256,0.05842525675161658,2944,4.897857666015625
Macaque,ENSG00000143412.fa,95,14661,3.95874285697937,6989.435926708256,0.0016286644951140066,5,5,False,163,0.995380306282056,0.06014868213561613,-2952.631380336028,11.271401166915894,6989.435926708256,0.05842525675161658,2944,4.897857666015625
Macaque,ENSG00000132703.fa,15,1044,0.025704622268676758,935.7257462128603,0.051934826883910386,3,4,False,737,0.7715311004784688,0.055876685934489405,935.7257462128603,0.040961503982543945,935.7257462128603,0.055876685934489405,999,0.03644824028015137
Macaque,ENSG00000132703.fa,20,1044,0.02809906005859375,935.7257462128603,0.052854122621564484,3,3,False,718,0.8484507042253522,0.055876685934489405,935.7257462128603,0.040961503982543945,935.7257462128603,0.055876685934489405,999,0.03644824028015137
Macaque,ENSG00000132703.fa,25,1044,0.02346634864807129,935.7257462128603,0.050314465408805034,2,2,False,625,0.9023205612520238,0.055876685934489405,935.7257462128603,0.040961503982543945,935.7257462128603,0.055876685934489405,999,0.03644824028015137
Macaque,ENSG00000132703.fa,30,1044,0.02456068992614746,935.7257462128603,0.047987616099071206,2,2,False,476,0.9279661016949152,0.055876685934489405,935.7257462128603,0.040961503982543945,935.7257462128603,0.055876685934489405,999,0.03644824028015137
Macaque,ENSG00000132703.fa,35,1044,0.024393320083618164,935.7257462128603,0.047987616099071206,2,2,False,476,0.9416710457172885,0.055876685934489405,935.7257462128603,0.040961503982543945,935.7257462128603,0.055876685934489405,999,0.03644824028015137
Macaque,ENSG00000132703.fa,40,1044,0.16602349281311035,935.7257462128603,0.047987616099071206,2,2,False,476,0.9529780564263323,0.055876685934489405,935.7257462128603,0.040961503982543945,935.7257462128603,0.055876685934489405,999,0.03644824028015137
Macaque,ENSG00000132703.fa,45,1044,0.027228832244873047,935.7257462128603,0.04477611940298507,2,2,False,366,0.9630785231409257,0.055876685934489405,935.7257462128603,0.040961503982543945,935.7257462128603,0.055876685934489405,999,0.03644824028015137
Macaque,ENSG00000132703.fa,50,1044,0.02550220489501953,935.7257462128603,0.04477611940298507,2,2,False,366,0.970954356846473,0.055876685934489405,935.7257462128603,0.040961503982543945,935.7257462128603,0.055876685934489405,999,0.03644824028015137
Macaque,ENSG00000132703.fa,55,1044,0.02758622169494629,935.7257462128603,0.04644808743169399,2,1,False,366,0.9777317452097359,0.055876685934489405,935.7257462128603,0.040961503982543945,935.7257462128603,0.055876685934489405,999,0.03644824028015137
Macaque,ENSG00000132703.fa,60,1044,0.027640581130981445,935.7257462128603,0.04644808743169399,2,1,False,366,0.9829104091144485,0.055876685934489405,935.7257462128603,0.040961503982543945,935.7257462128603,0.055876685934489405,999,0.03644824028015137
Macaque,ENSG00000132703.fa,65,1044,0.027272462844848633,935.7257462128603,0.04644808743169399,2,1,False,366,0.988089073019161,0.055876685934489405,935.7257462128603,0.040961503982543945,935.7257462128603,0.055876685934489405,999,0.03644824028015137
Macaque,ENSG00000132703.fa,70,1044,0.031781673431396484,935.7257462128603,0.0,2,1,False,82,0.9932677369238736,0.055876685934489405,935.7257462128603,0.040961503982543945,935.7257462128603,0.055876685934489405,999,0.03644824028015137
Macaque,ENSG00000132703.fa,75,1044,0.03164219856262207,935.7257462128603,0.0,2,1,False,82,0.995846313603323,0.055876685934489405,935.7257462128603,0.040961503982543945,935.7257462128603,0.055876685934489405,999,0.03644824028015137
Macaque,ENSG00000132703.fa,80,1044,0.03170132637023926,935.7257462128603,0.0,2,1,False,82,0.9984383133784487,0.055876685934489405,935.7257462128603,0.040961503982543945,935.7257462128603,0.055876685934489405,999,0.03644824028015137
Macaque,ENSG00000143401.fa,85,19469,2.4652931690216064,10082.813566367968,0.029771749917300694,15,15,True,555,0.9756385731968044,0.04982094615819564,7561.4335293634485,20.87685751914978,10120.947354533277,0.04929988331388565,5775,8.466875791549683
Macaque,ENSG00000143401.fa,90,19469,2.3314106464385986,10078.809376773348,0.12306759624128524,14,13,True,560,0.9783401604848213,0.04982094615819564,7561.4335293634485,20.87685751914978,10120.947354533277,0.04929988331388565,5775,8.466875791549683
Macaque,ENSG00000143401.fa,95,19469,2.7245984077453613,10078.809376773348,0.0328755722014149,13,12,True,555,0.9806852536110178,0.04982094615819564,7561.4335293634485,20.87685751914978,10120.947354533277,0.04929988331388565,5775,8.466875791549683
Macaque,ENSG00000117362.fa,35,4189,0.0820305347442627,3937.8724830781102,0.02315410342166195,7,8,False,862,0.6943788379782712,0.025006011060351045,3783.226722759452,0.501483678817749,3873.432124507271,0.023495564612802684,3871,0.4613962173461914
Macaque,ENSG00000117362.fa,40,4189,0.08123302459716797,3923.30086735808,0.019083969465648856,7,8,False,862,0.726629766297663,0.025006011060351045,3783.226722759452,0.501483678817749,3873.432124507271,0.023495564612802684,3871,0.4613962173461914
Macaque,ENSG00000117362.fa,45,4189,0.18700575828552246,3923.30086735808,0.019083969465648856,7,8,False,862,0.7521496454970584,0.025006011060351045,3783.226722759452,0.501483678817749,3873.432124507271,0.023495564612802684,3871,0.4613962173461914
Macaque,ENSG00000117362.fa,50,4189,0.08101534843444824,3923.30086735808,0.01814573291749362,7,8,False,798,0.7736381178566127,0.025006011060351045,3783.226722759452,0.501483678817749,3873.432124507271,0.023495564612802684,3871,0.4613962173461914
Macaque,ENSG00000117362.fa,55,4189,0.08419299125671387,3923.30086735808,0.01814573291749362,7,8,False,798,0.7898518844405338,0.025006011060351045,3783.226722759452,0.501483678817749,3873.432124507271,0.023495564612802684,3871,0.4613962173461914
Macaque,ENSG00000117362.fa,60,4189,0.19974422454833984,3923.30086735808,0.016882725354235757,7,8,False,798,0.8046410442349529,0.025006011060351045,3783.226722759452,0.501483678817749,3873.432124507271,0.023495564612802684,3871,0.4613962173461914
Macaque,ENSG00000117362.fa,65,4189,0.08668899536132812,3923.30086735808,0.016882725354235757,7,8,False,798,0.8189383070301292,0.025006011060351045,3783.226722759452,0.501483678817749,3873.432124507271,0.023495564612802684,3871,0.4613962173461914
Macaque,ENSG00000117362.fa,70,4189,0.07917261123657227,3849.0347877725053,0.03912906279583465,5,6,False,1156,0.8317703893151464,0.025006011060351045,3783.226722759452,0.501483678817749,3873.432124507271,0.023495564612802684,3871,0.4613962173461914
Macaque,ENSG00000117362.fa,75,4189,0.18597698211669922,3849.0347877725053,0.03912906279583465,5,6,False,1156,0.842728297632469,0.025006011060351045,3783.226722759452,0.501483678817749,3873.432124507271,0.023495564612802684,3871,0.4613962173461914
Macaque,ENSG00000117362.fa,80,4189,0.07804083824157715,3849.0347877725053,0.03912906279583465,5,6,False,1156,0.8530275485946022,0.025006011060351045,3783.226722759452,0.501483678817749,3873.432124507271,0.023495564612802684,3871,0.4613962173461914
Macaque,ENSG00000117362.fa,85,4189,0.07725286483764648,3849.0347877725053,0.03912906279583465,5,6,False,1156,0.8630117973629424,0.025006011060351045,3783.226722759452,0.501483678817749,3873.432124507271,0.023495564612802684,3871,0.4613962173461914
Macaque,ENSG00000117362.fa,90,4189,0.18859076499938965,3849.0347877725053,0.03912906279583465,5,6,False,1156,0.8722260509993108,0.025006011060351045,3783.226722759452,0.501483678817749,3873.432124507271,0.023495564612802684,3871,0.4613962173461914
Macaque,ENSG00000117362.fa,95,4189,0.0828547477722168,3849.0347877725053,0.040067911714770796,5,6,False,1156,0.8800877072769632,0.025006011060351045,3783.226722759452,0.501483678817749,3873.432124507271,0.023495564612802684,3871,0.4613962173461914
Macaque,ENSG00000198483.fa,45,19950,1.3719980716705322,-23164.65779933094,0.06910816401022023,46,45,False,1252,0.9523796431222677,0.05394238494204063,10879.482464766566,22.94312024116516,9649.156669169442,0.05909763719094348,3707,9.16977596282959
Macaque,ENSG00000198483.fa,50,19950,1.4707114696502686,-23770.688293267995,0.05501782985226694,38,37,False,760,0.9621567131647777,0.05394238494204063,10879.482464766566,22.94312024116516,9649.156669169442,0.05909763719094348,3707,9.16977596282959
Macaque,ENSG00000198483.fa,55,19950,1.2839863300323486,-7054.15880381675,0.10537124802527646,32,27,False,1037,0.9693927256982031,0.05394238494204063,10879.482464766566,22.94312024116516,9649.156669169442,0.05909763719094348,3707,9.16977596282959
Macaque,ENSG00000198483.fa,60,19950,1.0165796279907227,7660.600945057035,0.01591712986356746,28,27,False,760,0.974934036939314,0.05394238494204063,10879.482464766566,22.94312024116516,9649.156669169442,0.05909763719094348,3707,9.16977596282959
Macaque,ENSG00000198483.fa,65,19950,1.0217831134796143,10536.202300934176,0.3541878356800697,24,21,False,2075,0.9794895168641751,0.05394238494204063,10879.482464766566,22.94312024116516,9649.156669169442,0.05909763719094348,3707,9.16977596282959
Macaque,ENSG00000198483.fa,70,19950,1.4874005317687988,10536.202300934176,0.012592592592592593,20,19,False,697,0.9829208317742022,0.05394238494204063,10879.482464766566,22.94312024116516,9649.156669169442,0.05909763719094348,3707,9.16977596282959
Macaque,ENSG00000198483.fa,75,19950,1.3829472064971924,10536.202300934176,0.33986928104575165,18,15,False,1504,0.9858445297504799,0.05394238494204063,10879.482464766566,22.94312024116516,9649.156669169442,0.05909763719094348,3707,9.16977596282959
Macaque,ENSG00000198483.fa,80,19950,1.6463806629180908,10536.202300934176,0.015111111111111112,14,13,False,697,0.9882149507847832,0.05394238494204063,10879.482464766566,22.94312024116516,9649.156669169442,0.05909763719094348,3707,9.16977596282959
Macaque,ENSG00000198483.fa,85,19950,1.5724430084228516,10485.671360949978,0.012307692307692308,12,11,False,697,0.990253877204164,0.05394238494204063,10879.482464766566,22.94312024116516,9649.156669169442,0.05909763719094348,3707,9.16977596282959
Macaque,ENSG00000198483.fa,90,19950,1.8941850662231445,10485.671360949978,0.4905739421868454,11,8,False,4364,0.9919649960222753,0.05394238494204063,10879.482464766566,22.94312024116516,9649.156669169442,0.05909763719094348,3707,9.16977596282959
Macaque,ENSG00000198483.fa,95,19950,4.285857439041138,9649.156669169442,0.01603206412825651,7,6,False,697,0.9932713449362897,0.05394238494204063,10879.482464766566,22.94312024116516,9649.156669169442,0.05909763719094348,3707,9.16977596282959
Macaque,ENSG00000158874.fa,40,1343,0.032468318939208984,1202.0335406749327,0.04397905759162304,2,3,False,681,0.9443762781186094,0.04729214340198322,1161.9589926524177,0.059590816497802734,1202.0335406749327,0.04635258358662614,927,0.051634788513183594
Macaque,ENSG00000158874.fa,45,1343,0.028976917266845703,1202.0335406749327,0.045278137128072445,2,2,False,681,0.9591093117408906,0.04729214340198322,1161.9589926524177,0.059590816497802734,1202.0335406749327,0.04635258358662614,927,0.051634788513183594
Macaque,ENSG00000158874.fa,50,1343,0.03381228446960449,1202.0335406749327,0.03756708407871199,2,2,False,467,0.9677549375251915,0.04729214340198322,1161.9589926524177,0.059590816497802734,1202.0335406749327,0.04635258358662614,927,0.051634788513183594
Macaque,ENSG00000158874.fa,55,1343,0.03783297538757324,1202.0335406749327,0.032119914346895075,2,2,False,375,0.9746784565916399,0.04729214340198322,1161.9589926524177,0.059590816497802734,1202.0335406749327,0.04635258358662614,927,0.051634788513183594
Macaque,ENSG00000158874.fa,60,1343,0.038365840911865234,1202.0335406749327,0.032119914346895075,2,2,False,375,0.9795180722891567,0.04729214340198322,1161.9589926524177,0.059590816497802734,1202.0335406749327,0.04635258358662614,927,0.051634788513183594
Macaque,ENSG00000158874.fa,65,1343,0.036975860595703125,1202.0335406749327,0.032119914346895075,2,2,False,375,0.9835341365461847,0.04729214340198322,1161.9589926524177,0.059590816497802734,1202.0335406749327,0.04635258358662614,927,0.051634788513183594
Macaque,ENSG00000158874.fa,70,1343,0.036779165267944336,1202.0335406749327,0.032119914346895075,2,2,False,375,0.9875502008032129,0.04729214340198322,1161.9589926524177,0.059590816497802734,1202.0335406749327,0.04635258358662614,927,0.051634788513183594
Macaque,ENSG00000158874.fa,75,1343,0.13633513450622559,1202.0335406749327,0.032119914346895075,2,2,False,375,0.9915662650602409,0.04729214340198322,1161.9589926524177,0.059590816497802734,1202.0335406749327,0.04635258358662614,927,0.051634788513183594
Macaque,ENSG00000158874.fa,80,1343,0.05043649673461914,1202.0335406749327,0.0,2,1,False,92,0.9947749196141479,0.04729214340198322,1161.9589926524177,0.059590816497802734,1202.0335406749327,0.04635258358662614,927,0.051634788513183594
Macaque,ENSG00000158874.fa,85,1343,0.05121254920959473,1202.0335406749327,0.0,2,1,False,92,0.9967780910189287,0.04729214340198322,1161.9589926524177,0.059590816497802734,1202.0335406749327,0.04635258358662614,927,0.051634788513183594
Macaque,ENSG00000158874.fa,90,1343,0.05046820640563965,1202.0335406749327,0.0,2,1,False,92,0.9987893462469734,0.04729214340198322,1161.9589926524177,0.059590816497802734,1202.0335406749327,0.04635258358662614,927,0.051634788513183594
Macaque,ENSG00000143595.fa,30,4456,0.23972558975219727,-1117.199105499536,0.03758654797230465,14,14,True,975,0.8674650698602795,0.0552258064516129,2414.7116466630973,0.5579288005828857,2463.3979292716995,0.06292189006750241,2976,0.48259615898132324
Macaque,ENSG00000143595.fa,35,4456,0.09965252876281738,2561.6199483839778,0.037761294672960216,12,12,True,975,0.8959522573949144,0.0552258064516129,2414.7116466630973,0.5579288005828857,2463.3979292716995,0.06292189006750241,2976,0.48259615898132324
Macaque,ENSG00000143595.fa,40,4456,0.21143484115600586,2561.6199483839778,0.03614457831325301,10,10,True,911,0.9202742160721087,0.0552258064516129,2414.7116466630973,0.5579288005828857,2463.3979292716995,0.06292189006750241,2976,0.48259615898132324
Macaque,ENSG00000143595.fa,45,4456,0.10925745964050293,2561.6199483839778,0.03673132480396203,8,8,True,911,0.9398852581691195,0.0552258064516129,2414.7116466630973,0.5579288005828857,2463.3979292716995,0.06292189006750241,2976,0.48259615898132324
Macaque,ENSG00000143595.fa,50,4456,0.10556459426879883,2561.6199483839778,0.03673132480396203,8,8,True,911,0.9562599827988696,0.0552258064516129,2414.7116466630973,0.5579288005828857,2463.3979292716995,0.06292189006750241,2976,0.48259615898132324
Macaque,ENSG00000143595.fa,55,4456,0.2525634765625,2488.217017938278,0.03579952267303103,7,6,True,911,0.9699102159669983,0.0552258064516129,2414.7116466630973,0.5579288005828857,2463.3979292716995,0.06292189006750241,2976,0.48259615898132324
Macaque,ENSG00000143595.fa,60,4456,0.1306614875793457,2488.217017938278,0.036818851251840944,6,5,True,911,0.9800456785671354,0.0552258064516129,2414.7116466630973,0.5579288005828857,2463.3979292716995,0.06292189006750241,2976,0.48259615898132324
Macaque,ENSG00000143595.fa,65,4456,0.31883907318115234,2463.3979292716995,0.027314112291350532,5,4,False,725,0.9866092778574844,0.0552258064516129,2414.7116466630973,0.5579288005828857,2463.3979292716995,0.06292189006750241,2976,0.48259615898132324
Macaque,ENSG00000143595.fa,70,4456,0.20674705505371094,2463.3979292716995,0.027314112291350532,5,4,False,725,0.9914224446032881,0.0552258064516129,2414.7116466630973,0.5579288005828857,2463.3979292716995,0.06292189006750241,2976,0.48259615898132324
Macaque,ENSG00000143595.fa,75,4456,0.21652936935424805,2463.3979292716995,0.2204724409448819,5,3,False,725,0.9951277480689246,0.0552258064516129,2414.7116466630973,0.5579288005828857,2463.3979292716995,0.06292189006750241,2976,0.48259615898132324
Macaque,ENSG00000143595.fa,80,4456,0.42690515518188477,2463.3979292716995,0.0,3,2,False,96,0.9967929682860197,0.0552258064516129,2414.7116466630973,0.5579288005828857,2463.3979292716995,0.06292189006750241,2976,0.48259615898132324
Macaque,ENSG00000143595.fa,85,4456,0.31622767448425293,2463.3979292716995,0.0,3,2,False,96,0.9979807578097161,0.0552258064516129,2414.7116466630973,0.5579288005828857,2463.3979292716995,0.06292189006750241,2976,0.48259615898132324
Macaque,ENSG00000143595.fa,90,4456,0.6520857810974121,2463.3979292716995,0.0,2,1,False,96,0.9991685473334125,0.0552258064516129,2414.7116466630973,0.5579288005828857,2463.3979292716995,0.06292189006750241,2976,0.48259615898132324
Macaque,ENSG00000143595.fa,95,4456,0.6473865509033203,2463.3979292716995,0.0,2,1,False,96,0.9997623009270263,0.0552258064516129,2414.7116466630973,0.5579288005828857,2463.3979292716995,0.06292189006750241,2976,0.48259615898132324
Macaque,ENSG00000173627.fa,25,7438,0.3527381420135498,-1565.49678560121,0.05586096825678312,25,24,True,1220,0.8610247828512232,0.056790123456790124,5319.404254149293,2.5944106578826904,5306.595194770277,0.05263919016630513,4543,1.317286729812622
Macaque,ENSG00000173627.fa,30,7438,0.1791832447052002,5342.81528410827,0.046529662659945716,20,20,True,1220,0.8989828941285252,0.056790123456790124,5319.404254149293,2.5944106578826904,5306.595194770277,0.05263919016630513,4543,1.317286729812622
Macaque,ENSG00000173627.fa,35,7438,0.30211782455444336,5317.984208499417,0.04585152838427948,18,18,True,1146,0.9273054971462902,0.056790123456790124,5319.404254149293,2.5944106578826904,5306.595194770277,0.05263919016630513,4543,1.317286729812622
Macaque,ENSG00000173627.fa,40,7438,0.19135475158691406,5293.152277559215,0.1169683257918552,18,17,False,990,0.9485120801414261,0.056790123456790124,5319.404254149293,2.5944106578826904,5306.595194770277,0.05263919016630513,4543,1.317286729812622
Macaque,ENSG00000173627.fa,45,7438,0.32266712188720703,5293.152277559215,0.16362212943632568,13,11,False,912,0.9636759898292772,0.056790123456790124,5319.404254149293,2.5944106578826904,5306.595194770277,0.05263919016630513,4543,1.317286729812622
Macaque,ENSG00000173627.fa,50,7438,0.35471034049987793,5293.152277559215,0.046023688663282575,11,11,False,912,0.9736482108143135,0.056790123456790124,5319.404254149293,2.5944106578826904,5306.595194770277,0.05263919016630513,4543,1.317286729812622
Macaque,ENSG00000173627.fa,55,7438,0.2347555160522461,5287.144560232585,0.04826599928494816,9,9,False,857,0.9809714571857787,0.056790123456790124,5319.404254149293,2.5944106578826904,5306.595194770277,0.05263919016630513,4543,1.317286729812622
Macaque,ENSG00000173627.fa,60,7438,0.40419983863830566,5287.144560232585,0.16150529204233635,7,6,False,857,0.9862555191568153,0.056790123456790124,5319.404254149293,2.5944106578826904,5306.595194770277,0.05263919016630513,4543,1.317286729812622
Macaque,ENSG00000173627.fa,65,7438,0.7050161361694336,5306.595194770277,0.0109717868338558,4,4,False,398,0.9890555042285551,0.056790123456790124,5319.404254149293,2.5944106578826904,5306.595194770277,0.05263919016630513,4543,1.317286729812622
Macaque,ENSG00000173627.fa,70,7438,2.0173568725585938,5306.595194770277,0.013944223107569721,2,2,False,398,0.9906986651519455,0.056790123456790124,5319.404254149293,2.5944106578826904,5306.595194770277,0.05263919016630513,4543,1.317286729812622
Macaque,ENSG00000173627.fa,75,7438,2.1434497833251953,5306.595194770277,0.013944223107569721,2,2,False,398,0.9917666264461636,0.056790123456790124,5319.404254149293,2.5944106578826904,5306.595194770277,0.05263919016630513,4543,1.317286729812622
Macaque,ENSG00000173627.fa,80,7438,2.1237170696258545,5306.595194770277,0.013944223107569721,2,2,False,398,0.9928338299985809,0.056790123456790124,5319.404254149293,2.5944106578826904,5306.595194770277,0.05263919016630513,4543,1.317286729812622
Macaque,ENSG00000173627.fa,85,7438,2.1397571563720703,5306.595194770277,0.013944223107569721,2,2,False,398,0.9936147570060305,0.056790123456790124,5319.404254149293,2.5944106578826904,5306.595194770277,0.05263919016630513,4543,1.317286729812622
Macaque,ENSG00000173627.fa,90,7438,2.124121904373169,5306.595194770277,0.013944223107569721,2,2,False,398,0.994324228449805,0.056790123456790124,5319.404254149293,2.5944106578826904,5306.595194770277,0.05263919016630513,4543,1.317286729812622
Macaque,ENSG00000173627.fa,95,7438,2.1451640129089355,5306.595194770277,0.013944223107569721,2,2,False,398,0.9950336998935793,0.056790123456790124,5319.404254149293,2.5944106578826904,5306.595194770277,0.05263919016630513,4543,1.317286729812622
Macaque,ENSG00000142632-0.fa,55,4932,0.28067779541015625,3094.618676122711,0.02575107296137339,7,6,False,764,0.9800967670991863,0.05746082216670452,3082.7829506938806,1.159040927886963,3094.618676122711,0.05189844978656482,2008,0.5783162117004395
Macaque,ENSG00000142632-0.fa,60,4932,0.16295123100280762,3094.618676122711,0.02575107296137339,7,6,False,764,0.9851024208566108,0.05746082216670452,3082.7829506938806,1.159040927886963,3094.618676122711,0.05189844978656482,2008,0.5783162117004395
Macaque,ENSG00000142632-0.fa,65,4932,0.18914008140563965,3094.618676122711,0.02791145332050048,6,5,False,701,0.9896288209606987,0.05746082216670452,3082.7829506938806,1.159040927886963,3094.618676122711,0.05189844978656482,2008,0.5783162117004395
Macaque,ENSG00000142632-0.fa,70,4932,0.3511331081390381,3094.618676122711,0.0,6,5,False,102,0.9929193899782135,0.05746082216670452,3082.7829506938806,1.159040927886963,3094.618676122711,0.05189844978656482,2008,0.5783162117004395
Macaque,ENSG00000142632-0.fa,75,4932,0.28711843490600586,3094.618676122711,0.0,5,4,False,102,0.9954313064288045,0.05746082216670452,3082.7829506938806,1.159040927886963,3094.618676122711,0.05189844978656482,2008,0.5783162117004395
Macaque,ENSG00000142632-0.fa,80,4932,0.43396973609924316,3094.618676122711,0.0,3,2,False,102,0.9972826086956522,0.05746082216670452,3082.7829506938806,1.159040927886963,3094.618676122711,0.05189844978656482,2008,0.5783162117004395
Macaque,ENSG00000142632-0.fa,85,4932,0.634209156036377,3094.618676122711,0.0,2,1,False,102,0.9980428400565402,0.05746082216670452,3082.7829506938806,1.159040927886963,3094.618676122711,0.05189844978656482,2008,0.5783162117004395
Macaque,ENSG00000142632-0.fa,90,4932,0.5166783332824707,3094.618676122711,0.0,2,1,False,102,0.998585726718886,0.05746082216670452,3082.7829506938806,1.159040927886963,3094.618676122711,0.05189844978656482,2008,0.5783162117004395
Macaque,ENSG00000142632-0.fa,95,4932,0.6289389133453369,3094.618676122711,0.0,2,1,False,102,0.9991292043104386,0.05746082216670452,3082.7829506938806,1.159040927886963,3094.618676122711,0.05189844978656482,2008,0.5783162117004395
Macaque,ENSG00000132694-0.fa,45,21021,0.7464187145233154,15755.552458414742,0.03288490284005979,47,47,False,814,0.9458259095721331,0.054427623917776315,15387.997339136688,25.859886169433594,15405.266772701794,0.05002010858636638,5441,10.629329919815063
Macaque,ENSG00000132694-0.fa,50,21021,0.7834274768829346,15656.14469750144,0.09612023767913316,40,39,False,971,0.9573381019287265,0.054427623917776315,15387.997339136688,25.859886169433594,15405.266772701794,0.05002010858636638,5441,10.629329919815063
Macaque,ENSG00000132694-0.fa,55,21021,0.8101112842559814,15495.821770354254,0.18450874683683574,33,32,False,1284,0.9659934622304437,0.054427623917776315,15387.997339136688,25.859886169433594,15405.266772701794,0.05002010858636638,5441,10.629329919815063
Macaque,ENSG00000132694-0.fa,60,21021,1.0785455703735352,15495.821770354254,0.06579540333483551,23,24,False,708,0.9724957811752261,0.054427623917776315,15387.997339136688,25.859886169433594,15405.266772701794,0.05002010858636638,5441,10.629329919815063
Macaque,ENSG00000132694-0.fa,65,21021,0.9772295951843262,15470.999271073488,0.2164334210890952,21,21,False,2018,0.9777170643673552,0.054427623917776315,15387.997339136688,25.859886169433594,15405.266772701794,0.05002010858636638,5441,10.629329919815063
Macaque,ENSG00000132694-0.fa,70,21021,1.2683300971984863,15606.439055390216,0.03345367027677497,18,18,False,708,0.981668789490772,0.054427623917776315,15387.997339136688,25.859886169433594,15405.266772701794,0.05002010858636638,5441,10.629329919815063
Macaque,ENSG00000132694-0.fa,75,21021,1.4981281757354736,15479.842184676862,0.024318781130969823,16,16,False,708,0.984707728325571,0.054427623917776315,15387.997339136688,25.859886169433594,15405.266772701794,0.05002010858636638,5441,10.629329919815063
Macaque,ENSG00000132694-0.fa,80,21021,1.437101125717163,15454.984006679966,0.019216823785351705,15,15,False,587,0.9874031007751938,0.054427623917776315,15387.997339136688,25.859886169433594,15405.266772701794,0.05002010858636638,5441,10.629329919815063
Macaque,ENSG00000132694-0.fa,85,21021,1.9508755207061768,15454.984006679966,0.01402321083172147,13,13,False,518,0.9895846249225047,0.054427623917776315,15387.997339136688,25.859886169433594,15405.266772701794,0.05002010858636638,5441,10.629329919815063
Macaque,ENSG00000132694-0.fa,90,21021,2.602226495742798,15454.984006679966,0.013221153846153846,10,10,False,518,0.9913334158722298,0.054427623917776315,15387.997339136688,25.859886169433594,15405.266772701794,0.05002010858636638,5441,10.629329919815063
Macaque,ENSG00000132694-0.fa,95,21021,3.000037670135498,15454.984006679966,0.013994910941475827,9,9,False,518,0.992653606411398,0.054427623917776315,15387.997339136688,25.859886169433594,15405.266772701794,0.05002010858636638,5441,10.629329919815063
Macaque,ENSG00000186517.fa,50,23808,1.1484851837158203,13157.37830487502,0.043327778489937185,30,31,True,1919,0.9653157833968364,0.059063870696388875,1915.1332170219175,31.066164255142212,12668.598411734474,0.059880805978620756,2715,12.702041387557983
Macaque,ENSG00000186517.fa,55,23808,1.4863367080688477,12452.920810638738,0.130550497268525,27,25,True,1919,0.9728341853694321,0.059063870696388875,1915.1332170219175,31.066164255142212,12668.598411734474,0.059880805978620756,2715,12.702041387557983
Macaque,ENSG00000186517.fa,60,23808,2.0585200786590576,12452.920810638738,0.02556237218813906,19,20,True,1919,0.9781493054763588,0.059063870696388875,1915.1332170219175,31.066164255142212,12668.598411734474,0.059880805978620756,2715,12.702041387557983
Macaque,ENSG00000186517.fa,65,23808,2.9664433002471924,12750.214275807248,0.024748436225183572,15,15,True,1580,0.9821172941898249,0.059063870696388875,1915.1332170219175,31.066164255142212,12668.598411734474,0.059880805978620756,2715,12.702041387557983
Macaque,ENSG00000186517.fa,70,23808,2.805102825164795,12750.214275807248,0.24070484581497797,15,12,True,1478,0.9850215273056877,0.059063870696388875,1915.1332170219175,31.066164255142212,12668.598411734474,0.059880805978620756,2715,12.702041387557983
Macaque,ENSG00000186517.fa,75,23808,5.777538299560547,12403.264176264078,0.02761144377910845,10,10,True,1478,0.9874064527798503,0.059063870696388875,1915.1332170219175,31.066164255142212,12668.598411734474,0.059880805978620756,2715,12.702041387557983
Macaque,ENSG00000186517.fa,80,23808,7.458875417709351,12403.264176264078,0.02993148214929679,7,7,True,1478,0.989370345294516,0.059063870696388875,1915.1332170219175,31.066164255142212,12668.598411734474,0.059880805978620756,2715,12.702041387557983
Macaque,ENSG00000186517.fa,85,23808,7.734771013259888,12403.264176264078,0.030855018587360596,6,6,True,1478,0.9910543274972397,0.059063870696388875,1915.1332170219175,31.066164255142212,12668.598411734474,0.059880805978620756,2715,12.702041387557983
Macaque,ENSG00000186517.fa,90,23808,7.7314746379852295,12403.264176264078,0.030782029950083195,6,6,True,1478,0.9925290848128896,0.059063870696388875,1915.1332170219175,31.066164255142212,12668.598411734474,0.059880805978620756,2715,12.702041387557983
Macaque,ENSG00000186517.fa,95,23808,7.8116044998168945,12403.264176264078,0.030782029950083195,6,6,False,1478,0.9938184188639377,0.059063870696388875,1915.1332170219175,31.066164255142212,12668.598411734474,0.059880805978620756,2715,12.702041387557983
Macaque,ENSG00000130762.fa,60,28543,2.2849321365356445,12401.351516369672,0.30889903023388476,18,17,True,1622,0.9925882173614816,0.07982456140350877,6176.890372132457,44.39007568359375,12411.484624680703,0.07065735154017148,9786,17.579810857772827
Macaque,ENSG00000130762.fa,65,28543,3.134319305419922,12401.351516369672,0.048625792811839326,16,16,True,510,0.994529395004274,0.07982456140350877,6176.890372132457,44.39007568359375,12411.484624680703,0.07065735154017148,9786,17.579810857772827
Macaque,ENSG00000130762.fa,70,28543,3.1998207569122314,12401.351516369672,0.5790762771168649,15,13,True,3434,0.9963056986965747,0.07982456140350877,6176.890372132457,44.39007568359375,12411.484624680703,0.07065735154017148,9786,17.579810857772827
Macaque,ENSG00000130762.fa,75,28543,5.522588491439819,12401.351516369672,0.42560553633217996,10,8,True,1883,0.9976362020385393,0.07982456140350877,6176.890372132457,44.39007568359375,12411.484624680703,0.07065735154017148,9786,17.579810857772827
Macaque,ENSG00000130762.fa,80,28543,5.787256956100464,12411.484624680703,0.5893642542982807,8,5,True,2466,0.9985268008914744,0.07982456140350877,6176.890372132457,44.39007568359375,12411.484624680703,0.07065735154017148,9786,17.579810857772827
Macaque,ENSG00000130762.fa,85,28543,10.497331380844116,12411.484624680703,0.613905325443787,5,3,True,2409,0.9990563188887212,0.07982456140350877,6176.890372132457,44.39007568359375,12411.484624680703,0.07065735154017148,9786,17.579810857772827
Macaque,ENSG00000130762.fa,90,28543,14.911199569702148,12411.484624680703,0.006514657980456026,3,2,True,206,0.9994529437286601,0.07982456140350877,6176.890372132457,44.39007568359375,12411.484624680703,0.07065735154017148,9786,17.579810857772827
Macaque,ENSG00000130762.fa,95,28543,15.000083208084106,12411.484624680703,0.0,3,2,True,101,0.9997360034696687,0.07982456140350877,6176.890372132457,44.39007568359375,12411.484624680703,0.07065735154017148,9786,17.579810857772827
