species,unique_id,kmer_size,seq_length,madb_time,madb_score,madb_distance,madb_bubbles,madb_braids,madb_cycles,madb_longest_braid_length,jaccard_distance,ensembl_pd,ensembl_score,cogent3_time,cogent3_score,cogent3_pd,madb_ungapped_sw_length,ungapped_sw_time
Chimpanzee,ENSG00000204518.fa,10,273,0.0060436725616455,269.97780490935605,0.0109890109890109,0,1,False,273,0.1855670103092783,0.0109890109890109,269.97780490935605,0.0086500644683837,269.97780490935605,0.0109890109890109,273,0.0056710243225097
Chimpanzee,ENSG00000204518.fa,15,273,0.004887580871582,269.97780490935605,0.0109890109890109,0,1,False,273,0.25,0.0109890109890109,269.97780490935605,0.0086500644683837,269.97780490935605,0.0109890109890109,273,0.0056710243225097
Chimpanzee,ENSG00000204518.fa,20,273,0.0046863555908203,269.97780490935605,0.0109890109890109,0,1,False,273,0.3122923588039867,0.0109890109890109,269.97780490935605,0.0086500644683837,269.97780490935605,0.0109890109890109,273,0.0056710243225097
Chimpanzee,ENSG00000204518.fa,25,273,0.0043988227844238,269.97780490935605,0.0109890109890109,0,1,False,273,0.3509933774834437,0.0109890109890109,269.97780490935605,0.0086500644683837,269.97780490935605,0.0109890109890109,273,0.0056710243225097
Chimpanzee,ENSG00000204518.fa,30,273,0.0052487850189208,269.97780490935605,0.0109890109890109,0,1,False,273,0.3841059602649006,0.0109890109890109,269.97780490935605,0.0086500644683837,269.97780490935605,0.0109890109890109,273,0.0056710243225097
Chimpanzee,ENSG00000204518.fa,35,273,0.004434585571289,269.97780490935605,0.0109890109890109,0,1,False,273,0.4172185430463576,0.0109890109890109,269.97780490935605,0.0086500644683837,269.97780490935605,0.0109890109890109,273,0.0056710243225097
Chimpanzee,ENSG00000204518.fa,40,273,0.004300832748413,269.97780490935605,0.0109890109890109,0,1,False,273,0.4503311258278145,0.0109890109890109,269.97780490935605,0.0086500644683837,269.97780490935605,0.0109890109890109,273,0.0056710243225097
Chimpanzee,ENSG00000184389.fa,60,14423,0.4723951816558838,12354.73678774617,0.0085620750440695,13,14,False,2402,0.7015095544306107,0.0114322518315755,8193.906621684873,13.164615869522097,12354.73678774617,0.0115056116326674,14180,5.269479990005493
Chimpanzee,ENSG00000184389.fa,65,14423,0.4715795516967773,12354.73678774617,0.0085246455097906,13,14,False,2402,0.7212687573007458,0.0114322518315755,8193.906621684873,13.164615869522097,12354.73678774617,0.0115056116326674,14180,5.269479990005493
Chimpanzee,ENSG00000184389.fa,70,14423,0.4803082942962646,12354.73678774617,0.0085246455097906,13,14,False,2402,0.7398910492050135,0.0114322518315755,8193.906621684873,13.164615869522097,12354.73678774617,0.0115056116326674,14180,5.269479990005493
Chimpanzee,ENSG00000184389.fa,75,14423,0.5061030387878418,12354.73678774617,0.0080279232111692,12,13,False,2323,0.7573400908773156,0.0114322518315755,8193.906621684873,13.164615869522097,12354.73678774617,0.0115056116326674,14180,5.269479990005493
Chimpanzee,ENSG00000184389.fa,80,14423,0.5028781890869141,12354.73678774617,0.0078809882227928,12,13,False,2323,0.7731607335490831,0.0114322518315755,8193.906621684873,13.164615869522097,12354.73678774617,0.0115056116326674,14180,5.269479990005493
Chimpanzee,ENSG00000184389.fa,85,14423,0.5201051235198975,12354.73678774617,0.0078809882227928,12,13,False,2323,0.7878193372286433,0.0114322518315755,8193.906621684873,13.164615869522097,12354.73678774617,0.0115056116326674,14180,5.269479990005493
Chimpanzee,ENSG00000184389.fa,90,14423,0.352236270904541,12354.73678774617,0.007782449235173,12,13,False,2323,0.8018386539029224,0.0114322518315755,8193.906621684873,13.164615869522097,12354.73678774617,0.0115056116326674,14180,5.269479990005493
Chimpanzee,ENSG00000184389.fa,95,14423,0.5565378665924072,12354.73678774617,0.0076322006178448,12,13,False,2323,0.8149044479679546,0.0114322518315755,8193.906621684873,13.164615869522097,12354.73678774617,0.0115056116326674,14180,5.269479990005493
Chimpanzee,ENSG00000143632.fa,40,3741,0.0753753185272216,3578.649164489096,0.0095293098469535,4,5,False,1390,0.5759212811113255,0.0123722431414739,3588.616359587698,0.3934566974639892,3578.649164489096,0.0118343195266272,3280,0.3670361042022705
Chimpanzee,ENSG00000143632.fa,45,3741,0.0741140842437744,3578.649164489096,0.0095293098469535,4,5,False,1390,0.611864406779661,0.0123722431414739,3588.616359587698,0.3934566974639892,3578.649164489096,0.0118343195266272,3280,0.3670361042022705
Chimpanzee,ENSG00000143632.fa,50,3741,0.0714783668518066,3578.649164489096,0.0095293098469535,4,5,False,1390,0.6446326643343767,0.0123722431414739,3588.616359587698,0.3934566974639892,3578.649164489096,0.0118343195266272,3280,0.3670361042022705
Chimpanzee,ENSG00000143632.fa,55,3741,0.1882431507110595,3578.649164489096,0.0095293098469535,4,5,False,1390,0.6728651381115724,0.0123722431414739,3588.616359587698,0.3934566974639892,3578.649164489096,0.0118343195266272,3280,0.3670361042022705
Chimpanzee,ENSG00000143632.fa,60,3741,0.0742075443267822,3578.649164489096,0.0095293098469535,4,5,False,1390,0.6988656504785538,0.0123722431414739,3588.616359587698,0.3934566974639892,3578.649164489096,0.0118343195266272,3280,0.3670361042022705
Chimpanzee,ENSG00000143632.fa,65,3741,0.0762460231781005,3578.649164489096,0.0082367297132397,4,5,False,1390,0.7205933682373473,0.0123722431414739,3588.616359587698,0.3934566974639892,3578.649164489096,0.0118343195266272,3280,0.3670361042022705
Chimpanzee,ENSG00000143632.fa,70,3741,0.0752081871032714,3578.649164489096,0.0082367297132397,4,5,False,1390,0.7410146173688736,0.0123722431414739,3588.616359587698,0.3934566974639892,3578.649164489096,0.0118343195266272,3280,0.3670361042022705
Chimpanzee,ENSG00000143632.fa,75,3741,0.1938526630401611,3578.649164489096,0.0082367297132397,4,5,False,1390,0.7608474576271187,0.0123722431414739,3588.616359587698,0.3934566974639892,3578.649164489096,0.0118343195266272,3280,0.3670361042022705
Chimpanzee,ENSG00000143632.fa,80,3741,0.0778086185455322,3578.649164489096,0.0073455759599332,4,5,False,1390,0.7788927914366951,0.0123722431414739,3588.616359587698,0.3934566974639892,3578.649164489096,0.0118343195266272,3280,0.3670361042022705
Chimpanzee,ENSG00000143632.fa,85,3741,0.0762395858764648,3578.649164489096,0.0072140158021298,4,5,False,1306,0.7954733190153642,0.0123722431414739,3588.616359587698,0.3934566974639892,3578.649164489096,0.0118343195266272,3280,0.3670361042022705
Chimpanzee,ENSG00000143632.fa,90,3741,0.1942074298858642,3578.649164489096,0.0070871722182849,4,5,False,1306,0.8106827834041164,0.0123722431414739,3588.616359587698,0.3934566974639892,3578.649164489096,0.0118343195266272,3280,0.3670361042022705
Chimpanzee,ENSG00000143632.fa,95,3741,0.0764956474304199,3578.649164489096,0.0070871722182849,4,5,False,1306,0.8244139046079224,0.0123722431414739,3588.616359587698,0.3934566974639892,3578.649164489096,0.0118343195266272,3280,0.3670361042022705
Chimpanzee,ENSG00000169717.fa,15,1437,0.027379035949707,1423.920959676019,0.0090466249130132,0,1,False,1437,0.2156739811912226,0.0090466249130132,1423.920959676019,0.069056749343872,1423.920959676019,0.0090466249130132,1437,0.066526174545288
Chimpanzee,ENSG00000169717.fa,20,1437,0.0264022350311279,1423.920959676019,0.0090466249130132,0,1,False,1437,0.2675626145387905,0.0090466249130132,1423.920959676019,0.069056749343872,1423.920959676019,0.0090466249130132,1437,0.066526174545288
Chimpanzee,ENSG00000169717.fa,25,1437,0.0259153842926025,1423.920959676019,0.0090466249130132,0,1,False,1437,0.310818888224746,0.0090466249130132,1423.920959676019,0.069056749343872,1423.920959676019,0.0090466249130132,1437,0.066526174545288
Chimpanzee,ENSG00000169717.fa,30,1437,0.0270278453826904,1423.920959676019,0.0090466249130132,0,1,False,1437,0.3474178403755869,0.0090466249130132,1423.920959676019,0.069056749343872,1423.920959676019,0.0090466249130132,1437,0.066526174545288
Chimpanzee,ENSG00000169717.fa,35,1437,0.0262098312377929,1423.920959676019,0.0090466249130132,0,1,False,1437,0.3817762399077278,0.0090466249130132,1423.920959676019,0.069056749343872,1423.920959676019,0.0090466249130132,1437,0.066526174545288
Chimpanzee,ENSG00000169717.fa,40,1437,0.1447956562042236,1423.920959676019,0.0090466249130132,0,1,False,1437,0.4131668558456299,0.0090466249130132,1423.920959676019,0.069056749343872,1423.920959676019,0.0090466249130132,1437,0.066526174545288
Chimpanzee,ENSG00000169717.fa,45,1437,0.0244393348693847,1423.920959676019,0.0090466249130132,0,1,False,1437,0.4400895856662934,0.0090466249130132,1423.920959676019,0.069056749343872,1423.920959676019,0.0090466249130132,1437,0.066526174545288
Chimpanzee,ENSG00000169717.fa,50,1437,0.0245060920715332,1423.920959676019,0.0090466249130132,0,1,False,1437,0.4629014396456257,0.0090466249130132,1423.920959676019,0.069056749343872,1423.920959676019,0.0090466249130132,1437,0.066526174545288
Chimpanzee,ENSG00000169717.fa,55,1437,0.0242750644683837,1423.920959676019,0.0090466249130132,0,1,False,1437,0.4852135815991237,0.0090466249130132,1423.920959676019,0.069056749343872,1423.920959676019,0.0090466249130132,1437,0.066526174545288
Chimpanzee,ENSG00000169717.fa,60,1437,0.0241434574127197,1423.920959676019,0.0090466249130132,0,1,False,1437,0.5070422535211268,0.0090466249130132,1423.920959676019,0.069056749343872,1423.920959676019,0.0090466249130132,1437,0.066526174545288
Chimpanzee,ENSG00000169717.fa,65,1437,0.0247700214385986,1423.920959676019,0.0090466249130132,0,1,False,1437,0.5284030010718114,0.0090466249130132,1423.920959676019,0.069056749343872,1423.920959676019,0.0090466249130132,1437,0.066526174545288
Chimpanzee,ENSG00000169717.fa,70,1437,0.0240418910980224,1423.920959676019,0.0090466249130132,0,1,False,1437,0.5493107104984094,0.0090466249130132,1423.920959676019,0.069056749343872,1423.920959676019,0.0090466249130132,1437,0.066526174545288
Chimpanzee,ENSG00000169717.fa,75,1437,0.0233800411224365,1423.920959676019,0.0090466249130132,0,1,False,1437,0.5697796432318993,0.0090466249130132,1423.920959676019,0.069056749343872,1423.920959676019,0.0090466249130132,1437,0.066526174545288
Chimpanzee,ENSG00000169717.fa,80,1437,0.0235569477081298,1423.920959676019,0.0090466249130132,0,1,False,1437,0.5898234683281411,0.0090466249130132,1423.920959676019,0.069056749343872,1423.920959676019,0.0090466249130132,1437,0.066526174545288
Chimpanzee,ENSG00000169717.fa,85,1437,0.0238633155822753,1423.920959676019,0.0090466249130132,0,1,False,1437,0.6094552929085304,0.0090466249130132,1423.920959676019,0.069056749343872,1423.920959676019,0.0090466249130132,1437,0.066526174545288
Chimpanzee,ENSG00000169717.fa,90,1437,0.0245542526245117,1423.920959676019,0.0090466249130132,0,1,False,1437,0.6286876907426246,0.0090466249130132,1423.920959676019,0.069056749343872,1423.920959676019,0.0090466249130132,1437,0.066526174545288
Chimpanzee,ENSG00000169717.fa,95,1437,0.1346285343170166,1423.920959676019,0.0090466249130132,0,1,False,1437,0.6475327291037261,0.0090466249130132,1423.920959676019,0.069056749343872,1423.920959676019,0.0090466249130132,1437,0.066526174545288
Chimpanzee,ENSG00000134249-0.fa,15,1469,0.029008150100708,1457.9447190992778,0.0074880871341048,0,1,False,1469,0.2037037037037037,0.0074880871341048,1457.9447190992778,0.070026159286499,1457.9447190992778,0.0074880871341048,1469,0.0661697387695312
Chimpanzee,ENSG00000134249-0.fa,20,1469,0.0301623344421386,1457.9447190992778,0.0074880871341048,0,1,False,1469,0.2613908872901679,0.0074880871341048,1457.9447190992778,0.070026159286499,1457.9447190992778,0.0074880871341048,1469,0.0661697387695312
Chimpanzee,ENSG00000134249-0.fa,25,1469,0.0295991897583007,1457.9447190992778,0.0074880871341048,0,1,False,1469,0.3129013426736718,0.0074880871341048,1457.9447190992778,0.070026159286499,1457.9447190992778,0.0074880871341048,1469,0.0661697387695312
Chimpanzee,ENSG00000134249-0.fa,30,1469,0.0267367362976074,1457.9447190992778,0.0074880871341048,0,1,False,1469,0.3617747440273038,0.0074880871341048,1457.9447190992778,0.070026159286499,1457.9447190992778,0.0074880871341048,1469,0.0661697387695312
Chimpanzee,ENSG00000134249-0.fa,35,1469,0.0274262428283691,1457.9447190992778,0.0074880871341048,0,1,False,1469,0.4082085413200221,0.0074880871341048,1457.9447190992778,0.070026159286499,1457.9447190992778,0.0074880871341048,1469,0.0661697387695312
Chimpanzee,ENSG00000134249-0.fa,40,1469,0.0297367572784423,1457.9447190992778,0.0074880871341048,0,1,False,1469,0.4515430427720628,0.0074880871341048,1457.9447190992778,0.070026159286499,1457.9447190992778,0.0074880871341048,1469,0.0661697387695312
Chimpanzee,ENSG00000134249-0.fa,45,1469,0.0252704620361328,1457.9447190992778,0.0074880871341048,0,1,False,1469,0.4896661367249603,0.0074880871341048,1457.9447190992778,0.070026159286499,1457.9447190992778,0.0074880871341048,1469,0.0661697387695312
Chimpanzee,ENSG00000134249-0.fa,50,1469,0.0246775150299072,1457.9447190992778,0.0074880871341048,0,1,False,1469,0.522372528616025,0.0074880871341048,1457.9447190992778,0.070026159286499,1457.9447190992778,0.0074880871341048,1469,0.0661697387695312
Chimpanzee,ENSG00000134249-0.fa,55,1469,0.0245561599731445,1457.9447190992778,0.0074880871341048,0,1,False,1469,0.5502049180327868,0.0074880871341048,1457.9447190992778,0.070026159286499,1457.9447190992778,0.0074880871341048,1469,0.0661697387695312
Chimpanzee,ENSG00000134249-0.fa,60,1469,0.0242633819580078,1457.9447190992778,0.0074880871341048,0,1,False,1469,0.5750378979282467,0.0074880871341048,1457.9447190992778,0.070026159286499,1457.9447190992778,0.0074880871341048,1469,0.0661697387695312
Chimpanzee,ENSG00000134249-0.fa,65,1469,0.0235562324523925,1457.9447190992778,0.0074880871341048,0,1,False,1469,0.5978043912175648,0.0074880871341048,1457.9447190992778,0.070026159286499,1457.9447190992778,0.0074880871341048,1469,0.0661697387695312
Chimpanzee,ENSG00000134249-0.fa,70,1469,0.2120563983917236,1457.9447190992778,0.0074880871341048,0,1,False,1469,0.6200098570724495,0.0074880871341048,1457.9447190992778,0.070026159286499,1457.9447190992778,0.0074880871341048,1469,0.0661697387695312
Chimpanzee,ENSG00000134249-0.fa,75,1469,0.0236799716949462,1457.9447190992778,0.0074880871341048,0,1,False,1469,0.6416747809152872,0.0074880871341048,1457.9447190992778,0.070026159286499,1457.9447190992778,0.0074880871341048,1469,0.0661697387695312
Chimpanzee,ENSG00000134249-0.fa,80,1469,0.0237886905670166,1457.9447190992778,0.0074880871341048,0,1,False,1469,0.6621751684311838,0.0074880871341048,1457.9447190992778,0.070026159286499,1457.9447190992778,0.0074880871341048,1469,0.0661697387695312
Chimpanzee,ENSG00000134249-0.fa,85,1469,0.0235216617584228,1457.9447190992778,0.0074880871341048,0,1,False,1469,0.6796949475691134,0.0074880871341048,1457.9447190992778,0.070026159286499,1457.9447190992778,0.0074880871341048,1469,0.0661697387695312
Chimpanzee,ENSG00000134249-0.fa,90,1469,0.0229496955871582,1457.9447190992778,0.0074880871341048,0,1,False,1469,0.6968838526912181,0.0074880871341048,1457.9447190992778,0.070026159286499,1457.9447190992778,0.0074880871341048,1469,0.0661697387695312
Chimpanzee,ENSG00000134249-0.fa,95,1469,0.0230805873870849,1457.9447190992778,0.0074880871341048,0,1,False,1469,0.7137511693171188,0.0074880871341048,1457.9447190992778,0.070026159286499,1457.9447190992778,0.0074880871341048,1469,0.0661697387695312
Chimpanzee,ENSG00000282608.fa,60,4506,0.0976960659027099,3402.614889934426,0.0085493656922228,3,4,True,1505,0.6750039080819135,0.0125319693094629,2760.586004137881,0.5517609119415283,3364.67532092658,0.0107193901858027,3282,0.5001819133758545
Chimpanzee,ENSG00000282608.fa,65,4506,0.0958955287933349,3402.614889934426,0.0082833476149671,3,4,True,1505,0.6932902431517389,0.0125319693094629,2760.586004137881,0.5517609119415283,3364.67532092658,0.0107193901858027,3282,0.5001819133758545
Chimpanzee,ENSG00000282608.fa,70,4506,0.2140140533447265,3402.614889934426,0.0082833476149671,3,4,True,1505,0.7094276605434948,0.0125319693094629,2760.586004137881,0.5517609119415283,3364.67532092658,0.0107193901858027,3282,0.5001819133758545
Chimpanzee,ENSG00000282608.fa,75,4506,0.0980610847473144,3402.614889934426,0.0082833476149671,3,4,True,1505,0.7240810202550638,0.0125319693094629,2760.586004137881,0.5517609119415283,3364.67532092658,0.0107193901858027,3282,0.5001819133758545
Chimpanzee,ENSG00000282608.fa,80,4506,0.0988550186157226,3364.67532092658,0.0067401960784313,3,4,True,1427,0.7360285374554103,0.0125319693094629,2760.586004137881,0.5517609119415283,3364.67532092658,0.0107193901858027,3282,0.5001819133758545
Chimpanzee,ENSG00000282608.fa,85,4506,0.2279520034790039,3364.67532092658,0.0069095477386934,3,3,True,1427,0.7454625940681718,0.0125319693094629,2760.586004137881,0.5517609119415283,3364.67532092658,0.0107193901858027,3282,0.5001819133758545
Chimpanzee,ENSG00000282608.fa,90,4506,0.1025872230529785,3364.67532092658,0.0069095477386934,3,3,True,1427,0.7544708296687188,0.0125319693094629,2760.586004137881,0.5517609119415283,3364.67532092658,0.0107193901858027,3282,0.5001819133758545
Chimpanzee,ENSG00000282608.fa,95,4506,0.1006433963775634,3364.67532092658,0.0069095477386934,3,3,True,1427,0.763361001893112,0.0125319693094629,2760.586004137881,0.5517609119415283,3364.67532092658,0.0107193901858027,3282,0.5001819133758545
Chimpanzee,ENSG00000116863.fa,35,5046,0.0900120735168457,1041.2944846363855,0.008080808080808,5,6,False,1584,0.4615147783251231,0.0093681482957942,4881.703997216702,1.2551755905151367,4856.728695561272,0.0089712918660287,3527,0.6576418876647949
Chimpanzee,ENSG00000116863.fa,40,5046,0.2097394466400146,1041.2944846363855,0.0077980710034886,5,6,False,1544,0.5004505857614899,0.0093681482957942,4881.703997216702,1.2551755905151367,4856.728695561272,0.0089712918660287,3527,0.6576418876647949
Chimpanzee,ENSG00000116863.fa,45,5046,0.0909442901611328,1041.2944846363855,0.0077980710034886,5,6,False,1544,0.5345283573317661,0.0093681482957942,4881.703997216702,1.2551755905151367,4856.728695561272,0.0089712918660287,3527,0.6576418876647949
Chimpanzee,ENSG00000116863.fa,50,5046,0.0898299217224121,1041.2944846363855,0.0077980710034886,5,6,False,1544,0.5648854961832062,0.0093681482957942,4881.703997216702,1.2551755905151367,4856.728695561272,0.0089712918660287,3527,0.6576418876647949
Chimpanzee,ENSG00000116863.fa,55,5046,0.2088942527770996,1041.2944846363855,0.0077980710034886,5,6,False,1544,0.5936705283978525,0.0093681482957942,4881.703997216702,1.2551755905151367,4856.728695561272,0.0089712918660287,3527,0.6576418876647949
Chimpanzee,ENSG00000116863.fa,60,5046,0.0893006324768066,1041.2944846363855,0.0070004242681374,5,6,False,1544,0.6202303316220341,0.0093681482957942,4881.703997216702,1.2551755905151367,4856.728695561272,0.0089712918660287,3527,0.6576418876647949
Chimpanzee,ENSG00000126070-0.fa,15,1060,0.0178914070129394,1056.9943253422748,0.0028301886792452,0,1,True,1060,0.0832562442183163,0.0028301886792452,1056.9943253422748,0.0405554771423339,1056.9943253422748,0.0028301886792452,1060,0.0359981060028076
Chimpanzee,ENSG00000126070-0.fa,20,1060,0.0180869102478027,1056.9943253422748,0.0028301886792452,0,1,True,1060,0.1094890510948904,0.0028301886792452,1056.9943253422748,0.0405554771423339,1056.9943253422748,0.0028301886792452,1060,0.0359981060028076
Chimpanzee,ENSG00000126070-0.fa,25,1060,0.0179107189178466,1056.9943253422748,0.0028301886792452,0,1,False,1060,0.135013501350135,0.0028301886792452,1056.9943253422748,0.0405554771423339,1056.9943253422748,0.0028301886792452,1060,0.0359981060028076
Chimpanzee,ENSG00000126070-0.fa,30,1060,0.0173690319061279,1056.9943253422748,0.0028301886792452,0,1,False,1060,0.1605709188224799,0.0028301886792452,1056.9943253422748,0.0405554771423339,1056.9943253422748,0.0028301886792452,1060,0.0359981060028076
Chimpanzee,ENSG00000126070-0.fa,35,1060,0.1491177082061767,1056.9943253422748,0.0028301886792452,0,1,False,1060,0.1856763925729443,0.0028301886792452,1056.9943253422748,0.0405554771423339,1056.9943253422748,0.0028301886792452,1060,0.0359981060028076
Chimpanzee,ENSG00000126070-0.fa,40,1060,0.0169084072113037,1056.9943253422748,0.0028301886792452,0,1,False,1060,0.2040457343887423,0.0028301886792452,1056.9943253422748,0.0405554771423339,1056.9943253422748,0.0028301886792452,1060,0.0359981060028076
Chimpanzee,ENSG00000126070-0.fa,45,1060,0.0175161361694335,1056.9943253422748,0.0028301886792452,0,1,False,1060,0.2206654991243433,0.0028301886792452,1056.9943253422748,0.0405554771423339,1056.9943253422748,0.0028301886792452,1060,0.0359981060028076
Chimpanzee,ENSG00000126070-0.fa,50,1060,0.0174174308776855,1056.9943253422748,0.0028301886792452,0,1,False,1060,0.2371403661726242,0.0028301886792452,1056.9943253422748,0.0405554771423339,1056.9943253422748,0.0028301886792452,1060,0.0359981060028076
Chimpanzee,ENSG00000126070-0.fa,55,1060,0.0171844959259033,1056.9943253422748,0.0028301886792452,0,1,False,1060,0.2534722222222222,0.0028301886792452,1056.9943253422748,0.0405554771423339,1056.9943253422748,0.0028301886792452,1060,0.0359981060028076
Chimpanzee,ENSG00000126070-0.fa,60,1060,0.0185270309448242,1056.9943253422748,0.0028301886792452,0,1,False,1060,0.2696629213483146,0.0028301886792452,1056.9943253422748,0.0405554771423339,1056.9943253422748,0.0028301886792452,1060,0.0359981060028076
Chimpanzee,ENSG00000126070-0.fa,65,1060,0.0172765254974365,1056.9943253422748,0.0028301886792452,0,1,False,1060,0.2857142857142857,0.0028301886792452,1056.9943253422748,0.0405554771423339,1056.9943253422748,0.0028301886792452,1060,0.0359981060028076
Chimpanzee,ENSG00000126070-0.fa,70,1060,0.0171132087707519,1056.9943253422748,0.0028301886792452,0,1,False,1060,0.3016281062553556,0.0028301886792452,1056.9943253422748,0.0405554771423339,1056.9943253422748,0.0028301886792452,1060,0.0359981060028076
Chimpanzee,ENSG00000126070-0.fa,75,1060,0.0171329975128173,1056.9943253422748,0.0028301886792452,0,1,False,1060,0.3174061433447098,0.0028301886792452,1056.9943253422748,0.0405554771423339,1056.9943253422748,0.0028301886792452,1060,0.0359981060028076
Chimpanzee,ENSG00000126070-0.fa,80,1060,0.0165801048278808,1056.9943253422748,0.0028301886792452,0,1,False,1060,0.3330501274426508,0.0028301886792452,1056.9943253422748,0.0405554771423339,1056.9943253422748,0.0028301886792452,1060,0.0359981060028076
Chimpanzee,ENSG00000126070-0.fa,85,1060,0.0161540508270263,1056.9943253422748,0.0028301886792452,0,1,False,1060,0.3485617597292724,0.0028301886792452,1056.9943253422748,0.0405554771423339,1056.9943253422748,0.0028301886792452,1060,0.0359981060028076
Chimpanzee,ENSG00000126070-0.fa,90,1060,0.0166435241699218,1056.9943253422748,0.0028301886792452,0,1,False,1060,0.3639427127211457,0.0028301886792452,1056.9943253422748,0.0405554771423339,1056.9943253422748,0.0028301886792452,1060,0.0359981060028076
Chimpanzee,ENSG00000126070-0.fa,95,1060,0.0162205696105957,1056.9943253422748,0.0028301886792452,0,1,False,1060,0.3791946308724832,0.0028301886792452,1056.9943253422748,0.0405554771423339,1056.9943253422748,0.0028301886792452,1060,0.0359981060028076
Chimpanzee,ENSG00000186094-1.fa,50,11335,0.210160493850708,10993.112099332657,0.0091872128995968,10,11,False,4073,0.611689993217831,0.0109013560223344,10990.097331182506,7.29657244682312,10916.19738291967,0.0102836879432624,9180,3.260664701461792
Chimpanzee,ENSG00000186094-1.fa,55,11335,0.3532328605651855,10993.112099332657,0.0090866067203028,10,11,False,4073,0.6397316571981144,0.0109013560223344,10990.097331182506,7.29657244682312,10916.19738291967,0.0102836879432624,9180,3.260664701461792
Chimpanzee,ENSG00000186094-1.fa,60,11335,0.3424086570739746,10993.112099332657,0.0090866067203028,10,11,False,4073,0.6661330487371042,0.0109013560223344,10990.097331182506,7.29657244682312,10916.19738291967,0.0102836879432624,9180,3.260664701461792
Chimpanzee,ENSG00000186094-1.fa,65,11335,0.3324263095855713,10993.112099332657,0.0090306465558651,9,10,False,4073,0.6897978208937832,0.0109013560223344,10990.097331182506,7.29657244682312,10916.19738291967,0.0102836879432624,9180,3.260664701461792
Chimpanzee,ENSG00000186094-1.fa,70,11335,0.2134771347045898,10993.112099332657,0.0090306465558651,9,10,False,4073,0.7102197739140415,0.0109013560223344,10990.097331182506,7.29657244682312,10916.19738291967,0.0102836879432624,9180,3.260664701461792
Chimpanzee,ENSG00000186094-1.fa,75,11335,0.3597278594970703,10991.11201987343,0.0088815147374585,9,10,False,4073,0.7285948729556901,0.0109013560223344,10990.097331182506,7.29657244682312,10916.19738291967,0.0102836879432624,9180,3.260664701461792
Chimpanzee,ENSG00000186094-1.fa,80,11335,0.3382563591003418,10991.11201987343,0.0088521687813514,9,10,False,4073,0.7452788021007934,0.0109013560223344,10990.097331182506,7.29657244682312,10916.19738291967,0.0102836879432624,9180,3.260664701461792
Chimpanzee,ENSG00000186094-1.fa,85,11335,0.2083587646484375,10991.11201987343,0.0089232599643069,8,9,False,4073,0.7608611647805685,0.0109013560223344,10990.097331182506,7.29657244682312,10916.19738291967,0.0102836879432624,9180,3.260664701461792
Chimpanzee,ENSG00000186094-1.fa,90,11335,0.3564233779907226,10991.11201987343,0.0089232599643069,8,9,False,4073,0.7756739059260067,0.0109013560223344,10990.097331182506,7.29657244682312,10916.19738291967,0.0102836879432624,9180,3.260664701461792
Chimpanzee,ENSG00000186094-1.fa,95,11335,0.3354325294494629,10991.11201987343,0.0088052831699019,8,9,False,4073,0.7894964106439251,0.0109013560223344,10990.097331182506,7.29657244682312,10916.19738291967,0.0102836879432624,9180,3.260664701461792
Chimpanzee,ENSG00000188157-0.fa,15,3340,0.0476164817810058,-1150.0291205556084,0.0063176895306859,1,2,True,707,0.705704799275581,0.0071492403932082,-1152.03837333475,0.1820788383483886,-1150.0291205556084,0.0062056737588652,1023,0.1040434837341308
Chimpanzee,ENSG00000188157-0.fa,20,3340,0.2030184268951416,-1150.0291205556084,0.0063176895306859,1,2,True,707,0.7210068924183398,0.0071492403932082,-1152.03837333475,0.1820788383483886,-1150.0291205556084,0.0062056737588652,1023,0.1040434837341308
Chimpanzee,ENSG00000188157-0.fa,25,3340,0.0470869541168212,-1150.0291205556084,0.0063176895306859,1,2,True,707,0.7323187108325873,0.0071492403932082,-1152.03837333475,0.1820788383483886,-1150.0291205556084,0.0062056737588652,1023,0.1040434837341308
Chimpanzee,ENSG00000188157-0.fa,30,3340,0.0456063747406005,-1150.0291205556084,0.0063176895306859,1,2,True,707,0.7420410592085689,0.0071492403932082,-1152.03837333475,0.1820788383483886,-1150.0291205556084,0.0062056737588652,1023,0.1040434837341308
Chimpanzee,ENSG00000188157-0.fa,35,3340,0.0469739437103271,-1150.0291205556084,0.0063176895306859,1,2,True,707,0.7517057253040641,0.0071492403932082,-1152.03837333475,0.1820788383483886,-1150.0291205556084,0.0062056737588652,1023,0.1040434837341308
Chimpanzee,ENSG00000188157-0.fa,40,3340,0.1456525325775146,-1150.0291205556084,0.0063176895306859,1,2,True,707,0.7613132209405501,0.0071492403932082,-1152.03837333475,0.1820788383483886,-1150.0291205556084,0.0062056737588652,1023,0.1040434837341308
Chimpanzee,ENSG00000188157-0.fa,45,3340,0.0459566116333007,-1150.0291205556084,0.0063176895306859,1,2,True,707,0.7701386839775746,0.0071492403932082,-1152.03837333475,0.1820788383483886,-1150.0291205556084,0.0062056737588652,1023,0.1040434837341308
Chimpanzee,ENSG00000188157-0.fa,50,3340,0.0458712577819824,-1150.0291205556084,0.0063176895306859,1,2,True,707,0.7760401298318088,0.0071492403932082,-1152.03837333475,0.1820788383483886,-1150.0291205556084,0.0062056737588652,1023,0.1040434837341308
Chimpanzee,ENSG00000188157-0.fa,55,3340,0.0453343391418457,-1150.0291205556084,0.0063176895306859,1,2,True,707,0.7819415756860431,0.0071492403932082,-1152.03837333475,0.1820788383483886,-1150.0291205556084,0.0062056737588652,1023,0.1040434837341308
Chimpanzee,ENSG00000188157-0.fa,60,3340,0.0459587574005126,-1150.0291205556084,0.0063176895306859,1,2,True,707,0.7878430215402774,0.0071492403932082,-1152.03837333475,0.1820788383483886,-1150.0291205556084,0.0062056737588652,1023,0.1040434837341308
Chimpanzee,ENSG00000188157-0.fa,65,3340,0.1534225940704345,-1150.0291205556084,0.0063176895306859,1,2,True,707,0.7937444673945117,0.0071492403932082,-1152.03837333475,0.1820788383483886,-1150.0291205556084,0.0062056737588652,1023,0.1040434837341308
Chimpanzee,ENSG00000188157-1.fa,15,1061,0.0202822685241699,1044.8369562309342,0.0150801131008482,0,1,False,1061,0.3485804416403786,0.0150801131008482,1044.8369562309342,0.039466381072998,1044.8369562309342,0.0150801131008482,1061,0.0373187065124511
Chimpanzee,ENSG00000188157-1.fa,20,1061,0.0202071666717529,1044.8369562309342,0.0150801131008482,0,1,False,1061,0.436609152288072,0.0150801131008482,1044.8369562309342,0.039466381072998,1044.8369562309342,0.0150801131008482,1061,0.0373187065124511
Chimpanzee,ENSG00000188157-1.fa,25,1061,0.0195758342742919,1044.8369562309342,0.0150801131008482,0,1,False,1061,0.5164520743919885,0.0150801131008482,1044.8369562309342,0.039466381072998,1044.8369562309342,0.0150801131008482,1061,0.0373187065124511
Chimpanzee,ENSG00000188157-1.fa,30,1061,0.0189003944396972,1044.8369562309342,0.0150801131008482,0,1,False,1061,0.5872689938398357,0.0150801131008482,1044.8369562309342,0.039466381072998,1044.8369562309342,0.0150801131008482,1061,0.0373187065124511
Chimpanzee,ENSG00000188157-1.fa,35,1061,0.0188686847686767,1044.8369562309342,0.0150801131008482,0,1,False,1061,0.6451187335092348,0.0150801131008482,1044.8369562309342,0.039466381072998,1044.8369562309342,0.0150801131008482,1061,0.0373187065124511
Chimpanzee,ENSG00000188157-1.fa,40,1061,0.0184607505798339,1044.8369562309342,0.0150801131008482,0,1,False,1061,0.6989178866963717,0.0150801131008482,1044.8369562309342,0.039466381072998,1044.8369562309342,0.0150801131008482,1061,0.0373187065124511
Chimpanzee,ENSG00000188157-1.fa,45,1061,0.0183258056640625,1044.8369562309342,0.0150801131008482,0,1,False,1061,0.7490774907749078,0.0150801131008482,1044.8369562309342,0.039466381072998,1044.8369562309342,0.0150801131008482,1061,0.0373187065124511
Chimpanzee,ENSG00000188157-1.fa,50,1061,0.0177836418151855,1044.8369562309342,0.0150801131008482,0,1,False,1061,0.7938021454112039,0.0150801131008482,1044.8369562309342,0.039466381072998,1044.8369562309342,0.0150801131008482,1061,0.0373187065124511
Chimpanzee,ENSG00000188157-1.fa,55,1061,0.0170614719390869,1044.8369562309342,0.0150801131008482,0,1,False,1061,0.8263403263403264,0.0150801131008482,1044.8369562309342,0.039466381072998,1044.8369562309342,0.0150801131008482,1061,0.0373187065124511
Chimpanzee,ENSG00000153207-0.fa,15,1134,0.0206141471862792,986.4448681590684,0.0045998160073597,6,7,False,410,0.3001531393568146,0.0098920863309352,980.9268137974814,0.0442736148834228,1010.9269463570936,0.0098743267504488,608,0.0383150577545166
Chimpanzee,ENSG00000153207-0.fa,20,1134,0.0197706222534179,986.4448681590684,0.0045998160073597,6,7,False,410,0.3702064896755161,0.0098920863309352,980.9268137974814,0.0442736148834228,1010.9269463570936,0.0098743267504488,608,0.0383150577545166
Chimpanzee,ENSG00000153207-0.fa,25,1134,0.0222940444946289,982.4381112709084,0.0037523452157598,6,7,False,410,0.4308131241084165,0.0098920863309352,980.9268137974814,0.0442736148834228,1010.9269463570936,0.0098743267504488,608,0.0383150577545166
Chimpanzee,ENSG00000153207-0.fa,30,1134,0.02305269241333,982.4381112709084,0.0037523452157598,6,7,False,410,0.4865238424326192,0.0098920863309352,980.9268137974814,0.0442736148834228,1010.9269463570936,0.0098743267504488,608,0.0383150577545166
Chimpanzee,ENSG00000153207-0.fa,35,1134,0.0226569175720214,982.4381112709084,0.0037523452157598,6,7,False,410,0.5388739946380697,0.0098920863309352,980.9268137974814,0.0442736148834228,1010.9269463570936,0.0098743267504488,608,0.0383150577545166
Chimpanzee,ENSG00000177674-0.fa,70,11495,0.2406001091003418,11040.862862856611,0.0097864768683274,8,7,False,4750,0.7281954048628151,0.0125819134993446,11053.778455371234,7.479712963104248,10990.92751610529,0.0117914228316883,7155,3.354300737380981
Chimpanzee,ENSG00000177674-0.fa,75,11495,0.3782508373260498,11040.862862856611,0.0097560975609756,8,7,False,4750,0.7466461403122938,0.0125819134993446,11053.778455371234,7.479712963104248,10990.92751610529,0.0117914228316883,7155,3.354300737380981
Chimpanzee,ENSG00000177674-0.fa,80,11495,0.35951828956604,11040.862862856611,0.0097311396468699,8,7,False,4750,0.7638474475126132,0.0125819134993446,11053.778455371234,7.479712963104248,10990.92751610529,0.0117914228316883,7155,3.354300737380981
Chimpanzee,ENSG00000177674-0.fa,85,11495,0.224461555480957,11040.862862856611,0.0097311396468699,8,7,False,4750,0.7797481918028395,0.0125819134993446,11053.778455371234,7.479712963104248,10990.92751610529,0.0117914228316883,7155,3.354300737380981
Chimpanzee,ENSG00000177674-0.fa,90,11495,0.3779134750366211,11040.862862856611,0.0095629820051413,8,7,False,4750,0.7944929838496161,0.0125819134993446,11053.778455371234,7.479712963104248,10990.92751610529,0.0117914228316883,7155,3.354300737380981
Chimpanzee,ENSG00000177674-0.fa,95,11495,0.3588237762451172,11040.862862856611,0.009463394342762,8,7,False,4750,0.8083368244658568,0.0125819134993446,11053.778455371234,7.479712963104248,10990.92751610529,0.0117914228316883,7155,3.354300737380981
Chimpanzee,ENSG00000154027-0.fa,15,728,0.0132076740264892,722.9769654934607,0.0068681318681318,0,1,False,728,0.1739130434782608,0.0068681318681318,722.9769654934607,0.0233604907989501,722.9769654934607,0.0068681318681318,728,0.0198369026184082
Chimpanzee,ENSG00000154027-0.fa,20,728,0.0132992267608642,722.9769654934607,0.0068681318681318,0,1,False,728,0.2208281053952321,0.0068681318681318,722.9769654934607,0.0233604907989501,722.9769654934607,0.0068681318681318,728,0.0198369026184082
Chimpanzee,ENSG00000154027-0.fa,25,728,0.012646198272705,722.9769654934607,0.0068681318681318,0,1,False,728,0.2660098522167488,0.0068681318681318,722.9769654934607,0.0233604907989501,722.9769654934607,0.0068681318681318,728,0.0198369026184082
Chimpanzee,ENSG00000154027-0.fa,30,728,0.0138044357299804,722.9769654934607,0.0068681318681318,0,1,False,728,0.3095525997581621,0.0068681318681318,722.9769654934607,0.0233604907989501,722.9769654934607,0.0068681318681318,728,0.0198369026184082
Chimpanzee,ENSG00000154027-0.fa,35,728,0.0123810768127441,722.9769654934607,0.0068681318681318,0,1,False,728,0.351543942992874,0.0068681318681318,722.9769654934607,0.0233604907989501,722.9769654934607,0.0068681318681318,728,0.0198369026184082
Chimpanzee,ENSG00000154027-0.fa,40,728,0.0131697654724121,722.9769654934607,0.0068681318681318,0,1,False,728,0.3826291079812206,0.0068681318681318,722.9769654934607,0.0233604907989501,722.9769654934607,0.0068681318681318,728,0.0198369026184082
Chimpanzee,ENSG00000154027-0.fa,45,728,0.0121722221374511,722.9769654934607,0.0068681318681318,0,1,False,728,0.4129930394431554,0.0068681318681318,722.9769654934607,0.0233604907989501,722.9769654934607,0.0068681318681318,728,0.0198369026184082
Chimpanzee,ENSG00000154027-0.fa,50,728,0.0121049880981445,722.9769654934607,0.0068681318681318,0,1,False,728,0.4426605504587155,0.0068681318681318,722.9769654934607,0.0233604907989501,722.9769654934607,0.0068681318681318,728,0.0198369026184082
Chimpanzee,ENSG00000154027-0.fa,55,728,0.0126187801361083,722.9769654934607,0.0068681318681318,0,1,False,728,0.4716553287981859,0.0068681318681318,722.9769654934607,0.0233604907989501,722.9769654934607,0.0068681318681318,728,0.0198369026184082
Chimpanzee,ENSG00000154027-0.fa,60,728,0.0136575698852539,722.9769654934607,0.0068681318681318,0,1,False,728,0.5,0.0068681318681318,722.9769654934607,0.0233604907989501,722.9769654934607,0.0068681318681318,728,0.0198369026184082
Chimpanzee,ENSG00000154027-0.fa,65,728,0.0126166343688964,722.9769654934607,0.0068681318681318,0,1,False,728,0.5277161862527716,0.0068681318681318,722.9769654934607,0.0233604907989501,722.9769654934607,0.0068681318681318,728,0.0198369026184082
Chimpanzee,ENSG00000154027-0.fa,70,728,0.0112397670745849,722.9769654934607,0.0068681318681318,0,1,False,728,0.553238199780461,0.0068681318681318,722.9769654934607,0.0233604907989501,722.9769654934607,0.0068681318681318,728,0.0198369026184082
Chimpanzee,ENSG00000154027-0.fa,75,728,0.0120232105255126,722.9769654934607,0.0068681318681318,0,1,False,728,0.5720524017467249,0.0068681318681318,722.9769654934607,0.0233604907989501,722.9769654934607,0.0068681318681318,728,0.0198369026184082
Chimpanzee,ENSG00000154027-0.fa,80,728,0.0125532150268554,722.9769654934607,0.0068681318681318,0,1,False,728,0.5906623235613464,0.0068681318681318,722.9769654934607,0.0233604907989501,722.9769654934607,0.0068681318681318,728,0.0198369026184082
Chimpanzee,ENSG00000154027-0.fa,85,728,0.0131065845489501,722.9769654934607,0.0068681318681318,0,1,False,728,0.6090712742980562,0.0068681318681318,722.9769654934607,0.0233604907989501,722.9769654934607,0.0068681318681318,728,0.0198369026184082
Chimpanzee,ENSG00000154027-0.fa,90,728,0.0106432437896728,722.9769654934607,0.0068681318681318,0,1,False,728,0.6272824919441461,0.0068681318681318,722.9769654934607,0.0233604907989501,722.9769654934607,0.0068681318681318,728,0.0198369026184082
Chimpanzee,ENSG00000154027-0.fa,95,728,0.0112123489379882,722.9769654934607,0.0068681318681318,0,1,False,728,0.6409431939978564,0.0068681318681318,722.9769654934607,0.0233604907989501,722.9769654934607,0.0068681318681318,728,0.0198369026184082
Chimpanzee,ENSG00000174574-0.fa,90,6894,0.1326370239257812,6620.533413534753,0.0079823369565217,6,7,False,2124,0.7561601172483283,0.0105263157894736,6522.489958903939,2.3012900352478027,6618.533344934518,0.010053912283258,4122,1.222954511642456
Chimpanzee,ENSG00000174574-0.fa,95,6894,0.2481329441070556,6620.533413534753,0.0079378774805867,6,7,False,2124,0.7694749251836401,0.0105263157894736,6522.489958903939,2.3012900352478027,6618.533344934518,0.010053912283258,4122,1.222954511642456
Chimpanzee,ENSG00000174574-1.fa,30,7938,0.2852959632873535,-206.0,0.0084525357607282,11,12,True,2591,0.4568288854003139,0.0110546378653113,7544.352460176659,3.063687324523926,7493.396709924314,0.010670731707317,6714,1.5832886695861816
Chimpanzee,ENSG00000053371-1.fa,10,273,0.0040385723114013,-32.00528637639525,0.0078740157480314,1,1,False,127,0.6058394160583942,0.0078740157480314,-32.00528637639525,0.0048491954803466,-32.00528637639525,0.0078740157480314,127,0.0042176246643066
Chimpanzee,ENSG00000053371-1.fa,15,273,0.0032379627227783,-32.00528637639525,0.0078740157480314,1,1,False,127,0.6423357664233577,0.0078740157480314,-32.00528637639525,0.0048491954803466,-32.00528637639525,0.0078740157480314,127,0.0042176246643066
Chimpanzee,ENSG00000053371-1.fa,20,273,0.0031042098999023,-32.00528637639525,0.0078740157480314,1,1,False,127,0.6788321167883211,0.0078740157480314,-32.00528637639525,0.0048491954803466,-32.00528637639525,0.0078740157480314,127,0.0042176246643066
Chimpanzee,ENSG00000053371-1.fa,25,273,0.0055184364318847,-32.00528637639525,0.0,1,1,False,103,0.7106227106227105,0.0078740157480314,-32.00528637639525,0.0048491954803466,-32.00528637639525,0.0078740157480314,127,0.0042176246643066
Chimpanzee,ENSG00000053371-1.fa,30,273,0.0052282810211181,-32.00528637639525,0.0,1,1,False,103,0.7238805970149254,0.0078740157480314,-32.00528637639525,0.0048491954803466,-32.00528637639525,0.0078740157480314,127,0.0042176246643066
Chimpanzee,ENSG00000053371-1.fa,35,273,0.0059955120086669,-32.00528637639525,0.0,1,1,False,103,0.7376425855513308,0.0078740157480314,-32.00528637639525,0.0048491954803466,-32.00528637639525,0.0078740157480314,127,0.0042176246643066
Chimpanzee,ENSG00000053371-1.fa,40,273,0.0049498081207275,-32.00528637639525,0.0,1,1,False,103,0.751937984496124,0.0078740157480314,-32.00528637639525,0.0048491954803466,-32.00528637639525,0.0078740157480314,127,0.0042176246643066
Chimpanzee,ENSG00000053371-1.fa,45,273,0.0047919750213623,-32.00528637639525,0.0,1,1,False,103,0.766798418972332,0.0078740157480314,-32.00528637639525,0.0048491954803466,-32.00528637639525,0.0078740157480314,127,0.0042176246643066
Chimpanzee,ENSG00000053371-1.fa,50,273,0.0049340724945068,-32.00528637639525,0.0,1,1,False,103,0.782258064516129,0.0078740157480314,-32.00528637639525,0.0048491954803466,-32.00528637639525,0.0078740157480314,127,0.0042176246643066
Chimpanzee,ENSG00000053371-1.fa,55,273,0.0049569606781005,-32.00528637639525,0.0,1,1,False,103,0.7983539094650206,0.0078740157480314,-32.00528637639525,0.0048491954803466,-32.00528637639525,0.0078740157480314,127,0.0042176246643066
Chimpanzee,ENSG00000053371-1.fa,60,273,0.0047330856323242,-32.00528637639525,0.0,1,1,False,103,0.8151260504201681,0.0078740157480314,-32.00528637639525,0.0048491954803466,-32.00528637639525,0.0078740157480314,127,0.0042176246643066
Chimpanzee,ENSG00000053371-1.fa,65,273,0.005805492401123,-32.00528637639525,0.0,1,1,False,103,0.8326180257510729,0.0078740157480314,-32.00528637639525,0.0048491954803466,-32.00528637639525,0.0078740157480314,127,0.0042176246643066
Chimpanzee,ENSG00000053371-1.fa,70,273,0.004685640335083,-32.00528637639525,0.0,1,1,False,103,0.8508771929824561,0.0078740157480314,-32.00528637639525,0.0048491954803466,-32.00528637639525,0.0078740157480314,127,0.0042176246643066
Chimpanzee,ENSG00000053371-1.fa,75,273,0.0045795440673828,-32.00528637639525,0.0,1,1,False,103,0.8699551569506727,0.0078740157480314,-32.00528637639525,0.0048491954803466,-32.00528637639525,0.0078740157480314,127,0.0042176246643066
Chimpanzee,ENSG00000053371-1.fa,80,273,0.0048303604125976,-32.00528637639525,0.0,1,1,False,103,0.8899082568807339,0.0078740157480314,-32.00528637639525,0.0048491954803466,-32.00528637639525,0.0078740157480314,127,0.0042176246643066
Chimpanzee,ENSG00000053371-1.fa,85,273,0.0045793056488037,-32.00528637639525,0.0,1,1,False,103,0.9107981220657276,0.0078740157480314,-32.00528637639525,0.0048491954803466,-32.00528637639525,0.0078740157480314,127,0.0042176246643066
Chimpanzee,ENSG00000053371-1.fa,90,273,0.0044796466827392,-32.00528637639525,0.0,1,1,False,103,0.9326923076923076,0.0078740157480314,-32.00528637639525,0.0048491954803466,-32.00528637639525,0.0078740157480314,127,0.0042176246643066
Chimpanzee,ENSG00000053371-1.fa,95,273,0.0046401023864746,-32.00528637639525,0.0,1,1,False,103,0.9556650246305418,0.0078740157480314,-32.00528637639525,0.0048491954803466,-32.00528637639525,0.0078740157480314,127,0.0042176246643066
Chimpanzee,ENSG00000117448-1.fa,70,10161,0.175722599029541,5867.687321147698,0.0043283797431828,10,10,False,2213,0.6807268481354448,0.0091799265605875,723.6297788555548,4.676515579223633,5833.686671230488,0.0075297546757347,5088,2.127993106842041
Chimpanzee,ENSG00000117448-1.fa,75,10161,0.3130934238433838,5867.687321147698,0.0043283797431828,10,10,False,2213,0.6956082057208899,0.0091799265605875,723.6297788555548,4.676515579223633,5833.686671230488,0.0075297546757347,5088,2.127993106842041
Chimpanzee,ENSG00000117448-1.fa,80,10161,0.3052361011505127,5867.687321147698,0.0043283797431828,10,10,False,2213,0.7096358823950211,0.0091799265605875,723.6297788555548,4.676515579223633,5833.686671230488,0.0075297546757347,5088,2.127993106842041
Chimpanzee,ENSG00000117448-1.fa,85,10161,0.1783118247985839,5867.687321147698,0.0042360502483201,10,10,False,2213,0.7233952104293608,0.0091799265605875,723.6297788555548,4.676515579223633,5833.686671230488,0.0075297546757347,5088,2.127993106842041
Chimpanzee,ENSG00000117448-1.fa,90,10161,0.3258004188537597,5867.687321147698,0.0040847201210287,9,9,False,2213,0.7357403765102557,0.0091799265605875,723.6297788555548,4.676515579223633,5833.686671230488,0.0075297546757347,5088,2.127993106842041
Chimpanzee,ENSG00000117448-1.fa,95,10161,0.1951355934143066,5867.687321147698,0.0040847201210287,9,9,False,2213,0.7472649989547766,0.0091799265605875,723.6297788555548,4.676515579223633,5833.686671230488,0.0075297546757347,5088,2.127993106842041
Chimpanzee,ENSG00000162482.fa,45,6239,0.1302571296691894,5924.117339797365,0.011551724137931,8,9,False,1585,0.6359818764504366,0.0158548545276234,5656.960036880173,1.892567157745361,5866.193734291564,0.0138888888888888,3306,0.9859378337860109
Chimpanzee,ENSG00000162482.fa,50,6239,0.2492477893829345,5924.117339797365,0.0112497802777289,8,9,False,1585,0.6646816803811173,0.0158548545276234,5656.960036880173,1.892567157745361,5866.193734291564,0.0138888888888888,3306,0.9859378337860109
Chimpanzee,ENSG00000162482.fa,55,6239,0.1200418472290039,5916.116762304512,0.0109436670254754,8,9,False,1531,0.6909921393669003,0.0158548545276234,5656.960036880173,1.892567157745361,5866.193734291564,0.0138888888888888,3306,0.9859378337860109
Chimpanzee,ENSG00000162482.fa,60,6239,0.2420582771301269,5891.155689348999,0.0105588931367194,8,9,False,1531,0.7151205259313367,0.0158548545276234,5656.960036880173,1.892567157745361,5866.193734291564,0.0138888888888888,3306,0.9859378337860109
Chimpanzee,ENSG00000162482.fa,65,6239,0.1225209236145019,5891.155689348999,0.0099811676082862,8,9,False,1531,0.7363393590797043,0.0158548545276234,5656.960036880173,1.892567157745361,5866.193734291564,0.0138888888888888,3306,0.9859378337860109
Chimpanzee,ENSG00000162482.fa,70,6239,0.2681992053985595,5891.155689348999,0.0099160945842868,8,9,False,1531,0.7560210483707751,0.0158548545276234,5656.960036880173,1.892567157745361,5866.193734291564,0.0138888888888888,3306,0.9859378337860109
Chimpanzee,ENSG00000162482.fa,75,6239,0.1314928531646728,5866.193734291564,0.0094358562537643,7,8,False,1531,0.7740293442459327,0.0158548545276234,5656.960036880173,1.892567157745361,5866.193734291564,0.0138888888888888,3306,0.9859378337860109
Chimpanzee,ENSG00000162482.fa,80,6239,0.2661848068237304,5866.193734291564,0.0093839249286005,7,8,False,1531,0.790599132834056,0.0158548545276234,5656.960036880173,1.892567157745361,5866.193734291564,0.0138888888888888,3306,0.9859378337860109
Chimpanzee,ENSG00000162482.fa,85,6239,0.1370854377746582,5866.193734291564,0.0093399750933997,7,8,False,1531,0.8061721183800623,0.0158548545276234,5656.960036880173,1.892567157745361,5866.193734291564,0.0138888888888888,3306,0.9859378337860109
Chimpanzee,ENSG00000162482.fa,90,6239,0.2677464485168457,5866.193734291564,0.0093399750933997,7,8,False,1531,0.8209199384141648,0.0158548545276234,5656.960036880173,1.892567157745361,5866.193734291564,0.0138888888888888,3306,0.9859378337860109
Chimpanzee,ENSG00000162482.fa,95,6239,0.1354472637176513,5866.193734291564,0.0093399750933997,7,8,False,1531,0.8349985726520126,0.0158548545276234,5656.960036880173,1.892567157745361,5866.193734291564,0.0138888888888888,3306,0.9859378337860109
Chimpanzee,ENSG00000053371-0.fa,50,9900,0.3040759563446045,9500.375038416883,0.0137265415549597,15,16,False,2291,0.7170906718851924,0.0157152996045827,9451.353038417496,5.682537317276001,9450.458604107813,0.015205271160669,7285,2.485579490661621
Chimpanzee,ENSG00000053371-0.fa,55,9900,0.3090369701385498,9500.375038416883,0.0134838851129138,15,16,False,2291,0.7463647959183674,0.0157152996045827,9451.353038417496,5.682537317276001,9450.458604107813,0.015205271160669,7285,2.485579490661621
Chimpanzee,ENSG00000053371-0.fa,60,9900,0.1971189975738525,9500.375038416883,0.0134828914570586,13,14,False,2232,0.7702947987732365,0.0157152996045827,9451.353038417496,5.682537317276001,9450.458604107813,0.015205271160669,7285,2.485579490661621
Chimpanzee,ENSG00000053371-0.fa,65,9900,0.3227338790893554,9500.375038416883,0.0128862904188044,13,13,False,2232,0.7908251231527094,0.0157152996045827,9451.353038417496,5.682537317276001,9450.458604107813,0.015205271160669,7285,2.485579490661621
Chimpanzee,ENSG00000053371-0.fa,70,9900,0.1942219734191894,9500.375038416883,0.0120392205535559,13,13,False,2232,0.8092580234180671,0.0157152996045827,9451.353038417496,5.682537317276001,9450.458604107813,0.015205271160669,7285,2.485579490661621
Chimpanzee,ENSG00000053371-0.fa,75,9900,0.3544580936431885,9500.375038416883,0.0114705503286506,12,12,False,2232,0.8256106321839081,0.0157152996045827,9451.353038417496,5.682537317276001,9450.458604107813,0.015205271160669,7285,2.485579490661621
Chimpanzee,ENSG00000053371-0.fa,80,9900,0.3106734752655029,9500.375038416883,0.0113636363636363,11,11,False,2118,0.8398224852071006,0.0157152996045827,9451.353038417496,5.682537317276001,9450.458604107813,0.015205271160669,7285,2.485579490661621
Chimpanzee,ENSG00000053371-0.fa,85,9900,0.3373377323150635,9500.375038416883,0.0112359550561797,11,11,False,2118,0.8520297580692402,0.0157152996045827,9451.353038417496,5.682537317276001,9450.458604107813,0.015205271160669,7285,2.485579490661621
Chimpanzee,ENSG00000053371-0.fa,90,9900,0.2074880599975586,9500.375038416883,0.0113697888467785,10,10,False,2118,0.8630057467928252,0.0157152996045827,9451.353038417496,5.682537317276001,9450.458604107813,0.015205271160669,7285,2.485579490661621
Chimpanzee,ENSG00000053371-0.fa,95,9900,0.3448381423950195,9500.375038416883,0.0113697888467785,10,10,False,2118,0.8731364761411385,0.0157152996045827,9451.353038417496,5.682537317276001,9450.458604107813,0.015205271160669,7285,2.485579490661621
Chimpanzee,ENSG00000211454-1.fa,60,1454,0.0262465476989746,1406.9216195270783,0.0086830680173661,2,2,False,826,0.5695942475603493,0.0089717046238785,1406.9216195270783,0.0675680637359619,1406.9216195270783,0.0089717046238785,1323,0.0633060932159423
Chimpanzee,ENSG00000211454-0.fa,30,6977,0.449324369430542,2824.298986988216,0.021180712032447,9,10,False,913,0.7950410274705673,0.0519419747309312,3351.90720241132,2.3223180770874023,2731.564995702736,0.0276134122287968,1608,1.1666927337646484
Chimpanzee,ENSG00000211454-0.fa,35,6977,0.3070580959320068,2824.298986988216,0.0210064635272391,8,9,False,913,0.8235294117647058,0.0519419747309312,3351.90720241132,2.3223180770874023,2731.564995702736,0.0276134122287968,1608,1.1666927337646484
Chimpanzee,ENSG00000211454-0.fa,40,6977,0.4277019500732422,2799.377345251324,0.0199423354156655,8,9,False,802,0.847008547008547,0.0519419747309312,3351.90720241132,2.3223180770874023,2731.564995702736,0.0276134122287968,1608,1.1666927337646484
Chimpanzee,ENSG00000211454-0.fa,45,6977,0.4251148700714111,2799.377345251324,0.0194739504299443,8,9,False,802,0.865415369076677,0.0519419747309312,3351.90720241132,2.3223180770874023,2731.564995702736,0.0276134122287968,1608,1.1666927337646484
Chimpanzee,ENSG00000211454-0.fa,50,6977,0.3141746520996094,2799.377345251324,0.0182960131075914,8,9,False,653,0.8801130695044895,0.0519419747309312,3351.90720241132,2.3223180770874023,2731.564995702736,0.0276134122287968,1608,1.1666927337646484
Chimpanzee,ENSG00000211454-0.fa,55,6977,0.4423325061798095,2799.377345251324,0.0182072829131652,8,9,False,653,0.8933651237359204,0.0519419747309312,3351.90720241132,2.3223180770874023,2731.564995702736,0.0276134122287968,1608,1.1666927337646484
Chimpanzee,ENSG00000211454-0.fa,60,6977,0.3418765068054199,2756.4886553467704,0.0150111785372085,8,9,False,622,0.9050797785737544,0.0519419747309312,3351.90720241132,2.3223180770874023,2731.564995702736,0.0276134122287968,1608,1.1666927337646484
Chimpanzee,ENSG00000211454-0.fa,65,6977,0.4615304470062256,2756.4886553467704,0.0144784468575189,8,9,False,622,0.9146410401356698,0.0519419747309312,3351.90720241132,2.3223180770874023,2731.564995702736,0.0276134122287968,1608,1.1666927337646484
Chimpanzee,ENSG00000211454-0.fa,70,6977,0.4664978981018066,2756.4886553467704,0.0138543516873889,8,9,False,622,0.9229288635816826,0.0519419747309312,3351.90720241132,2.3223180770874023,2731.564995702736,0.0276134122287968,1608,1.1666927337646484
Chimpanzee,ENSG00000211454-0.fa,75,6977,0.3936018943786621,2756.4886553467704,0.011023622047244,7,8,False,622,0.9295684773071708,0.0519419747309312,3351.90720241132,2.3223180770874023,2731.564995702736,0.0276134122287968,1608,1.1666927337646484
Chimpanzee,ENSG00000211454-0.fa,80,6977,0.5560979843139648,2756.4886553467704,0.0113728675873273,6,7,False,622,0.9353763099396634,0.0519419747309312,3351.90720241132,2.3223180770874023,2731.564995702736,0.0276134122287968,1608,1.1666927337646484
Chimpanzee,ENSG00000211454-0.fa,85,6977,0.4369804859161377,2756.4886553467704,0.0111472364143056,6,7,False,538,0.9406277176061348,0.0519419747309312,3351.90720241132,2.3223180770874023,2731.564995702736,0.0276134122287968,1608,1.1666927337646484
Chimpanzee,ENSG00000211454-0.fa,90,6977,0.558358907699585,2731.564995702736,0.0075339025615268,6,7,False,538,0.9450878436933744,0.0519419747309312,3351.90720241132,2.3223180770874023,2731.564995702736,0.0276134122287968,1608,1.1666927337646484
Chimpanzee,ENSG00000211454-0.fa,95,6977,0.5721337795257568,2731.564995702736,0.0054545454545454,6,6,False,538,0.9486917576805216,0.0519419747309312,3351.90720241132,2.3223180770874023,2731.564995702736,0.0276134122287968,1608,1.1666927337646484
Chimpanzee,ENSG00000156150.fa,50,10914,0.2286469936370849,10280.24512603568,0.0084261209750225,12,12,False,2188,0.610728757959735,0.011038961038961,10319.115553140142,6.699259042739868,10255.272379686192,0.0100157655568951,10694,3.09295392036438
Chimpanzee,ENSG00000156150.fa,55,10914,0.3280091285705566,10280.24512603568,0.0080892893712881,11,11,False,2188,0.6379179810725553,0.011038961038961,10319.115553140142,6.699259042739868,10255.272379686192,0.0100157655568951,10694,3.09295392036438
Chimpanzee,ENSG00000156150.fa,60,10914,0.333855390548706,10255.272379686192,0.0077431344208135,11,11,False,2188,0.6622652036451553,0.011038961038961,10319.115553140142,6.699259042739868,10255.272379686192,0.0100157655568951,10694,3.09295392036438
Chimpanzee,ENSG00000156150.fa,65,10914,0.2069203853607177,10255.272379686192,0.0075899355375337,11,11,False,2188,0.6840146430750458,0.011038961038961,10319.115553140142,6.699259042739868,10255.272379686192,0.0100157655568951,10694,3.09295392036438
Chimpanzee,ENSG00000156150.fa,70,10914,0.3368375301361084,10255.272379686192,0.0075899355375337,11,11,False,2188,0.7038417603559189,0.011038961038961,10319.115553140142,6.699259042739868,10255.272379686192,0.0100157655568951,10694,3.09295392036438
Chimpanzee,ENSG00000156150.fa,75,10914,0.3319644927978515,10255.272379686192,0.0075899355375337,11,11,False,2188,0.7224922930993598,0.011038961038961,10319.115553140142,6.699259042739868,10255.272379686192,0.0100157655568951,10694,3.09295392036438
Chimpanzee,ENSG00000156150.fa,80,10914,0.2065479755401611,10255.272379686192,0.0075479610022014,11,11,False,2188,0.7404093567251462,0.011038961038961,10319.115553140142,6.699259042739868,10255.272379686192,0.0100157655568951,10694,3.09295392036438
Chimpanzee,ENSG00000156150.fa,85,10914,0.3380703926086426,10255.272379686192,0.0075479610022014,11,11,False,2188,0.7569143714995092,0.011038961038961,10319.115553140142,6.699259042739868,10255.272379686192,0.0100157655568951,10694,3.09295392036438
Chimpanzee,ENSG00000156150.fa,90,10914,0.335176944732666,10255.272379686192,0.0074531516183986,11,11,False,2188,0.7723071656777727,0.011038961038961,10319.115553140142,6.699259042739868,10255.272379686192,0.0100157655568951,10694,3.09295392036438
Chimpanzee,ENSG00000156150.fa,95,10914,0.2160217761993408,10255.272379686192,0.0066567198439113,11,11,False,2094,0.7865846778743089,0.011038961038961,10319.115553140142,6.699259042739868,10255.272379686192,0.0100157655568951,10694,3.09295392036438
Chimpanzee,ENSG00000116337.fa,50,15969,0.2814528942108154,12240.714928937565,0.0038032454361054,7,8,False,4221,0.3407051950761527,0.0042657298789285,15748.805883853747,14.19217586517334,15749.811561729552,0.0042029985571796,14528,6.474602222442627
Chimpanzee,ENSG00000116337.fa,55,15969,0.4324038028717041,12240.714928937565,0.0038032454361054,7,8,False,4221,0.3646834987401656,0.0042657298789285,15748.805883853747,14.19217586517334,15749.811561729552,0.0042029985571796,14528,6.474602222442627
Chimpanzee,ENSG00000116337.fa,60,15969,0.4092054367065429,12240.714928937565,0.0038175224279442,6,7,False,4221,0.3871753246753247,0.0042657298789285,15748.805883853747,14.19217586517334,15749.811561729552,0.0042029985571796,14528,6.474602222442627
Chimpanzee,ENSG00000116337.fa,65,15969,0.411052942276001,12240.714928937565,0.0038175224279442,6,7,False,4221,0.4079547162250163,0.0042657298789285,15748.805883853747,14.19217586517334,15749.811561729552,0.0042029985571796,14528,6.474602222442627
Chimpanzee,ENSG00000116337.fa,70,15969,0.4119436740875244,12240.714928937565,0.0038175224279442,6,7,False,4221,0.4278291850165767,0.0042657298789285,15748.805883853747,14.19217586517334,15749.811561729552,0.0042029985571796,14528,6.474602222442627
Chimpanzee,ENSG00000171819.fa,75,6629,0.2381856441497802,6537.756826597005,0.0066822066822066,3,3,False,3605,0.5777994791666667,0.0073951101720495,6537.756826597005,2.1260931491851807,6537.756826597005,0.0073951101720495,6627,1.2228591442108154
Chimpanzee,ENSG00000171819.fa,80,6629,0.1156911849975586,6537.756826597005,0.0066822066822066,3,3,False,3605,0.5970005356186395,0.0073951101720495,6537.756826597005,2.1260931491851807,6537.756826597005,0.0073951101720495,6627,1.2228591442108154
Chimpanzee,ENSG00000171819.fa,85,6629,0.1114459037780761,6537.756826597005,0.0066822066822066,3,3,False,3605,0.6133714770078407,0.0073951101720495,6537.756826597005,2.1260931491851807,6537.756826597005,0.0073951101720495,6627,1.2228591442108154
Chimpanzee,ENSG00000171819.fa,90,6629,0.2422595024108886,6537.756826597005,0.0066822066822066,3,3,False,3605,0.6289578527993289,0.0073951101720495,6537.756826597005,2.1260931491851807,6537.756826597005,0.0073951101720495,6627,1.2228591442108154
Chimpanzee,ENSG00000171819.fa,95,6629,0.1129426956176757,6537.756826597005,0.0066822066822066,3,3,False,3605,0.64422079269558,0.0073951101720495,6537.756826597005,2.1260931491851807,6537.756826597005,0.0073951101720495,6627,1.2228591442108154
Chimpanzee,ENSG00000134262.fa,30,11530,0.2119567394256591,3712.151832786256,0.0067932415955408,6,7,False,3332,0.3366143156980531,0.0072142546718817,11258.5982327646,7.641735076904297,11282.654562802478,0.0066892537572756,5381,3.445598602294922
Chimpanzee,ENSG00000134262.fa,35,11530,0.3479859828948974,3712.151832786256,0.0067932415955408,6,7,False,3332,0.3777275616128804,0.0072142546718817,11258.5982327646,7.641735076904297,11282.654562802478,0.0066892537572756,5381,3.445598602294922
Chimpanzee,ENSG00000134262.fa,55,11530,0.3522834777832031,11332.617688871043,0.0065215475456067,6,7,False,3332,0.5119070793588996,0.0072142546718817,11258.5982327646,7.641735076904297,11282.654562802478,0.0066892537572756,5381,3.445598602294922
Chimpanzee,ENSG00000134262.fa,60,11530,0.2085509300231933,11332.617688871043,0.006338153901089,6,7,False,3332,0.5391919449400968,0.0072142546718817,11258.5982327646,7.641735076904297,11282.654562802478,0.0066892537572756,5381,3.445598602294922
Chimpanzee,ENSG00000134262.fa,65,11530,0.3373587131500244,11332.617688871043,0.006338153901089,6,7,False,3332,0.5646181795401867,0.0072142546718817,11258.5982327646,7.641735076904297,11282.654562802478,0.0066892537572756,5381,3.445598602294922
Chimpanzee,ENSG00000134262.fa,70,11530,0.3348267078399658,11332.617688871043,0.0062167762861519,6,7,False,3332,0.5890216855593888,0.0072142546718817,11258.5982327646,7.641735076904297,11282.654562802478,0.0066892537572756,5381,3.445598602294922
Chimpanzee,ENSG00000134262.fa,75,11530,0.207615852355957,11332.617688871043,0.0062167762861519,6,7,False,3332,0.610861650485437,0.0072142546718817,11258.5982327646,7.641735076904297,11282.654562802478,0.0066892537572756,5381,3.445598602294922
Chimpanzee,ENSG00000134262.fa,80,11530,0.3415613174438476,11332.617688871043,0.0062167762861519,6,7,False,3332,0.631153915176168,0.0072142546718817,11258.5982327646,7.641735076904297,11282.654562802478,0.0066892537572756,5381,3.445598602294922
Chimpanzee,ENSG00000134262.fa,85,11530,0.3251419067382812,11332.617688871043,0.0062167762861519,6,7,False,3332,0.6502419450017703,0.0072142546718817,11258.5982327646,7.641735076904297,11282.654562802478,0.0066892537572756,5381,3.445598602294922
Chimpanzee,ENSG00000134262.fa,90,11530,0.2013373374938964,11332.617688871043,0.0062167762861519,6,7,False,3332,0.6674243748907152,0.0072142546718817,11258.5982327646,7.641735076904297,11282.654562802478,0.0066892537572756,5381,3.445598602294922
Chimpanzee,ENSG00000134262.fa,95,11530,0.3417468070983886,11332.617688871043,0.0062167762861519,6,7,False,3332,0.6838862013360977,0.0072142546718817,11258.5982327646,7.641735076904297,11282.654562802478,0.0066892537572756,5381,3.445598602294922
Chimpanzee,ENSG00000198483.fa,95,19329,0.5176734924316406,18486.251641307044,0.0053549939831528,16,17,False,4652,0.7162366204744488,0.0077998220174841,18351.21980372813,22.38974642753601,18486.251641307044,0.0076363826559966,12109,9.482258796691896
Chimpanzee,ENSG00000132703.fa,15,1040,0.0177152156829834,1032.968400544952,0.0067307692307692,0,1,False,1040,0.1856763925729443,0.0067307692307692,1032.968400544952,0.0405323505401611,1032.968400544952,0.0067307692307692,1040,0.0346767902374267
Chimpanzee,ENSG00000132703.fa,20,1040,0.0177316665649414,1032.968400544952,0.0067307692307692,0,1,False,1040,0.2350907519446845,0.0067307692307692,1032.968400544952,0.0405323505401611,1032.968400544952,0.0067307692307692,1040,0.0346767902374267
Chimpanzee,ENSG00000132703.fa,25,1040,0.0172665119171142,1032.968400544952,0.0067307692307692,0,1,False,1040,0.2808798646362098,0.0067307692307692,1032.968400544952,0.0405323505401611,1032.968400544952,0.0067307692307692,1040,0.0346767902374267
Chimpanzee,ENSG00000132703.fa,30,1040,0.0166759490966796,1032.968400544952,0.0067307692307692,0,1,False,1040,0.3178036605657238,0.0067307692307692,1032.968400544952,0.0405323505401611,1032.968400544952,0.0067307692307692,1040,0.0346767902374267
Chimpanzee,ENSG00000132703.fa,35,1040,0.0167365074157714,1032.968400544952,0.0067307692307692,0,1,False,1040,0.348111658456486,0.0067307692307692,1032.968400544952,0.0405323505401611,1032.968400544952,0.0067307692307692,1040,0.0346767902374267
Chimpanzee,ENSG00000132703.fa,40,1040,0.0185091495513916,1032.968400544952,0.0067307692307692,0,1,False,1040,0.3763179237631792,0.0067307692307692,1032.968400544952,0.0405323505401611,1032.968400544952,0.0067307692307692,1040,0.0346767902374267
Chimpanzee,ENSG00000132703.fa,45,1040,0.0161519050598144,1032.968400544952,0.0067307692307692,0,1,False,1040,0.4038461538461538,0.0067307692307692,1032.968400544952,0.0405323505401611,1032.968400544952,0.0067307692307692,1040,0.0346767902374267
Chimpanzee,ENSG00000132703.fa,50,1040,0.016519546508789,1032.968400544952,0.0067307692307692,0,1,False,1040,0.4307205067300079,0.0067307692307692,1032.968400544952,0.0405323505401611,1032.968400544952,0.0067307692307692,1040,0.0346767902374267
Chimpanzee,ENSG00000132703.fa,55,1040,0.0158793926239013,1032.968400544952,0.0067307692307692,0,1,False,1040,0.4569640062597809,0.0067307692307692,1032.968400544952,0.0405323505401611,1032.968400544952,0.0067307692307692,1040,0.0346767902374267
Chimpanzee,ENSG00000132703.fa,60,1040,0.0157132148742675,1032.968400544952,0.0067307692307692,0,1,False,1040,0.482598607888631,0.0067307692307692,1032.968400544952,0.0405323505401611,1032.968400544952,0.0067307692307692,1040,0.0346767902374267
Chimpanzee,ENSG00000132703.fa,65,1040,0.0159831047058105,1032.968400544952,0.0067307692307692,0,1,False,1040,0.5076452599388379,0.0067307692307692,1032.968400544952,0.0405323505401611,1032.968400544952,0.0067307692307692,1040,0.0346767902374267
Chimpanzee,ENSG00000132703.fa,70,1040,0.0157301425933837,1032.968400544952,0.0067307692307692,0,1,False,1040,0.5321239606953893,0.0067307692307692,1032.968400544952,0.0405323505401611,1032.968400544952,0.0067307692307692,1040,0.0346767902374267
Chimpanzee,ENSG00000132703.fa,75,1040,0.015636920928955,1032.968400544952,0.0067307692307692,0,1,False,1040,0.5560538116591929,0.0067307692307692,1032.968400544952,0.0405323505401611,1032.968400544952,0.0067307692307692,1040,0.0346767902374267
Chimpanzee,ENSG00000132703.fa,80,1040,0.0154223442077636,1032.968400544952,0.0067307692307692,0,1,False,1040,0.575240919199407,0.0067307692307692,1032.968400544952,0.0405323505401611,1032.968400544952,0.0067307692307692,1040,0.0346767902374267
Chimpanzee,ENSG00000158874.fa,45,1344,0.0243172645568847,1298.8547958425322,0.0115919629057187,1,2,False,718,0.699048572859289,0.0135135135135135,1267.8358632358927,0.0597589015960693,1298.8547958425322,0.0126676602086438,1337,0.0547959804534912
Chimpanzee,ENSG00000158874.fa,50,1344,0.0239322185516357,1298.8547958425322,0.0115919629057187,1,2,False,718,0.7338551859099804,0.0135135135135135,1267.8358632358927,0.0597589015960693,1298.8547958425322,0.0126676602086438,1337,0.0547959804534912
Chimpanzee,ENSG00000158874.fa,55,1344,0.0239863395690917,1298.8547958425322,0.0115919629057187,1,2,False,718,0.7641418983700863,0.0135135135135135,1267.8358632358927,0.0597589015960693,1298.8547958425322,0.0126676602086438,1337,0.0547959804534912
Chimpanzee,ENSG00000158874.fa,60,1344,0.1446034908294677,1298.8547958425322,0.0115919629057187,1,2,False,718,0.7909604519774012,0.0135135135135135,1267.8358632358927,0.0597589015960693,1298.8547958425322,0.0126676602086438,1337,0.0547959804534912
Chimpanzee,ENSG00000158874.fa,65,1344,0.0262134075164794,1298.8547958425322,0.0100456621004566,1,2,False,718,0.8140936485859991,0.0135135135135135,1267.8358632358927,0.0597589015960693,1298.8547958425322,0.0126676602086438,1337,0.0547959804534912
Chimpanzee,ENSG00000158874.fa,70,1344,0.0250213146209716,1298.8547958425322,0.0100456621004566,1,2,False,718,0.83493369913123,0.0135135135135135,1267.8358632358927,0.0597589015960693,1298.8547958425322,0.0126676602086438,1337,0.0547959804534912
Chimpanzee,ENSG00000158874.fa,75,1344,0.0249285697937011,1298.8547958425322,0.0100456621004566,1,2,False,718,0.8552097428958052,0.0135135135135135,1267.8358632358927,0.0597589015960693,1298.8547958425322,0.0126676602086438,1337,0.0547959804534912
Chimpanzee,ENSG00000158874.fa,80,1344,0.0248644351959228,1298.8547958425322,0.0100456621004566,1,2,False,718,0.8749443702714731,0.0135135135135135,1267.8358632358927,0.0597589015960693,1298.8547958425322,0.0126676602086438,1337,0.0547959804534912
Chimpanzee,ENSG00000158874.fa,85,1344,0.0253660678863525,1298.8547958425322,0.0100456621004566,1,2,False,718,0.891725352112676,0.0135135135135135,1267.8358632358927,0.0597589015960693,1298.8547958425322,0.0126676602086438,1337,0.0547959804534912
Chimpanzee,ENSG00000158874.fa,90,1344,0.0241079330444335,1298.8547958425322,0.0100456621004566,1,2,False,718,0.9081410535481064,0.0135135135135135,1267.8358632358927,0.0597589015960693,1298.8547958425322,0.0126676602086438,1337,0.0547959804534912
Chimpanzee,ENSG00000143595.fa,65,4252,0.0723347663879394,4158.827579702786,0.0074304889741131,3,4,False,2350,0.6253497942386832,0.0078088026502602,4117.827004504962,0.5084934234619141,4132.827045717764,0.0078069552874378,3997,0.4688711166381836
Chimpanzee,ENSG00000143595.fa,70,4252,0.1810779571533203,4158.827579702786,0.0074304889741131,3,4,False,2350,0.6516327190430002,0.0078088026502602,4117.827004504962,0.5084934234619141,4132.827045717764,0.0078069552874378,3997,0.4688711166381836
Chimpanzee,ENSG00000143595.fa,75,4252,0.0728561878204345,4158.827579702786,0.0069842853579446,3,4,False,2350,0.67467387846007,0.0078088026502602,4117.827004504962,0.5084934234619141,4132.827045717764,0.0078069552874378,3997,0.4688711166381836
Chimpanzee,ENSG00000143595.fa,80,4252,0.0705559253692627,4158.827579702786,0.0069842853579446,3,4,False,2350,0.6955635679573601,0.0078088026502602,4117.827004504962,0.5084934234619141,4132.827045717764,0.0078069552874378,3997,0.4688711166381836
Chimpanzee,ENSG00000143595.fa,85,4252,0.0717329978942871,4158.827579702786,0.0071301247771836,2,3,False,2350,0.7148600587598577,0.0078088026502602,4117.827004504962,0.5084934234619141,4132.827045717764,0.0078069552874378,3997,0.4688711166381836
Chimpanzee,ENSG00000143595.fa,90,4252,0.180814504623413,4158.827579702786,0.0071301247771836,2,3,False,2350,0.7326717557251908,0.0078088026502602,4117.827004504962,0.5084934234619141,4132.827045717764,0.0078069552874378,3997,0.4688711166381836
Chimpanzee,ENSG00000143595.fa,95,4252,0.0721578598022461,4132.827045717764,0.0068855932203389,2,3,False,2199,0.7481503850218933,0.0078088026502602,4117.827004504962,0.5084934234619141,4132.827045717764,0.0078069552874378,3997,0.4688711166381836
Chimpanzee,ENSG00000173627.fa,60,7053,0.2510035037994385,6955.807114515569,0.0059317129629629,2,3,False,3980,0.491580310880829,0.006394770498792,6937.807059381353,2.432789802551269,6955.807114515569,0.0063929535445375,5067,1.2738161087036133
Chimpanzee,ENSG00000173627.fa,65,7053,0.1164057254791259,6955.807114515569,0.0059317129629629,2,3,False,3980,0.5168348380244291,0.006394770498792,6937.807059381353,2.432789802551269,6955.807114515569,0.0063929535445375,5067,1.2738161087036133
Chimpanzee,ENSG00000173627.fa,70,7053,0.2573375701904297,6955.807114515569,0.0059317129629629,2,3,False,3980,0.540376569037657,0.006394770498792,6937.807059381353,2.432789802551269,6955.807114515569,0.0063929535445375,5067,1.2738161087036133
Chimpanzee,ENSG00000173627.fa,75,7053,0.1273822784423828,6955.807114515569,0.0059317129629629,2,3,False,3980,0.5626224100608185,0.006394770498792,6937.807059381353,2.432789802551269,6955.807114515569,0.0063929535445375,5067,1.2738161087036133
Chimpanzee,ENSG00000173627.fa,80,7053,0.1195664405822753,6955.807114515569,0.0059317129629629,2,3,False,3980,0.5839430894308943,0.006394770498792,6937.807059381353,2.432789802551269,6955.807114515569,0.0063929535445375,5067,1.2738161087036133
Chimpanzee,ENSG00000173627.fa,85,7053,0.2517082691192627,6955.807114515569,0.0059317129629629,2,3,False,3980,0.6035502958579881,0.006394770498792,6937.807059381353,2.432789802551269,6955.807114515569,0.0063929535445375,5067,1.2738161087036133
Chimpanzee,ENSG00000173627.fa,90,7053,0.1170425415039062,6955.807114515569,0.0059317129629629,2,3,False,3980,0.6219669208675844,0.006394770498792,6937.807059381353,2.432789802551269,6955.807114515569,0.0063929535445375,5067,1.2738161087036133
Chimpanzee,ENSG00000173627.fa,95,7053,0.2323486804962158,6955.807114515569,0.0059317129629629,2,3,False,3980,0.6391308603308212,0.006394770498792,6937.807059381353,2.432789802551269,6955.807114515569,0.0063929535445375,5067,1.2738161087036133
Chimpanzee,ENSG00000142632-0.fa,60,4684,0.0858893394470214,4384.77769497728,0.0063897763578274,6,7,False,1839,0.6071265417999087,0.0091923834537097,4303.740490630235,1.1559414863586426,4354.776961501888,0.0085134250163719,2139,0.5552258491516113
Chimpanzee,ENSG00000142632-0.fa,65,4684,0.2069227695465088,4384.77769497728,0.0063897763578274,6,7,False,1839,0.6346383741781232,0.0091923834537097,4303.740490630235,1.1559414863586426,4354.776961501888,0.0085134250163719,2139,0.5552258491516113
Chimpanzee,ENSG00000142632-0.fa,70,4684,0.0849251747131347,4384.77769497728,0.0062557924003707,6,7,False,1839,0.6589773729062591,0.0091923834537097,4303.740490630235,1.1559414863586426,4354.776961501888,0.0085134250163719,2139,0.5552258491516113
Chimpanzee,ENSG00000142632-0.fa,75,4684,0.0892765522003173,4384.77769497728,0.0062557924003707,6,7,False,1839,0.6817524580682475,0.0091923834537097,4303.740490630235,1.1559414863586426,4354.776961501888,0.0085134250163719,2139,0.5552258491516113
Chimpanzee,ENSG00000142632-0.fa,80,4684,0.2081530094146728,4384.77769497728,0.0062557924003707,6,7,False,1839,0.7027065527065527,0.0091923834537097,4303.740490630235,1.1559414863586426,4354.776961501888,0.0085134250163719,2139,0.5552258491516113
Chimpanzee,ENSG00000142632-0.fa,85,4684,0.0824127197265625,4384.77769497728,0.0062557924003707,6,7,False,1839,0.7223314606741573,0.0091923834537097,4303.740490630235,1.1559414863586426,4354.776961501888,0.0085134250163719,2139,0.5552258491516113
Chimpanzee,ENSG00000142632-0.fa,90,4684,0.0824799537658691,4384.77769497728,0.0062557924003707,6,7,False,1839,0.7407150776053215,0.0091923834537097,4303.740490630235,1.1559414863586426,4354.776961501888,0.0085134250163719,2139,0.5552258491516113
Chimpanzee,ENSG00000142632-0.fa,95,4684,0.2190659046173095,4384.77769497728,0.0062557924003707,6,7,False,1839,0.7567456512806465,0.0091923834537097,4303.740490630235,1.1559414863586426,4354.776961501888,0.0085134250163719,2139,0.5552258491516113
Macaque,ENSG00000204518.fa,10,275,0.0124123096466064,195.52032127352172,0.0772532188841201,2,3,False,118,0.7767220902612827,0.0888030888030888,195.52032127352172,1.7635183334350586,170.77066659430534,0.0813953488372093,138,0.0054736137390136
Macaque,ENSG00000204518.fa,15,275,0.0107791423797607,195.52032127352172,0.0695187165775401,2,3,False,97,0.8827433628318584,0.0888030888030888,195.52032127352172,1.7635183334350586,170.77066659430534,0.0813953488372093,138,0.0054736137390136
Macaque,ENSG00000204518.fa,20,275,0.0086402893066406,195.52032127352172,0.064,1,2,False,71,0.9308855291576674,0.0888030888030888,195.52032127352172,1.7635183334350586,170.77066659430534,0.0813953488372093,138,0.0054736137390136
Macaque,ENSG00000204518.fa,25,275,0.0098321437835693,170.77066659430534,0.0227272727272727,1,1,False,44,0.9636752136752136,0.0888030888030888,195.52032127352172,1.7635183334350586,170.77066659430534,0.0813953488372093,138,0.0054736137390136
Macaque,ENSG00000204518.fa,30,275,0.0094032287597656,170.77066659430534,0.0227272727272727,1,1,False,44,0.9740820734341252,0.0888030888030888,195.52032127352172,1.7635183334350586,170.77066659430534,0.0813953488372093,138,0.0054736137390136
Macaque,ENSG00000204518.fa,35,275,0.0097272396087646,170.77066659430534,0.0227272727272727,1,1,False,44,0.9847161572052402,0.0888030888030888,195.52032127352172,1.7635183334350586,170.77066659430534,0.0813953488372093,138,0.0054736137390136
Macaque,ENSG00000204518.fa,40,275,0.0091757774353027,170.77066659430534,0.0227272727272727,1,1,False,44,0.9955849889624724,0.0888030888030888,195.52032127352172,1.7635183334350586,170.77066659430534,0.0813953488372093,138,0.0054736137390136
Macaque,ENSG00000184389.fa,60,14484,0.8303115367889404,6838.578896982828,0.0946643717728055,14,14,False,687,0.98482689567528,0.0619,870.9572725855851,12.014663934707642,6831.773523388478,0.0547728220091704,6155,4.4690001010894775
Macaque,ENSG00000184389.fa,65,14484,1.020918846130371,6881.46183228972,0.337117903930131,11,10,False,1865,0.988367628992629,0.0619,870.9572725855851,12.014663934707642,6831.773523388478,0.0547728220091704,6155,4.4690001010894775
Macaque,ENSG00000184389.fa,70,14484,1.292898178100586,6831.773523388478,0.0096618357487922,8,8,False,323,0.9906502663141358,0.0619,870.9572725855851,12.014663934707642,6831.773523388478,0.0547728220091704,6155,4.4690001010894775
Macaque,ENSG00000184389.fa,75,14484,1.417632818222046,6831.773523388478,0.0103734439834024,7,7,False,323,0.9922691262581804,0.0619,870.9572725855851,12.014663934707642,6831.773523388478,0.0547728220091704,6155,4.4690001010894775
Macaque,ENSG00000184389.fa,80,14484,2.506078720092773,6831.773523388478,0.6390406800242866,6,5,False,5878,0.9938071027179938,0.0619,870.9572725855851,12.014663934707642,6831.773523388478,0.0547728220091704,6155,4.4690001010894775
Macaque,ENSG00000184389.fa,85,14484,2.8615975379943848,6831.773523388478,0.0138696255201109,4,4,False,323,0.994996180290298,0.0619,870.9572725855851,12.014663934707642,6831.773523388478,0.0547728220091704,6155,4.4690001010894775
Macaque,ENSG00000184389.fa,90,14484,2.724430561065674,6831.773523388478,0.011090573012939,4,4,False,193,0.99580008399832,0.0619,870.9572725855851,12.014663934707642,6831.773523388478,0.0547728220091704,6155,4.4690001010894775
Macaque,ENSG00000184389.fa,95,14484,2.73511290550232,6831.773523388478,0.5045905251560778,4,3,False,2420,0.9965650166024198,0.0619,870.9572725855851,12.014663934707642,6831.773523388478,0.0547728220091704,6155,4.4690001010894775
Macaque,ENSG00000143632.fa,40,3755,0.0952446460723877,3165.8450392432496,0.0278624292555507,7,7,False,962,0.8854512526411108,0.049931787175989,3066.6236885930243,0.4055538177490234,3089.273658859401,0.0428802588996763,1655,0.3635294437408447
Macaque,ENSG00000143632.fa,45,3755,0.2019891738891601,3165.8450392432496,0.028393966282165,6,6,False,962,0.9010579645358366,0.049931787175989,3066.6236885930243,0.4055538177490234,3089.273658859401,0.0428802588996763,1655,0.3635294437408447
Macaque,ENSG00000143632.fa,50,3755,0.0986733436584472,3165.8450392432496,0.0267175572519083,6,6,False,962,0.9143573113207548,0.049931787175989,3066.6236885930243,0.4055538177490234,3089.273658859401,0.0428802588996763,1655,0.3635294437408447
Macaque,ENSG00000143632.fa,55,3755,0.0981731414794921,3165.8450392432496,0.0267175572519083,6,6,False,962,0.9261206015476712,0.049931787175989,3066.6236885930243,0.4055538177490234,3089.273658859401,0.0428802588996763,1655,0.3635294437408447
Macaque,ENSG00000143632.fa,60,3755,0.2129213809967041,3140.969630495215,0.0237388724035608,6,6,False,610,0.9361239860950172,0.049931787175989,3066.6236885930243,0.4055538177490234,3089.273658859401,0.0428802588996763,1655,0.3635294437408447
Macaque,ENSG00000143632.fa,65,3755,0.1120696067810058,3140.969630495215,0.0246132208157524,5,4,False,610,0.943692396313364,0.049931787175989,3066.6236885930243,0.4055538177490234,3089.273658859401,0.0428802588996763,1655,0.3635294437408447
Macaque,ENSG00000143632.fa,70,3755,0.2199914455413818,3140.969630495215,0.1338868707836014,5,4,False,610,0.949820788530466,0.049931787175989,3066.6236885930243,0.4055538177490234,3089.273658859401,0.0428802588996763,1655,0.3635294437408447
Macaque,ENSG00000143632.fa,75,3755,0.1285581588745117,3140.969630495215,0.0266249021143304,4,3,False,610,0.9551492643908012,0.049931787175989,3066.6236885930243,0.4055538177490234,3089.273658859401,0.0428802588996763,1655,0.3635294437408447
Macaque,ENSG00000143632.fa,80,3755,0.1267669200897216,3140.969630495215,0.0266249021143304,4,3,False,610,0.9595499216635808,0.049931787175989,3066.6236885930243,0.4055538177490234,3089.273658859401,0.0428802588996763,1655,0.3635294437408447
Macaque,ENSG00000143632.fa,85,3755,0.2312965393066406,3140.969630495215,0.0266249021143304,4,3,False,610,0.963925578753018,0.049931787175989,3066.6236885930243,0.4055538177490234,3089.273658859401,0.0428802588996763,1655,0.3635294437408447
Macaque,ENSG00000143632.fa,90,3755,0.1263329982757568,3140.969630495215,0.0266249021143304,4,3,False,610,0.9682764480951708,0.049931787175989,3066.6236885930243,0.4055538177490234,3089.273658859401,0.0428802588996763,1655,0.3635294437408447
Macaque,ENSG00000143632.fa,95,3755,0.1340169906616211,3140.969630495215,0.0286919831223628,3,2,False,610,0.972312473513208,0.049931787175989,3066.6236885930243,0.4055538177490234,3089.273658859401,0.0428802588996763,1655,0.3635294437408447
Macaque,ENSG00000169717.fa,15,1437,0.0330228805541992,1287.5170993883,0.0497512437810945,2,2,False,1299,0.6688648139425342,0.050641940085592,1230.4892674940693,0.0689365863800048,1287.5170993883,0.0501058574453069,1350,0.0616977214813232
Macaque,ENSG00000169717.fa,20,1437,0.1599874496459961,1287.5170993883,0.0442610652663165,2,2,False,1299,0.7484444444444445,0.050641940085592,1230.4892674940693,0.0689365863800048,1287.5170993883,0.0501058574453069,1350,0.0616977214813232
Macaque,ENSG00000169717.fa,25,1437,0.0301098823547363,1287.5170993883,0.0442610652663165,2,2,False,1299,0.803411513859275,0.050641940085592,1230.4892674940693,0.0689365863800048,1287.5170993883,0.0501058574453069,1350,0.0616977214813232
Macaque,ENSG00000169717.fa,30,1437,0.0286483764648437,1287.5170993883,0.0442203258339798,2,2,False,1255,0.8422360248447205,0.050641940085592,1230.4892674940693,0.0689365863800048,1287.5170993883,0.0501058574453069,1350,0.0616977214813232
Macaque,ENSG00000169717.fa,35,1437,0.0257678031921386,1287.5170993883,0.045418326693227,1,1,False,1255,0.8720647773279352,0.050641940085592,1230.4892674940693,0.0689365863800048,1287.5170993883,0.0501058574453069,1350,0.0616977214813232
Macaque,ENSG00000169717.fa,40,1437,0.0261006355285644,1287.5170993883,0.045418326693227,1,1,False,1255,0.8900439824070372,0.050641940085592,1230.4892674940693,0.0689365863800048,1287.5170993883,0.0501058574453069,1350,0.0616977214813232
Macaque,ENSG00000169717.fa,45,1437,0.0252883434295654,1287.5170993883,0.045418326693227,1,1,False,1255,0.9058544303797468,0.050641940085592,1230.4892674940693,0.0689365863800048,1287.5170993883,0.0501058574453069,1350,0.0616977214813232
Macaque,ENSG00000169717.fa,50,1437,0.0251953601837158,1287.5170993883,0.045418326693227,1,1,False,1255,0.9196393571148568,0.050641940085592,1230.4892674940693,0.0689365863800048,1287.5170993883,0.0501058574453069,1350,0.0616977214813232
Macaque,ENSG00000169717.fa,55,1437,0.0247681140899658,1287.5170993883,0.045418326693227,1,1,False,1255,0.9315175097276264,0.050641940085592,1230.4892674940693,0.0689365863800048,1287.5170993883,0.0501058574453069,1350,0.0616977214813232
Macaque,ENSG00000169717.fa,60,1437,0.1490566730499267,1287.5170993883,0.0339462517680339,1,1,False,707,0.9399457574583496,0.050641940085592,1230.4892674940693,0.0689365863800048,1287.5170993883,0.0501058574453069,1350,0.0616977214813232
Macaque,ENSG00000169717.fa,65,1437,0.0389258861541748,1287.5170993883,0.0339462517680339,1,1,False,707,0.9478965650328058,0.050641940085592,1230.4892674940693,0.0689365863800048,1287.5170993883,0.0501058574453069,1350,0.0616977214813232
Macaque,ENSG00000169717.fa,70,1437,0.0392789840698242,1287.5170993883,0.0339462517680339,1,1,False,707,0.9557862360630528,0.050641940085592,1230.4892674940693,0.0689365863800048,1287.5170993883,0.0501058574453069,1350,0.0616977214813232
Macaque,ENSG00000169717.fa,75,1437,0.0455663204193115,1287.5170993883,0.0301953818827708,1,1,False,563,0.9620253164556962,0.050641940085592,1230.4892674940693,0.0689365863800048,1287.5170993883,0.0501058574453069,1350,0.0616977214813232
Macaque,ENSG00000169717.fa,80,1437,0.0459604263305664,1287.5170993883,0.0301953818827708,1,1,False,563,0.9678407350689128,0.050641940085592,1230.4892674940693,0.0689365863800048,1287.5170993883,0.0501058574453069,1350,0.0616977214813232
Macaque,ENSG00000169717.fa,85,1437,0.0439589023590087,1287.5170993883,0.0301953818827708,1,1,False,563,0.9732415902140672,0.050641940085592,1230.4892674940693,0.0689365863800048,1287.5170993883,0.0501058574453069,1350,0.0616977214813232
Macaque,ENSG00000169717.fa,90,1437,0.0443079471588134,1287.5170993883,0.0301953818827708,1,1,False,563,0.9770642201834864,0.050641940085592,1230.4892674940693,0.0689365863800048,1287.5170993883,0.0501058574453069,1350,0.0616977214813232
Macaque,ENSG00000169717.fa,95,1437,0.0473930835723876,1287.5170993883,0.0301953818827708,1,1,False,563,0.9808868501529052,0.050641940085592,1230.4892674940693,0.0689365863800048,1287.5170993883,0.0501058574453069,1350,0.0616977214813232
Macaque,ENSG00000134249-0.fa,15,1474,0.0304491519927978,1391.2462837074052,0.0383795309168443,1,2,False,1218,0.6200852676456656,0.0415248468345813,1391.2462837074052,0.0717368125915527,1341.4704560119524,0.0388548057259713,1274,0.0644938945770263
Macaque,ENSG00000134249-0.fa,20,1474,0.0288243293762207,1391.2462837074052,0.0383795309168443,1,2,False,1218,0.7011185682326622,0.0415248468345813,1391.2462837074052,0.0717368125915527,1341.4704560119524,0.0388548057259713,1274,0.0644938945770263
Macaque,ENSG00000134249-0.fa,25,1474,0.0274815559387207,1391.2462837074052,0.0383795309168443,1,2,False,1218,0.7589017589017589,0.0415248468345813,1391.2462837074052,0.0717368125915527,1341.4704560119524,0.0388548057259713,1274,0.0644938945770263
Macaque,ENSG00000134249-0.fa,30,1474,0.1512072086334228,1391.2462837074052,0.0383795309168443,1,2,False,1218,0.8037344398340249,0.0415248468345813,1391.2462837074052,0.0717368125915527,1341.4704560119524,0.0388548057259713,1274,0.0644938945770263
Macaque,ENSG00000134249-0.fa,35,1474,0.025998830795288,1391.2462837074052,0.0372856077554064,1,2,False,1152,0.8349553933495539,0.0415248468345813,1391.2462837074052,0.0717368125915527,1341.4704560119524,0.0388548057259713,1274,0.0644938945770263
Macaque,ENSG00000134249-0.fa,40,1474,0.0261499881744384,1391.2462837074052,0.0372856077554064,1,2,False,1152,0.8620826709062003,0.0415248468345813,1391.2462837074052,0.0717368125915527,1341.4704560119524,0.0388548057259713,1274,0.0644938945770263
Macaque,ENSG00000134249-0.fa,45,1474,0.0275855064392089,1391.2462837074052,0.0373015873015873,1,2,False,1071,0.8864168618266979,0.0415248468345813,1391.2462837074052,0.0717368125915527,1341.4704560119524,0.0388548057259713,1274,0.0644938945770263
Macaque,ENSG00000134249-0.fa,50,1474,0.0292937755584716,1366.3603172352862,0.0317460317460317,1,1,False,1071,0.907798693814829,0.0415248468345813,1391.2462837074052,0.0717368125915527,1341.4704560119524,0.0388548057259713,1274,0.0644938945770263
Macaque,ENSG00000134249-0.fa,55,1474,0.0298309326171875,1366.3603172352862,0.0317460317460317,1,1,False,1071,0.9240410178503607,0.0415248468345813,1391.2462837074052,0.0717368125915527,1341.4704560119524,0.0388548057259713,1274,0.0644938945770263
Macaque,ENSG00000134249-0.fa,60,1474,0.0291342735290527,1366.3603172352862,0.0317460317460317,1,1,False,1071,0.9347169811320756,0.0415248468345813,1391.2462837074052,0.0717368125915527,1341.4704560119524,0.0388548057259713,1274,0.0644938945770263
Macaque,ENSG00000134249-0.fa,65,1474,0.028942584991455,1366.3603172352862,0.0317460317460317,1,1,False,1071,0.9420834900338472,0.0415248468345813,1391.2462837074052,0.0717368125915527,1341.4704560119524,0.0388548057259713,1274,0.0644938945770263
Macaque,ENSG00000134249-0.fa,70,1474,0.1358678340911865,1366.3603172352862,0.0317460317460317,1,1,False,1071,0.9466366027809094,0.0415248468345813,1391.2462837074052,0.0717368125915527,1341.4704560119524,0.0388548057259713,1274,0.0644938945770263
Macaque,ENSG00000134249-0.fa,75,1474,0.028174877166748,1366.3603172352862,0.0317460317460317,1,1,False,1071,0.9503945885005636,0.0415248468345813,1391.2462837074052,0.0717368125915527,1341.4704560119524,0.0388548057259713,1274,0.0644938945770263
Macaque,ENSG00000134249-0.fa,80,1474,0.0287058353424072,1366.3603172352862,0.0317460317460317,1,1,False,1071,0.954152574220218,0.0415248468345813,1391.2462837074052,0.0717368125915527,1341.4704560119524,0.0388548057259713,1274,0.0644938945770263
Macaque,ENSG00000134249-0.fa,85,1474,0.0283780097961425,1366.3603172352862,0.0317460317460317,1,1,False,1071,0.9579105599398724,0.0415248468345813,1391.2462837074052,0.0717368125915527,1341.4704560119524,0.0388548057259713,1274,0.0644938945770263
Macaque,ENSG00000134249-0.fa,90,1474,0.0298998355865478,1366.3603172352862,0.0317460317460317,1,1,False,1071,0.9616685456595264,0.0415248468345813,1391.2462837074052,0.0717368125915527,1341.4704560119524,0.0388548057259713,1274,0.0644938945770263
Macaque,ENSG00000134249-0.fa,95,1474,0.0296192169189453,1366.3603172352862,0.0317460317460317,1,1,False,1071,0.9654265313791808,0.0415248468345813,1391.2462837074052,0.0717368125915527,1341.4704560119524,0.0388548057259713,1274,0.0644938945770263
Macaque,ENSG00000282608.fa,60,4225,0.1532361507415771,2640.275118133616,0.0243055555555555,4,4,True,612,0.9835364272750844,0.0481960150780829,2736.989693738577,0.4646704196929931,2640.275118133616,0.0426098535286285,2573,0.4241080284118652
Macaque,ENSG00000282608.fa,65,4225,0.3671534061431885,2640.275118133616,0.0260869565217391,3,2,True,551,0.9885190918472652,0.0481960150780829,2736.989693738577,0.4646704196929931,2640.275118133616,0.0426098535286285,2573,0.4241080284118652
Macaque,ENSG00000282608.fa,70,4225,0.2443768978118896,2640.275118133616,0.0260869565217391,3,2,True,551,0.9911196911196912,0.0481960150780829,2736.989693738577,0.4646704196929931,2640.275118133616,0.0426098535286285,2573,0.4241080284118652
Macaque,ENSG00000282608.fa,75,4225,0.3701624870300293,2640.275118133616,0.0260869565217391,3,2,False,551,0.9937042271617628,0.0481960150780829,2736.989693738577,0.4646704196929931,2640.275118133616,0.0426098535286285,2573,0.4241080284118652
Macaque,ENSG00000282608.fa,80,4225,0.3102319240570068,2640.275118133616,0.017910447761194,3,2,False,254,0.9958921694480104,0.0481960150780829,2736.989693738577,0.4646704196929931,2640.275118133616,0.0426098535286285,2573,0.4241080284118652
Macaque,ENSG00000282608.fa,85,4225,0.3936810493469238,2640.275118133616,0.0236220472440944,2,1,False,254,0.9974332648870636,0.0481960150780829,2736.989693738577,0.4646704196929931,2640.275118133616,0.0426098535286285,2573,0.4241080284118652
Macaque,ENSG00000282608.fa,90,4225,0.5245716571807861,2640.275118133616,0.0,2,1,False,102,0.9983309795865964,0.0481960150780829,2736.989693738577,0.4646704196929931,2640.275118133616,0.0426098535286285,2573,0.4241080284118652
Macaque,ENSG00000282608.fa,95,4225,0.4101617336273193,2640.275118133616,0.0,2,1,False,102,0.998972250770812,0.0481960150780829,2736.989693738577,0.4646704196929931,2640.275118133616,0.0426098535286285,2573,0.4241080284118652
Macaque,ENSG00000116863.fa,35,5072,0.1246471405029296,4355.578959418655,0.033810888252149,16,17,False,758,0.8803908355795148,0.0496655179404013,4016.511058624581,1.2728896141052246,4280.324437141818,0.0471299093655589,4609,0.6667864322662354
Macaque,ENSG00000116863.fa,40,5072,0.1221981048583984,4349.573638357547,0.1358381502890173,13,13,False,719,0.9018634910133422,0.0496655179404013,4016.511058624581,1.2728896141052246,4280.324437141818,0.0471299093655589,4609,0.6667864322662354
Macaque,ENSG00000116863.fa,45,5072,0.2569062709808349,4304.123557345749,0.0207277752187931,11,12,False,653,0.9165849940106718,0.0496655179404013,4016.511058624581,1.2728896141052246,4280.324437141818,0.0471299093655589,4609,0.6667864322662354
Macaque,ENSG00000116863.fa,50,5072,0.1744320392608642,4304.123557345749,0.0196078431372549,7,8,False,413,0.9270214833207384,0.0496655179404013,4016.511058624581,1.2728896141052246,4280.324437141818,0.0471299093655589,4609,0.6667864322662354
Macaque,ENSG00000116863.fa,55,5072,0.2828893661499023,4304.123557345749,0.0196078431372549,7,8,False,413,0.9344279888388066,0.0496655179404013,4016.511058624581,1.2728896141052246,4280.324437141818,0.0471299093655589,4609,0.6667864322662354
Macaque,ENSG00000116863.fa,60,5072,0.1794660091400146,4304.123557345749,0.0194552529182879,7,8,False,413,0.941747572815534,0.0496655179404013,4016.511058624581,1.2728896141052246,4280.324437141818,0.0471299093655589,4609,0.6667864322662354
Macaque,ENSG00000126070-0.fa,15,1074,0.0229973793029785,908.5514963533134,0.0222446916076845,4,5,True,250,0.5383522727272727,0.0247770069375619,773.577723601899,0.0433311462402343,873.6162341177617,0.0234833659491193,1021,0.0359373092651367
Macaque,ENSG00000126070-0.fa,20,1074,0.0241434574127197,877.6169996944024,0.0185387131952017,4,5,True,223,0.6212222968435192,0.0247770069375619,773.577723601899,0.0433311462402343,873.6162341177617,0.0234833659491193,1021,0.0359373092651367
Macaque,ENSG00000126070-0.fa,25,1074,0.025886058807373,873.6162341177617,0.017897091722595,4,5,False,223,0.6846499678869621,0.0247770069375619,773.577723601899,0.0433311462402343,873.6162341177617,0.0234833659491193,1021,0.0359373092651367
Macaque,ENSG00000126070-0.fa,30,1074,0.0262873172760009,873.6162341177617,0.0153846153846153,4,5,False,223,0.7380804953560371,0.0247770069375619,773.577723601899,0.0433311462402343,873.6162341177617,0.0234833659491193,1021,0.0359373092651367
Macaque,ENSG00000126070-0.fa,35,1074,0.0251960754394531,873.6162341177617,0.0153846153846153,4,5,False,223,0.7856287425149701,0.0247770069375619,773.577723601899,0.0433311462402343,873.6162341177617,0.0234833659491193,1021,0.0359373092651367
Macaque,ENSG00000126070-0.fa,40,1074,0.0245513916015625,873.6162341177617,0.016089108910891,3,4,False,223,0.8260616637579988,0.0247770069375619,773.577723601899,0.0433311462402343,873.6162341177617,0.0234833659491193,1021,0.0359373092651367
Macaque,ENSG00000126070-0.fa,45,1074,0.0247089862823486,873.6162341177617,0.016089108910891,3,4,False,223,0.8584422967595224,0.0247770069375619,773.577723601899,0.0433311462402343,873.6162341177617,0.0234833659491193,1021,0.0359373092651367
Macaque,ENSG00000126070-0.fa,50,1074,0.0250604152679443,873.6162341177617,0.0158102766798418,3,4,False,223,0.8887652947719689,0.0247770069375619,773.577723601899,0.0433311462402343,873.6162341177617,0.0234833659491193,1021,0.0359373092651367
Macaque,ENSG00000126070-0.fa,55,1074,0.0239012241363525,873.6162341177617,0.0125195618153364,3,4,False,223,0.9094898518924848,0.0247770069375619,773.577723601899,0.0433311462402343,873.6162341177617,0.0234833659491193,1021,0.0359373092651367
Macaque,ENSG00000126070-0.fa,60,1074,0.0243802070617675,873.6162341177617,0.0123456790123456,2,3,False,223,0.924415443175639,0.0247770069375619,773.577723601899,0.0433311462402343,873.6162341177617,0.0234833659491193,1021,0.0359373092651367
Macaque,ENSG00000126070-0.fa,65,1074,0.1422927379608154,873.6162341177617,0.0123456790123456,2,3,False,223,0.9356408869659276,0.0247770069375619,773.577723601899,0.0433311462402343,873.6162341177617,0.0234833659491193,1021,0.0359373092651367
Macaque,ENSG00000126070-0.fa,70,1074,0.0293669700622558,873.6162341177617,0.0143540669856459,1,2,False,223,0.946178686759957,0.0247770069375619,773.577723601899,0.0433311462402343,873.6162341177617,0.0234833659491193,1021,0.0359373092651367
Macaque,ENSG00000126070-0.fa,75,1074,0.0292885303497314,873.6162341177617,0.0143540669856459,1,2,False,223,0.954374664519592,0.0247770069375619,773.577723601899,0.0433311462402343,873.6162341177617,0.0234833659491193,1021,0.0359373092651367
Macaque,ENSG00000126070-0.fa,80,1074,0.0292205810546875,873.6162341177617,0.0143540669856459,1,2,False,223,0.9625267665952892,0.0247770069375619,773.577723601899,0.0433311462402343,873.6162341177617,0.0234833659491193,1021,0.0359373092651367
Macaque,ENSG00000126070-0.fa,85,1074,0.0288915634155273,873.6162341177617,0.0143540669856459,1,2,False,223,0.9706353443673252,0.0247770069375619,773.577723601899,0.0433311462402343,873.6162341177617,0.0234833659491193,1021,0.0359373092651367
Macaque,ENSG00000126070-0.fa,90,1074,0.0288491249084472,873.6162341177617,0.0143540669856459,1,2,False,223,0.9787007454739084,0.0247770069375619,773.577723601899,0.0433311462402343,873.6162341177617,0.0234833659491193,1021,0.0359373092651367
Macaque,ENSG00000126070-0.fa,95,1074,0.028947114944458,873.6162341177617,0.0143540669856459,1,2,False,223,0.9845662586482172,0.0247770069375619,773.577723601899,0.0433311462402343,873.6162341177617,0.0234833659491193,1021,0.0359373092651367
Macaque,ENSG00000186094-1.fa,50,12812,0.3934013843536377,7725.30836134691,0.096299166828134,14,14,False,1472,0.957035680013958,0.0538732712645756,7457.510694662349,8.477466583251953,7788.924738833632,0.0481378940787711,7401,3.6456875801086426
Macaque,ENSG00000186094-1.fa,55,12812,0.675468921661377,7725.30836134691,0.1010252029047415,12,12,False,1472,0.9651454797367508,0.0538732712645756,7457.510694662349,8.477466583251953,7788.924738833632,0.0481378940787711,7401,3.6456875801086426
Macaque,ENSG00000186094-1.fa,60,12812,0.5996241569519043,7729.188655386904,0.1863182494157637,12,11,False,1472,0.972120638471798,0.0538732712645756,7457.510694662349,8.477466583251953,7788.924738833632,0.0481378940787711,7401,3.6456875801086426
Macaque,ENSG00000186094-1.fa,65,12812,0.5970616340637207,7729.188655386904,0.1909439386679444,11,10,False,1472,0.9777844362640185,0.0538732712645756,7457.510694662349,8.477466583251953,7788.924738833632,0.0481378940787711,7401,3.6456875801086426
Macaque,ENSG00000186094-1.fa,70,12812,0.6500527858734131,7729.188655386904,0.0997610513739545,10,10,False,1472,0.9825675560480778,0.0538732712645756,7457.510694662349,8.477466583251953,7788.924738833632,0.0481378940787711,7401,3.6456875801086426
Macaque,ENSG00000186094-1.fa,75,12812,0.6905252933502197,7729.188655386904,0.103469834323226,10,10,False,1472,0.9868800951086956,0.0538732712645756,7457.510694662349,8.477466583251953,7788.924738833632,0.0481378940787711,7401,3.6456875801086426
Macaque,ENSG00000186094-1.fa,80,12812,0.7557110786437988,7679.590588418949,0.2123817712811694,9,8,False,1472,0.9905620450313188,0.0538732712645756,7457.510694662349,8.477466583251953,7788.924738833632,0.0481378940787711,7401,3.6456875801086426
Macaque,ENSG00000186094-1.fa,85,12812,0.991752862930298,7654.790746786399,0.1270578303081469,6,6,False,1472,0.9934560499873344,0.0538732712645756,7457.510694662349,8.477466583251953,7788.924738833632,0.0481378940787711,7401,3.6456875801086426
Macaque,ENSG00000186094-1.fa,90,12812,1.083505630493164,7629.990366559527,0.1441532258064516,5,5,False,1472,0.9956591368846932,0.0538732712645756,7457.510694662349,8.477466583251953,7788.924738833632,0.0481378940787711,7401,3.6456875801086426
Macaque,ENSG00000186094-1.fa,95,12812,1.1920883655548096,7788.924738833632,0.0048939641109298,5,5,False,196,0.9971372037216352,0.0538732712645756,7457.510694662349,8.477466583251953,7788.924738833632,0.0481378940787711,7401,3.6456875801086426
Macaque,ENSG00000188157-0.fa,15,1136,0.0346806049346923,908.1096708367344,0.033266129032258,7,8,False,400,0.6946564885496183,0.053393665158371,906.7945295461354,0.047011375427246,883.2459612535229,0.0475336322869955,1052,0.0400998592376709
Macaque,ENSG00000188157-0.fa,20,1136,0.0321681499481201,908.1096708367344,0.0288568257491675,6,7,False,400,0.7732815964523282,0.053393665158371,906.7945295461354,0.047011375427246,883.2459612535229,0.0475336322869955,1052,0.0400998592376709
Macaque,ENSG00000188157-0.fa,25,1136,0.0301816463470459,883.2459612535229,0.0175182481751824,4,5,False,400,0.8294367693942615,0.053393665158371,906.7945295461354,0.047011375427246,883.2459612535229,0.0475336322869955,1052,0.0400998592376709
Macaque,ENSG00000188157-0.fa,30,1136,0.0295982360839843,883.2459612535229,0.0153374233128834,4,5,False,400,0.8666666666666667,0.053393665158371,906.7945295461354,0.047011375427246,883.2459612535229,0.0475336322869955,1052,0.0400998592376709
Macaque,ENSG00000188157-0.fa,35,1136,0.0310373306274414,883.2459612535229,0.0145867098865478,4,5,False,365,0.9002518891687658,0.053393665158371,906.7945295461354,0.047011375427246,883.2459612535229,0.0475336322869955,1052,0.0400998592376709
Macaque,ENSG00000188157-0.fa,40,1136,0.0360784530639648,883.2459612535229,0.1495327102803738,4,4,False,320,0.9263833992094862,0.053393665158371,906.7945295461354,0.047011375427246,883.2459612535229,0.0475336322869955,1052,0.0400998592376709
Macaque,ENSG00000188157-0.fa,45,1136,0.0309300422668457,883.2459612535229,0.0131578947368421,3,4,False,320,0.9464198733560644,0.053393665158371,906.7945295461354,0.047011375427246,883.2459612535229,0.0475336322869955,1052,0.0400998592376709
Macaque,ENSG00000188157-0.fa,50,1136,0.0293076038360595,883.2459612535229,0.012396694214876,3,4,False,272,0.9629094412331408,0.053393665158371,906.7945295461354,0.047011375427246,883.2459612535229,0.0475336322869955,1052,0.0400998592376709
Macaque,ENSG00000188157-0.fa,55,1136,0.0347414016723632,883.2459612535229,0.010204081632653,3,3,False,272,0.975621414913958,0.053393665158371,906.7945295461354,0.047011375427246,883.2459612535229,0.0475336322869955,1052,0.0400998592376709
Macaque,ENSG00000188157-0.fa,60,1136,0.2429208755493164,883.2459612535229,0.0119402985074626,2,2,False,272,0.9866983372921616,0.053393665158371,906.7945295461354,0.047011375427246,883.2459612535229,0.0475336322869955,1052,0.0400998592376709
Macaque,ENSG00000188157-0.fa,65,1136,0.0380580425262451,883.2459612535229,0.0147058823529411,2,1,False,272,0.9957426679280984,0.053393665158371,906.7945295461354,0.047011375427246,883.2459612535229,0.0475336322869955,1052,0.0400998592376709
Macaque,ENSG00000188157-1.fa,15,1071,0.0264320373535156,921.7310431903768,0.0579857578840284,4,5,False,267,0.803988603988604,0.0686653771760154,768.5367604340207,0.043452501296997,864.0869894242132,0.0625,888,0.0369570255279541
Macaque,ENSG00000188157-1.fa,20,1071,0.0261371135711669,921.7310431903768,0.0510585305105853,4,5,False,267,0.8840811965811965,0.0686653771760154,768.5367604340207,0.043452501296997,864.0869894242132,0.0625,888,0.0369570255279541
Macaque,ENSG00000188157-1.fa,25,1071,0.0293424129486084,888.9052718123676,0.0410742496050552,4,5,False,267,0.9283505154639176,0.0686653771760154,768.5367604340207,0.043452501296997,864.0869894242132,0.0625,888,0.0369570255279541
Macaque,ENSG00000188157-1.fa,30,1071,0.0288858413696289,888.9052718123676,0.0366598778004073,4,4,False,267,0.9561049445005044,0.0686653771760154,768.5367604340207,0.043452501296997,864.0869894242132,0.0625,888,0.0369570255279541
Macaque,ENSG00000188157-1.fa,35,1071,0.0295882225036621,864.0869894242132,0.0298507462686567,4,4,False,267,0.9720419370943584,0.0686653771760154,768.5367604340207,0.043452501296997,864.0869894242132,0.0625,888,0.0369570255279541
Macaque,ENSG00000188157-1.fa,40,1071,0.0242552757263183,728.3464222858547,0.3186619718309859,2,2,False,511,0.9836309523809524,0.0686653771760154,768.5367604340207,0.043452501296997,864.0869894242132,0.0625,888,0.0369570255279541
Macaque,ENSG00000188157-1.fa,45,1071,0.0360286235809326,864.0869894242132,0.0,2,2,False,57,0.9920909540286704,0.0686653771760154,768.5367604340207,0.043452501296997,864.0869894242132,0.0625,888,0.0369570255279541
Macaque,ENSG00000188157-1.fa,50,1071,0.0457382202148437,864.0869894242132,0.0,1,1,False,57,0.9960415635823848,0.0686653771760154,768.5367604340207,0.043452501296997,864.0869894242132,0.0625,888,0.0369570255279541
Macaque,ENSG00000188157-1.fa,55,1071,0.0449762344360351,864.0869894242132,0.0,1,1,False,57,0.9985119047619048,0.0686653771760154,768.5367604340207,0.043452501296997,864.0869894242132,0.0625,888,0.0369570255279541
Macaque,ENSG00000153207-0.fa,15,1135,0.0359535217285156,875.2276964735763,0.0328947368421052,8,8,False,233,0.6907582938388626,0.0487580496780128,692.1987084699324,0.047210693359375,850.3601686124262,0.0462375339981867,270,0.0372471809387207
Macaque,ENSG00000153207-0.fa,20,1135,0.0330810546875,875.2276964735763,0.0252206809583858,7,7,False,233,0.7591652566271856,0.0487580496780128,692.1987084699324,0.047210693359375,850.3601686124262,0.0462375339981867,270,0.0372471809387207
Macaque,ENSG00000153207-0.fa,25,1135,0.0362131595611572,875.2276964735763,0.0225763612217795,7,7,False,233,0.8071895424836601,0.0487580496780128,692.1987084699324,0.047210693359375,850.3601686124262,0.0462375339981867,270,0.0372471809387207
Macaque,ENSG00000153207-0.fa,30,1135,0.0335125923156738,850.3601686124262,0.0163690476190476,6,6,False,233,0.8465608465608465,0.0487580496780128,692.1987084699324,0.047210693359375,850.3601686124262,0.0462375339981867,270,0.0372471809387207
Macaque,ENSG00000153207-0.fa,35,1135,0.0358169078826904,850.3601686124262,0.0086655112651646,6,6,False,166,0.8768115942028986,0.0487580496780128,692.1987084699324,0.047210693359375,850.3601686124262,0.0462375339981867,270,0.0372471809387207
Macaque,ENSG00000177674-0.fa,70,13323,1.30064058303833,5482.072861177443,0.6026490066225165,5,4,False,1437,0.9969278033794164,0.0709787597395666,1621.394909189943,8.85253095626831,5482.072861177443,0.0590379008746355,1863,3.762160301208496
Macaque,ENSG00000177674-0.fa,75,13323,3.0535776615142822,5482.072861177443,0.0305555555555555,3,2,False,280,0.9978422341175982,0.0709787597395666,1621.394909189943,8.85253095626831,5482.072861177443,0.0590379008746355,1863,3.762160301208496
Macaque,ENSG00000177674-0.fa,80,13323,3.162026882171631,5482.072861177443,0.7078761277737138,3,1,False,4101,0.9984649850647196,0.0709787597395666,1621.394909189943,8.85253095626831,5482.072861177443,0.0590379008746355,1863,3.762160301208496
Macaque,ENSG00000177674-0.fa,85,13323,7.171545267105103,5482.072861177443,0.0,2,1,False,114,0.9987552383718518,0.0709787597395666,1621.394909189943,8.85253095626831,5482.072861177443,0.0590379008746355,1863,3.762160301208496
Macaque,ENSG00000177674-0.fa,90,13323,7.295062065124512,5482.072861177443,0.0,2,1,False,114,0.9989624833997344,0.0709787597395666,1621.394909189943,8.85253095626831,5482.072861177443,0.0590379008746355,1863,3.762160301208496
Macaque,ENSG00000177674-0.fa,95,13323,7.154987335205078,5482.072861177443,0.0,2,1,False,114,0.9991698144535304,0.0709787597395666,1621.394909189943,8.85253095626831,5482.072861177443,0.0590379008746355,1863,3.762160301208496
Macaque,ENSG00000154027-0.fa,15,731,0.0189478397369384,648.359661697012,0.0344332855093256,2,3,False,361,0.6210221793635486,0.0369843527738264,552.3370514708341,0.022773265838623,648.359661697012,0.0357634112792297,523,0.0188159942626953
Macaque,ENSG00000154027-0.fa,20,731,0.0174705982208251,648.359661697012,0.0338235294117647,2,3,False,361,0.7031963470319635,0.0369843527738264,552.3370514708341,0.022773265838623,648.359661697012,0.0357634112792297,523,0.0188159942626953
Macaque,ENSG00000154027-0.fa,25,731,0.0166325569152832,648.359661697012,0.0319488817891373,2,3,False,361,0.7566137566137566,0.0369843527738264,552.3370514708341,0.022773265838623,648.359661697012,0.0357634112792297,523,0.0188159942626953
Macaque,ENSG00000154027-0.fa,30,731,0.016111135482788,648.359661697012,0.0319488817891373,2,3,False,361,0.7972508591065293,0.0369843527738264,552.3370514708341,0.022773265838623,648.359661697012,0.0357634112792297,523,0.0188159942626953
Macaque,ENSG00000154027-0.fa,35,731,0.1352078914642334,648.359661697012,0.0337268128161888,1,2,False,361,0.8319327731092436,0.0369843527738264,552.3370514708341,0.022773265838623,648.359661697012,0.0357634112792297,523,0.0188159942626953
Macaque,ENSG00000154027-0.fa,40,731,0.0147540569305419,648.359661697012,0.0337268128161888,1,2,False,361,0.859504132231405,0.0369843527738264,552.3370514708341,0.022773265838623,648.359661697012,0.0357634112792297,523,0.0188159942626953
Macaque,ENSG00000154027-0.fa,45,731,0.0140247344970703,648.359661697012,0.0337268128161888,1,2,False,361,0.8816326530612245,0.0369843527738264,552.3370514708341,0.022773265838623,648.359661697012,0.0357634112792297,523,0.0188159942626953
Macaque,ENSG00000154027-0.fa,50,731,0.0181622505187988,648.359661697012,0.0249307479224376,1,1,False,361,0.8943089430894309,0.0369843527738264,552.3370514708341,0.022773265838623,648.359661697012,0.0357634112792297,523,0.0188159942626953
Macaque,ENSG00000154027-0.fa,55,731,0.0176076889038085,648.359661697012,0.0249307479224376,1,1,False,361,0.902439024390244,0.0369843527738264,552.3370514708341,0.022773265838623,648.359661697012,0.0357634112792297,523,0.0188159942626953
Macaque,ENSG00000154027-0.fa,60,731,0.0176007747650146,648.359661697012,0.0249307479224376,1,1,False,361,0.9105691056910568,0.0369843527738264,552.3370514708341,0.022773265838623,648.359661697012,0.0357634112792297,523,0.0188159942626953
Macaque,ENSG00000154027-0.fa,65,731,0.017374038696289,648.359661697012,0.0249307479224376,1,1,False,361,0.91869918699187,0.0369843527738264,552.3370514708341,0.022773265838623,648.359661697012,0.0357634112792297,523,0.0188159942626953
Macaque,ENSG00000154027-0.fa,70,731,0.0175611972808837,648.359661697012,0.0249307479224376,1,1,False,361,0.926829268292683,0.0369843527738264,552.3370514708341,0.022773265838623,648.359661697012,0.0357634112792297,523,0.0188159942626953
Macaque,ENSG00000154027-0.fa,75,731,0.0192694664001464,648.359661697012,0.0249307479224376,1,1,False,361,0.934959349593496,0.0369843527738264,552.3370514708341,0.022773265838623,648.359661697012,0.0357634112792297,523,0.0188159942626953
Macaque,ENSG00000154027-0.fa,80,731,0.0172383785247802,648.359661697012,0.0249307479224376,1,1,False,361,0.943089430894309,0.0369843527738264,552.3370514708341,0.022773265838623,648.359661697012,0.0357634112792297,523,0.0188159942626953
Macaque,ENSG00000154027-0.fa,85,731,0.0174362659454345,648.359661697012,0.0249307479224376,1,1,False,361,0.951219512195122,0.0369843527738264,552.3370514708341,0.022773265838623,648.359661697012,0.0357634112792297,523,0.0188159942626953
Macaque,ENSG00000154027-0.fa,90,731,0.0175316333770751,648.359661697012,0.0249307479224376,1,1,False,361,0.959349593495935,0.0369843527738264,552.3370514708341,0.022773265838623,648.359661697012,0.0357634112792297,523,0.0188159942626953
Macaque,ENSG00000154027-0.fa,95,731,0.0167768001556396,648.359661697012,0.0249307479224376,1,1,False,361,0.967479674796748,0.0369843527738264,552.3370514708341,0.022773265838623,648.359661697012,0.0357634112792297,523,0.0188159942626953
Macaque,ENSG00000174574-0.fa,90,7076,1.8308236598968504,4658.229128537791,0.0,3,2,False,98,0.9991174523792012,0.0664666166541635,4820.127448162925,2.4102120399475098,4658.229128537791,0.0578155267471315,1758,1.194507360458374
Macaque,ENSG00000174574-0.fa,95,7076,2.141437530517578,4658.229128537791,0.0,2,1,False,98,0.9997057741816844,0.0664666166541635,4820.127448162925,2.4102120399475098,4658.229128537791,0.0578155267471315,1758,1.194507360458374
Macaque,ENSG00000174574-1.fa,30,7992,0.3267769813537597,4010.276851663725,0.1785970792434761,24,22,True,668,0.8686860800999298,0.0516008703761268,3413.0265459755965,2.5894927978515625,3626.0650540443767,0.0488658852184503,3277,1.3582770824432373
Macaque,ENSG00000053371-1.fa,10,273,0.0062975883483886,263.79620333520097,0.0329670329670329,0,1,False,273,0.4096385542168674,0.0329670329670329,263.79620333520097,0.0067460536956787,263.79620333520097,0.0329670329670329,273,0.0055041313171386
Macaque,ENSG00000053371-1.fa,15,273,0.0051002502441406,263.79620333520097,0.0329670329670329,0,1,False,273,0.5242165242165242,0.0329670329670329,263.79620333520097,0.0067460536956787,263.79620333520097,0.0329670329670329,273,0.0055041313171386
Macaque,ENSG00000053371-1.fa,20,273,0.0047798156738281,263.79620333520097,0.0329670329670329,0,1,False,273,0.592797783933518,0.0329670329670329,263.79620333520097,0.0067460536956787,263.79620333520097,0.0329670329670329,273,0.0055041313171386
Macaque,ENSG00000053371-1.fa,25,273,0.0048720836639404,263.79620333520097,0.0329670329670329,0,1,False,273,0.654054054054054,0.0329670329670329,263.79620333520097,0.0067460536956787,263.79620333520097,0.0329670329670329,273,0.0055041313171386
Macaque,ENSG00000053371-1.fa,30,273,0.0045342445373535,263.79620333520097,0.0329670329670329,0,1,False,273,0.6986666666666667,0.0329670329670329,263.79620333520097,0.0067460536956787,263.79620333520097,0.0329670329670329,273,0.0055041313171386
Macaque,ENSG00000053371-1.fa,35,273,0.0038268566131591,263.79620333520097,0.0329670329670329,0,1,False,273,0.7320954907161803,0.0329670329670329,263.79620333520097,0.0067460536956787,263.79620333520097,0.0329670329670329,273,0.0055041313171386
Macaque,ENSG00000053371-1.fa,40,273,0.003774881362915,263.79620333520097,0.0329670329670329,0,1,False,273,0.7419354838709677,0.0329670329670329,263.79620333520097,0.0067460536956787,263.79620333520097,0.0329670329670329,273,0.0055041313171386
Macaque,ENSG00000053371-1.fa,45,273,0.0039734840393066,263.79620333520097,0.0329670329670329,0,1,False,273,0.7520435967302452,0.0329670329670329,263.79620333520097,0.0067460536956787,263.79620333520097,0.0329670329670329,273,0.0055041313171386
Macaque,ENSG00000053371-1.fa,50,273,0.0045392513275146,263.79620333520097,0.0329670329670329,0,1,False,273,0.7624309392265194,0.0329670329670329,263.79620333520097,0.0067460536956787,263.79620333520097,0.0329670329670329,273,0.0055041313171386
Macaque,ENSG00000053371-1.fa,55,273,0.0034375190734863,263.79620333520097,0.0329670329670329,0,1,False,273,0.773109243697479,0.0329670329670329,263.79620333520097,0.0067460536956787,263.79620333520097,0.0329670329670329,273,0.0055041313171386
Macaque,ENSG00000053371-1.fa,60,273,0.0034825801849365,263.79620333520097,0.0329670329670329,0,1,False,273,0.7840909090909091,0.0329670329670329,263.79620333520097,0.0067460536956787,263.79620333520097,0.0329670329670329,273,0.0055041313171386
Macaque,ENSG00000053371-1.fa,65,273,0.0036416053771972,263.79620333520097,0.0329670329670329,0,1,False,273,0.7953890489913544,0.0329670329670329,263.79620333520097,0.0067460536956787,263.79620333520097,0.0329670329670329,273,0.0055041313171386
Macaque,ENSG00000053371-1.fa,70,273,0.0033977031707763,263.79620333520097,0.0329670329670329,0,1,False,273,0.8070175438596492,0.0329670329670329,263.79620333520097,0.0067460536956787,263.79620333520097,0.0329670329670329,273,0.0055041313171386
Macaque,ENSG00000053371-1.fa,75,273,0.0043895244598388,263.79620333520097,0.0329670329670329,0,1,False,273,0.8189910979228486,0.0329670329670329,263.79620333520097,0.0067460536956787,263.79620333520097,0.0329670329670329,273,0.0055041313171386
Macaque,ENSG00000053371-1.fa,80,273,0.0032429695129394,263.79620333520097,0.0329670329670329,0,1,False,273,0.8313253012048193,0.0329670329670329,263.79620333520097,0.0067460536956787,263.79620333520097,0.0329670329670329,273,0.0055041313171386
Macaque,ENSG00000053371-1.fa,85,273,0.0031771659851074,263.79620333520097,0.0329670329670329,0,1,False,273,0.8440366972477065,0.0329670329670329,263.79620333520097,0.0067460536956787,263.79620333520097,0.0329670329670329,273,0.0055041313171386
Macaque,ENSG00000053371-1.fa,90,273,0.0031538009643554,263.79620333520097,0.0329670329670329,0,1,False,273,0.8571428571428572,0.0329670329670329,263.79620333520097,0.0067460536956787,263.79620333520097,0.0329670329670329,273,0.0055041313171386
Macaque,ENSG00000053371-1.fa,95,273,0.0033800601959228,263.79620333520097,0.0329670329670329,0,1,False,273,0.8706624605678234,0.0329670329670329,263.79620333520097,0.0067460536956787,263.79620333520097,0.0329670329670329,273,0.0055041313171386
Macaque,ENSG00000117448-1.fa,70,9144,0.4189860820770263,5790.56139037442,0.3048245614035088,10,10,False,1618,0.9681689632348516,0.0554075652637187,3821.832249517012,3.7351770401000977,5761.336291917924,0.0524441169245885,1420,1.8901207447052
Macaque,ENSG00000117448-1.fa,75,9144,0.7809858322143555,5786.187586581282,0.006997900629811,9,10,False,297,0.9717405651886962,0.0554075652637187,3821.832249517012,3.7351770401000977,5761.336291917924,0.0524441169245885,1420,1.8901207447052
Macaque,ENSG00000117448-1.fa,80,9144,0.864253044128418,5786.187586581282,0.00740192450037,8,9,False,297,0.9750463766381424,0.0554075652637187,3821.832249517012,3.7351770401000977,5761.336291917924,0.0524441169245885,1420,1.8901207447052
Macaque,ENSG00000117448-1.fa,85,9144,0.9051024913787842,5786.187586581282,0.0072756669361358,8,8,False,297,0.9780908602471494,0.0554075652637187,3821.832249517012,3.7351770401000977,5761.336291917924,0.0524441169245885,1420,1.8901207447052
Macaque,ENSG00000117448-1.fa,90,9144,0.9099812507629396,5761.336291917924,0.1018119068162208,8,7,False,284,0.9806351665375678,0.0554075652637187,3821.832249517012,3.7351770401000977,5761.336291917924,0.0524441169245885,1420,1.8901207447052
Macaque,ENSG00000117448-1.fa,95,9144,0.9050683975219728,5761.336291917924,0.0043715846994535,6,6,False,185,0.9827463112803428,0.0554075652637187,3821.832249517012,3.7351770401000977,5761.336291917924,0.0524441169245885,1420,1.8901207447052
Macaque,ENSG00000211454-1.fa,60,1450,0.0589642524719238,-211.15447030054668,0.0,1,1,False,61,0.9991122947181535,0.0778508771929824,216.038400526544,0.1221351623535156,-211.15447030054668,0.0693391115926327,894,0.0414161682128906
Macaque,ENSG00000162482.fa,45,7187,0.3492205142974853,-904.4399822462224,0.0170394036208732,11,10,False,210,0.974127126230976,0.0,-11655.0,1.7914760112762451,-904.4399822462224,0.0635321100917431,2570,0.8707704544067383
Macaque,ENSG00000162482.fa,50,7187,0.2545509338378906,-904.4399822462224,0.0213618157543391,7,6,False,210,0.97904405207776,0.0,-11655.0,1.7914760112762451,-904.4399822462224,0.0635321100917431,2570,0.8707704544067383
Macaque,ENSG00000162482.fa,55,7187,0.3792793750762939,-904.4399822462224,0.0213618157543391,7,6,False,210,0.982657417289221,0.0,-11655.0,1.7914760112762451,-904.4399822462224,0.0635321100917431,2570,0.8707704544067383
Macaque,ENSG00000162482.fa,60,7187,0.2650642395019531,-904.4399822462224,0.0033167495854063,7,6,False,196,0.9861616251219728,0.0,-11655.0,1.7914760112762451,-904.4399822462224,0.0635321100917431,2570,0.8707704544067383
Macaque,ENSG00000162482.fa,65,7187,0.420450210571289,-904.4399822462224,0.0,6,5,False,109,0.9889321763768372,0.0,-11655.0,1.7914760112762451,-904.4399822462224,0.0635321100917431,2570,0.8707704544067383
Macaque,ENSG00000162482.fa,70,7187,0.4977140426635742,-904.4399822462224,0.0,5,4,False,109,0.9911574851887875,0.0,-11655.0,1.7914760112762451,-904.4399822462224,0.0635321100917431,2570,0.8707704544067383
Macaque,ENSG00000162482.fa,75,7187,0.4053974151611328,-904.4399822462224,0.0,4,3,False,109,0.992932237830197,0.0,-11655.0,1.7914760112762451,-904.4399822462224,0.0635321100917431,2570,0.8707704544067383
Macaque,ENSG00000162482.fa,80,7187,0.5111241340637207,-904.4399822462224,0.0,4,3,False,109,0.9942599788060756,0.0,-11655.0,1.7914760112762451,-904.4399822462224,0.0635321100917431,2570,0.8707704544067383
Macaque,ENSG00000162482.fa,85,7187,0.5269014835357666,-904.4399822462224,0.0,4,3,False,109,0.9955865477976874,0.0,-11655.0,1.7914760112762451,-904.4399822462224,0.0635321100917431,2570,0.8707704544067383
Macaque,ENSG00000162482.fa,90,7187,0.4040999412536621,-904.4399822462224,0.0,4,3,False,109,0.9969119463560968,0.0,-11655.0,1.7914760112762451,-904.4399822462224,0.0635321100917431,2570,0.8707704544067383
Macaque,ENSG00000162482.fa,95,7187,0.5221841335296631,-904.4399822462224,0.0,3,2,False,109,0.997971065631616,0.0,-11655.0,1.7914760112762451,-904.4399822462224,0.0635321100917431,2570,0.8707704544067383
Macaque,ENSG00000053371-0.fa,50,9987,0.4855144023895263,7700.209479311032,0.1706422018348624,15,14,False,1031,0.9807452771434504,0.0662244792206446,7173.00929319028,5.710432529449463,7568.010387790535,0.0603076923076923,8370,2.5490026473999023
Macaque,ENSG00000053371-0.fa,55,9987,0.5669198036193848,7650.61115470846,0.0741435945565462,10,9,False,559,0.9870994375354766,0.0662244792206446,7173.00929319028,5.710432529449463,7568.010387790535,0.0603076923076923,8370,2.5490026473999023
Macaque,ENSG00000053371-0.fa,60,9987,0.4785547256469726,7576.209030074915,0.0829090909090909,10,9,False,559,0.9904806010085416,0.0662244792206446,7173.00929319028,5.710432529449463,7568.010387790535,0.0603076923076923,8370,2.5490026473999023
Macaque,ENSG00000053371-0.fa,65,9987,0.8533143997192383,7568.010387790535,0.0,8,7,False,121,0.9930676799835678,0.0662244792206446,7173.00929319028,5.710432529449463,7568.010387790535,0.0603076923076923,8370,2.5490026473999023
Macaque,ENSG00000053371-0.fa,70,9987,1.0578315258026123,7568.010387790535,0.0,7,6,False,121,0.9948715318734294,0.0662244792206446,7173.00929319028,5.710432529449463,7568.010387790535,0.0603076923076923,8370,2.5490026473999023
Macaque,ENSG00000053371-0.fa,75,9987,1.016829252243042,7568.010387790535,0.0,5,4,False,121,0.9963623322061688,0.0662244792206446,7173.00929319028,5.710432529449463,7568.010387790535,0.0603076923076923,8370,2.5490026473999023
Macaque,ENSG00000053371-0.fa,80,9987,1.7974395751953125,7568.010387790535,0.3471074380165289,4,2,False,242,0.9972856703882004,0.0662244792206446,7173.00929319028,5.710432529449463,7568.010387790535,0.0603076923076923,8370,2.5490026473999023
Macaque,ENSG00000053371-0.fa,85,9987,1.8195953369140625,7568.010387790535,0.0,3,2,False,121,0.9978491319711168,0.0662244792206446,7173.00929319028,5.710432529449463,7568.010387790535,0.0603076923076923,8370,2.5490026473999023
Macaque,ENSG00000053371-0.fa,90,9987,2.5993051528930664,7568.010387790535,0.0,2,1,False,121,0.9983612434065652,0.0662244792206446,7173.00929319028,5.710432529449463,7568.010387790535,0.0603076923076923,8370,2.5490026473999023
Macaque,ENSG00000053371-0.fa,95,9987,2.571986436843872,7568.010387790535,0.0,2,1,False,121,0.998616944985145,0.0662244792206446,7173.00929319028,5.710432529449463,7568.010387790535,0.0603076923076923,8370,2.5490026473999023
Macaque,ENSG00000211454-0.fa,30,6809,0.2984559535980224,2337.772110460259,0.3605255117629086,18,15,False,1184,0.9421762747503066,0.0824517734909769,-3490.7306130726824,1.9313113689422607,2033.8173481833887,0.0693218110088296,2690,0.9328982830047609
Macaque,ENSG00000211454-0.fa,35,6809,0.2040743827819824,2058.6167408008887,0.0346220427005193,14,14,False,558,0.9547738693467336,0.0824517734909769,-3490.7306130726824,1.9313113689422607,2033.8173481833887,0.0693218110088296,2690,0.9328982830047609
Macaque,ENSG00000211454-0.fa,40,6809,0.3414857387542724,2058.6167408008887,0.0373417721518987,11,11,False,558,0.9640770024063252,0.0824517734909769,-3490.7306130726824,1.9313113689422607,2033.8173481833887,0.0693218110088296,2690,0.9328982830047609
Macaque,ENSG00000211454-0.fa,45,6809,0.2366058826446533,2058.6167408008887,0.1091644204851752,10,9,False,385,0.97095010252905,0.0824517734909769,-3490.7306130726824,1.9313113689422607,2033.8173481833887,0.0693218110088296,2690,0.9328982830047609
Macaque,ENSG00000211454-0.fa,50,6809,0.3729715347290039,2058.6167408008887,0.0370931112793338,9,9,False,385,0.9771355716107096,0.0824517734909769,-3490.7306130726824,1.9313113689422607,2033.8173481833887,0.0693218110088296,2690,0.9328982830047609
Macaque,ENSG00000211454-0.fa,55,6809,0.4040827751159668,2058.6167408008887,0.0274841437632135,7,6,False,385,0.9824828636709824,0.0824517734909769,-3490.7306130726824,1.9313113689422607,2033.8173481833887,0.0693218110088296,2690,0.9328982830047609
Macaque,ENSG00000211454-0.fa,60,6809,0.3092803955078125,2033.8173481833887,0.0088626292466765,6,5,False,249,0.9858179976363328,0.0824517734909769,-3490.7306130726824,1.9313113689422607,2033.8173481833887,0.0693218110088296,2690,0.9328982830047609
Macaque,ENSG00000211454-0.fa,65,6809,0.4128985404968261,2033.8173481833887,0.0088626292466765,6,5,False,249,0.9887962260972116,0.0824517734909769,-3490.7306130726824,1.9313113689422607,2033.8173481833887,0.0693218110088296,2690,0.9328982830047609
Macaque,ENSG00000211454-0.fa,70,6809,0.5683059692382812,2033.8173481833887,0.0098199672667757,5,4,False,249,0.991507609518204,0.0824517734909769,-3490.7306130726824,1.9313113689422607,2033.8173481833887,0.0693218110088296,2690,0.9328982830047609
Macaque,ENSG00000211454-0.fa,75,6809,0.4966137409210205,2033.8173481833887,0.0111524163568773,4,3,False,249,0.9939556749496308,0.0824517734909769,-3490.7306130726824,1.9313113689422607,2033.8173481833887,0.0693218110088296,2690,0.9328982830047609
Macaque,ENSG00000211454-0.fa,80,6809,0.6192314624786377,2033.8173481833887,0.0053050397877984,4,3,False,173,0.9958067762495808,0.0824517734909769,-3490.7306130726824,1.9313113689422607,2033.8173481833887,0.0693218110088296,2690,0.9328982830047609
Macaque,ENSG00000211454-0.fa,85,6809,0.6373233795166016,2033.8173481833887,0.0,3,2,False,116,0.9969818913480886,0.0824517734909769,-3490.7306130726824,1.9313113689422607,2033.8173481833887,0.0693218110088296,2690,0.9328982830047609
Macaque,ENSG00000211454-0.fa,90,6809,0.6081583499908447,2033.8173481833887,0.0,2,1,False,116,0.9977362287247422,0.0824517734909769,-3490.7306130726824,1.9313113689422607,2033.8173481833887,0.0693218110088296,2690,0.9328982830047609
Macaque,ENSG00000211454-0.fa,95,6809,0.7117197513580322,2033.8173481833887,0.0,2,1,False,116,0.9981546720348936,0.0824517734909769,-3490.7306130726824,1.9313113689422607,2033.8173481833887,0.0693218110088296,2690,0.9328982830047609
Macaque,ENSG00000156150.fa,50,10907,0.4897987842559814,8810.668682223077,0.1016150740242261,23,20,False,917,0.9579382445903234,0.0491471523561723,8091.522100677226,6.746304035186768,8785.804643541016,0.0482063835797005,7759,2.9786410331726074
Macaque,ENSG00000156150.fa,55,10907,0.4010787010192871,8785.804643541016,0.0195768866435112,18,17,False,626,0.9655671994977544,0.0491471523561723,8091.522100677226,6.746304035186768,8785.804643541016,0.0482063835797005,7759,2.9786410331726074
Macaque,ENSG00000156150.fa,60,10907,0.5493576526641846,8785.804643541016,0.018348623853211,15,14,False,626,0.971563070419829,0.0491471523561723,8091.522100677226,6.746304035186768,8785.804643541016,0.0482063835797005,7759,2.9786410331726074
Macaque,ENSG00000156150.fa,65,10907,0.604891300201416,8785.804643541016,0.018794048551292,14,13,False,626,0.9763704199751267,0.0491471523561723,8091.522100677226,6.746304035186768,8785.804643541016,0.0482063835797005,7759,2.9786410331726074
Macaque,ENSG00000156150.fa,70,10907,0.6273858547210693,8785.804643541016,0.0565648224607762,14,12,False,626,0.9807490708091108,0.0491471523561723,8091.522100677226,6.746304035186768,8785.804643541016,0.0482063835797005,7759,2.9786410331726074
Macaque,ENSG00000156150.fa,75,10907,0.6911027431488037,8785.804643541016,0.2840095465393795,11,9,False,1490,0.9844195325859776,0.0491471523561723,8091.522100677226,6.746304035186768,8785.804643541016,0.0482063835797005,7759,2.9786410331726074
Macaque,ENSG00000156150.fa,80,10907,0.787294864654541,8785.804643541016,0.0027347310847766,10,9,False,242,0.9870117557830868,0.0491471523561723,8091.522100677226,6.746304035186768,8785.804643541016,0.0482063835797005,7759,2.9786410331726074
Macaque,ENSG00000156150.fa,85,10907,0.5803613662719727,6985.245400648484,0.4170918367346938,7,6,False,3954,0.9894019682059046,0.0491471523561723,8091.522100677226,6.746304035186768,8785.804643541016,0.0482063835797005,7759,2.9786410331726074
Macaque,ENSG00000156150.fa,90,10907,0.9979639053344728,8785.804643541016,0.0035671819262782,7,6,False,242,0.9912591542641151,0.0491471523561723,8091.522100677226,6.746304035186768,8785.804643541016,0.0482063835797005,7759,2.9786410331726074
Macaque,ENSG00000156150.fa,95,10907,1.634211540222168,8785.804643541016,0.004,6,5,False,242,0.992778590645207,0.0491471523561723,8091.522100677226,6.746304035186768,8785.804643541016,0.0482063835797005,7759,2.9786410331726074
Macaque,ENSG00000116337.fa,50,16021,0.5363743305206299,13958.171293423477,0.0363746589875719,32,32,False,1701,0.9164901974178564,0.0420749279538904,13459.85157992417,14.285956144332886,13891.858731345385,0.0396202531645569,14870,6.4816553592681885
Macaque,ENSG00000116337.fa,55,16021,0.3915729522705078,13958.171293423477,0.0556449989937613,31,31,False,1560,0.9303855104725286,0.0420749279538904,13459.85157992417,14.285956144332886,13891.858731345385,0.0396202531645569,14870,6.4816553592681885
Macaque,ENSG00000116337.fa,60,16021,0.7100436687469482,13908.43207563078,0.093694999482348,29,27,False,1560,0.941893064548428,0.0420749279538904,13459.85157992417,14.285956144332886,13891.858731345385,0.0396202531645569,14870,6.4816553592681885
Macaque,ENSG00000116337.fa,65,16021,0.4153280258178711,13908.43207563078,0.1313236313236313,24,23,False,1560,0.9509102946044355,0.0420749279538904,13459.85157992417,14.285956144332886,13891.858731345385,0.0396202531645569,14870,6.4816553592681885
Macaque,ENSG00000116337.fa,70,16021,0.7637238502502441,13908.43207563078,0.0397018970189701,23,23,False,1560,0.9580702446724546,0.0420749279538904,13459.85157992417,14.285956144332886,13891.858731345385,0.0396202531645569,14870,6.4816553592681885
Macaque,ENSG00000171819.fa,75,6702,0.3186476230621338,5634.522387795284,0.0024721878862793,7,6,False,232,0.9833771455079636,0.0499390986601705,5587.569667841663,2.145329713821411,5634.522387795284,0.0477634571645185,3805,1.151726484298706
Macaque,ENSG00000171819.fa,80,6702,0.4287106990814209,5634.522387795284,0.0024721878862793,7,6,False,232,0.9865010799136068,0.0499390986601705,5587.569667841663,2.145329713821411,5634.522387795284,0.0477634571645185,3805,1.151726484298706
Macaque,ENSG00000171819.fa,85,6702,0.313481330871582,5634.522387795284,0.0024721878862793,7,6,False,232,0.9896105895028474,0.0499390986601705,5587.569667841663,2.145329713821411,5634.522387795284,0.0477634571645185,3805,1.151726484298706
Macaque,ENSG00000171819.fa,90,6702,0.5304887294769287,5634.522387795284,0.001577287066246,6,5,False,232,0.9923963133640552,0.0499390986601705,5587.569667841663,2.145329713821411,5634.522387795284,0.0477634571645185,3805,1.151726484298706
Macaque,ENSG00000171819.fa,95,6702,0.459101915359497,5634.522387795284,0.001577287066246,6,5,False,232,0.9947085889570552,0.0499390986601705,5587.569667841663,2.145329713821411,5634.522387795284,0.0477634571645185,3805,1.151726484298706
Macaque,ENSG00000134262.fa,30,12226,0.4267983436584472,-6858.0,0.0875103562551781,33,32,True,937,0.8482967596891647,0.0469438083494803,8947.5888491417,8.255082130432129,9151.585511511586,0.0426200873362445,5586,3.690814256668091
Macaque,ENSG00000134262.fa,35,12226,0.2806105613708496,9325.738871572945,0.0338578922269909,27,27,True,795,0.8808641975308642,0.0469438083494803,8947.5888491417,8.255082130432129,9151.585511511586,0.0426200873362445,5586,3.690814256668091
Macaque,ENSG00000134262.fa,55,12226,0.4948513507843017,9176.466068440392,0.0236746256576284,19,18,True,696,0.9455757955511792,0.0469438083494803,8947.5888491417,8.255082130432129,9151.585511511586,0.0426200873362445,5586,3.690814256668091
Macaque,ENSG00000134262.fa,60,12226,0.5241827964782715,9176.466068440392,0.0219058050383351,18,17,True,696,0.9543638462221432,0.0469438083494803,8947.5888491417,8.255082130432129,9151.585511511586,0.0426200873362445,5586,3.690814256668091
Macaque,ENSG00000134262.fa,65,12226,0.5319499969482422,9176.466068440392,0.0226079013473395,16,15,False,686,0.9620944992947814,0.0469438083494803,8947.5888491417,8.255082130432129,9151.585511511586,0.0426200873362445,5586,3.690814256668091
Macaque,ENSG00000134262.fa,70,12226,0.5766305923461914,9176.466068440392,0.1278497988377291,13,12,False,876,0.9687171398527864,0.0469438083494803,8947.5888491417,8.255082130432129,9151.585511511586,0.0426200873362445,5586,3.690814256668091
Macaque,ENSG00000134262.fa,75,12226,0.6699447631835938,9176.466068440392,0.0233463035019455,12,11,False,634,0.9739653743840216,0.0469438083494803,8947.5888491417,8.255082130432129,9151.585511511586,0.0426200873362445,5586,3.690814256668091
Macaque,ENSG00000134262.fa,80,12226,0.6995933055877686,9151.585511511586,0.0134529147982062,11,10,False,619,0.97827786949344,0.0469438083494803,8947.5888491417,8.255082130432129,9151.585511511586,0.0426200873362445,5586,3.690814256668091
Macaque,ENSG00000134262.fa,85,12226,0.9435062408447266,9151.585511511586,0.0152631578947368,8,7,False,534,0.9814999350114813,0.0469438083494803,8947.5888491417,8.255082130432129,9151.585511511586,0.0426200873362445,5586,3.690814256668091
Macaque,ENSG00000134262.fa,90,12226,0.978602647781372,9151.585511511586,0.0154525386313465,8,7,False,534,0.9840460028535604,0.0469438083494803,8947.5888491417,8.255082130432129,9151.585511511586,0.0426200873362445,5586,3.690814256668091
Macaque,ENSG00000134262.fa,95,12226,0.9376928806304932,9151.585511511586,0.0157068062827225,8,7,False,534,0.9863628517175902,0.0469438083494803,8947.5888491417,8.255082130432129,9151.585511511586,0.0426200873362445,5586,3.690814256668091
Macaque,ENSG00000132703.fa,15,1044,0.0257046222686767,935.7257462128604,0.0519348268839103,3,4,False,737,0.7715311004784688,0.0558766859344894,935.7257462128604,0.0409615039825439,935.7257462128604,0.0558766859344894,999,0.0364482402801513
Macaque,ENSG00000132703.fa,20,1044,0.0280990600585937,935.7257462128604,0.0528541226215644,3,3,False,718,0.8484507042253522,0.0558766859344894,935.7257462128604,0.0409615039825439,935.7257462128604,0.0558766859344894,999,0.0364482402801513
Macaque,ENSG00000132703.fa,25,1044,0.0234663486480712,935.7257462128604,0.050314465408805,2,2,False,625,0.9023205612520238,0.0558766859344894,935.7257462128604,0.0409615039825439,935.7257462128604,0.0558766859344894,999,0.0364482402801513
Macaque,ENSG00000132703.fa,30,1044,0.0245606899261474,935.7257462128604,0.0479876160990712,2,2,False,476,0.9279661016949152,0.0558766859344894,935.7257462128604,0.0409615039825439,935.7257462128604,0.0558766859344894,999,0.0364482402801513
Macaque,ENSG00000132703.fa,35,1044,0.0243933200836181,935.7257462128604,0.0479876160990712,2,2,False,476,0.9416710457172884,0.0558766859344894,935.7257462128604,0.0409615039825439,935.7257462128604,0.0558766859344894,999,0.0364482402801513
Macaque,ENSG00000132703.fa,40,1044,0.1660234928131103,935.7257462128604,0.0479876160990712,2,2,False,476,0.9529780564263324,0.0558766859344894,935.7257462128604,0.0409615039825439,935.7257462128604,0.0558766859344894,999,0.0364482402801513
Macaque,ENSG00000132703.fa,45,1044,0.027228832244873,935.7257462128604,0.044776119402985,2,2,False,366,0.9630785231409256,0.0558766859344894,935.7257462128604,0.0409615039825439,935.7257462128604,0.0558766859344894,999,0.0364482402801513
Macaque,ENSG00000132703.fa,50,1044,0.0255022048950195,935.7257462128604,0.044776119402985,2,2,False,366,0.970954356846473,0.0558766859344894,935.7257462128604,0.0409615039825439,935.7257462128604,0.0558766859344894,999,0.0364482402801513
Macaque,ENSG00000132703.fa,55,1044,0.0275862216949462,935.7257462128604,0.0464480874316939,2,1,False,366,0.977731745209736,0.0558766859344894,935.7257462128604,0.0409615039825439,935.7257462128604,0.0558766859344894,999,0.0364482402801513
Macaque,ENSG00000132703.fa,60,1044,0.0276405811309814,935.7257462128604,0.0464480874316939,2,1,False,366,0.9829104091144484,0.0558766859344894,935.7257462128604,0.0409615039825439,935.7257462128604,0.0558766859344894,999,0.0364482402801513
Macaque,ENSG00000132703.fa,65,1044,0.0272724628448486,935.7257462128604,0.0464480874316939,2,1,False,366,0.988089073019161,0.0558766859344894,935.7257462128604,0.0409615039825439,935.7257462128604,0.0558766859344894,999,0.0364482402801513
Macaque,ENSG00000132703.fa,70,1044,0.0317816734313964,935.7257462128604,0.0,2,1,False,82,0.9932677369238736,0.0558766859344894,935.7257462128604,0.0409615039825439,935.7257462128604,0.0558766859344894,999,0.0364482402801513
Macaque,ENSG00000132703.fa,75,1044,0.031642198562622,935.7257462128604,0.0,2,1,False,82,0.995846313603323,0.0558766859344894,935.7257462128604,0.0409615039825439,935.7257462128604,0.0558766859344894,999,0.0364482402801513
Macaque,ENSG00000132703.fa,80,1044,0.0317013263702392,935.7257462128604,0.0,2,1,False,82,0.9984383133784488,0.0558766859344894,935.7257462128604,0.0409615039825439,935.7257462128604,0.0558766859344894,999,0.0364482402801513
Macaque,ENSG00000198483.fa,95,19950,4.285857439041138,9649.156669169442,0.0160320641282565,7,6,False,697,0.9932713449362895,0.0539423849420406,10879.482464766566,22.94312024116516,9649.156669169442,0.0590976371909434,3707,9.16977596282959
Macaque,ENSG00000158874.fa,45,1343,0.0289769172668457,1202.0335406749327,0.0452781371280724,2,2,False,681,0.9591093117408906,0.0472921434019832,1161.9589926524177,0.0595908164978027,1202.0335406749327,0.0463525835866261,927,0.0516347885131835
Macaque,ENSG00000158874.fa,50,1343,0.0338122844696044,1202.0335406749327,0.0375670840787119,2,2,False,467,0.9677549375251916,0.0472921434019832,1161.9589926524177,0.0595908164978027,1202.0335406749327,0.0463525835866261,927,0.0516347885131835
Macaque,ENSG00000158874.fa,55,1343,0.0378329753875732,1202.0335406749327,0.032119914346895,2,2,False,375,0.97467845659164,0.0472921434019832,1161.9589926524177,0.0595908164978027,1202.0335406749327,0.0463525835866261,927,0.0516347885131835
Macaque,ENSG00000158874.fa,60,1343,0.0383658409118652,1202.0335406749327,0.032119914346895,2,2,False,375,0.9795180722891568,0.0472921434019832,1161.9589926524177,0.0595908164978027,1202.0335406749327,0.0463525835866261,927,0.0516347885131835
Macaque,ENSG00000158874.fa,65,1343,0.0369758605957031,1202.0335406749327,0.032119914346895,2,2,False,375,0.9835341365461848,0.0472921434019832,1161.9589926524177,0.0595908164978027,1202.0335406749327,0.0463525835866261,927,0.0516347885131835
Macaque,ENSG00000158874.fa,70,1343,0.0367791652679443,1202.0335406749327,0.032119914346895,2,2,False,375,0.9875502008032128,0.0472921434019832,1161.9589926524177,0.0595908164978027,1202.0335406749327,0.0463525835866261,927,0.0516347885131835
Macaque,ENSG00000158874.fa,75,1343,0.1363351345062255,1202.0335406749327,0.032119914346895,2,2,False,375,0.9915662650602408,0.0472921434019832,1161.9589926524177,0.0595908164978027,1202.0335406749327,0.0463525835866261,927,0.0516347885131835
Macaque,ENSG00000158874.fa,80,1343,0.0504364967346191,1202.0335406749327,0.0,2,1,False,92,0.994774919614148,0.0472921434019832,1161.9589926524177,0.0595908164978027,1202.0335406749327,0.0463525835866261,927,0.0516347885131835
Macaque,ENSG00000158874.fa,85,1343,0.0512125492095947,1202.0335406749327,0.0,2,1,False,92,0.9967780910189288,0.0472921434019832,1161.9589926524177,0.0595908164978027,1202.0335406749327,0.0463525835866261,927,0.0516347885131835
Macaque,ENSG00000158874.fa,90,1343,0.0504682064056396,1202.0335406749327,0.0,2,1,False,92,0.9987893462469734,0.0472921434019832,1161.9589926524177,0.0595908164978027,1202.0335406749327,0.0463525835866261,927,0.0516347885131835
Macaque,ENSG00000143595.fa,65,4456,0.3188390731811523,2463.3979292716995,0.0273141122913505,5,4,False,725,0.9866092778574844,0.0552258064516129,2414.7116466630973,0.5579288005828857,2463.3979292716995,0.0629218900675024,2976,0.4825961589813232
Macaque,ENSG00000143595.fa,70,4456,0.2067470550537109,2463.3979292716995,0.0273141122913505,5,4,False,725,0.991422444603288,0.0552258064516129,2414.7116466630973,0.5579288005828857,2463.3979292716995,0.0629218900675024,2976,0.4825961589813232
Macaque,ENSG00000143595.fa,75,4456,0.216529369354248,2463.3979292716995,0.2204724409448819,5,3,False,725,0.9951277480689246,0.0552258064516129,2414.7116466630973,0.5579288005828857,2463.3979292716995,0.0629218900675024,2976,0.4825961589813232
Macaque,ENSG00000143595.fa,80,4456,0.4269051551818847,2463.3979292716995,0.0,3,2,False,96,0.9967929682860196,0.0552258064516129,2414.7116466630973,0.5579288005828857,2463.3979292716995,0.0629218900675024,2976,0.4825961589813232
Macaque,ENSG00000143595.fa,85,4456,0.3162276744842529,2463.3979292716995,0.0,3,2,False,96,0.997980757809716,0.0552258064516129,2414.7116466630973,0.5579288005828857,2463.3979292716995,0.0629218900675024,2976,0.4825961589813232
Macaque,ENSG00000143595.fa,90,4456,0.6520857810974121,2463.3979292716995,0.0,2,1,False,96,0.9991685473334124,0.0552258064516129,2414.7116466630973,0.5579288005828857,2463.3979292716995,0.0629218900675024,2976,0.4825961589813232
Macaque,ENSG00000143595.fa,95,4456,0.6473865509033203,2463.3979292716995,0.0,2,1,False,96,0.9997623009270264,0.0552258064516129,2414.7116466630973,0.5579288005828857,2463.3979292716995,0.0629218900675024,2976,0.4825961589813232
Macaque,ENSG00000173627.fa,60,7438,0.4041998386383056,5287.144560232585,0.1615052920423363,7,6,False,857,0.9862555191568152,0.0567901234567901,5319.404254149293,2.5944106578826904,5306.595194770277,0.0526391901663051,4543,1.317286729812622
Macaque,ENSG00000173627.fa,65,7438,0.7050161361694336,5306.595194770277,0.0109717868338558,4,4,False,398,0.9890555042285551,0.0567901234567901,5319.404254149293,2.5944106578826904,5306.595194770277,0.0526391901663051,4543,1.317286729812622
Macaque,ENSG00000173627.fa,70,7438,2.0173568725585938,5306.595194770277,0.0139442231075697,2,2,False,398,0.9906986651519456,0.0567901234567901,5319.404254149293,2.5944106578826904,5306.595194770277,0.0526391901663051,4543,1.317286729812622
Macaque,ENSG00000173627.fa,75,7438,2.1434497833251958,5306.595194770277,0.0139442231075697,2,2,False,398,0.9917666264461636,0.0567901234567901,5319.404254149293,2.5944106578826904,5306.595194770277,0.0526391901663051,4543,1.317286729812622
Macaque,ENSG00000173627.fa,80,7438,2.1237170696258545,5306.595194770277,0.0139442231075697,2,2,False,398,0.9928338299985808,0.0567901234567901,5319.404254149293,2.5944106578826904,5306.595194770277,0.0526391901663051,4543,1.317286729812622
Macaque,ENSG00000173627.fa,85,7438,2.1397571563720703,5306.595194770277,0.0139442231075697,2,2,False,398,0.9936147570060304,0.0567901234567901,5319.404254149293,2.5944106578826904,5306.595194770277,0.0526391901663051,4543,1.317286729812622
Macaque,ENSG00000173627.fa,90,7438,2.124121904373169,5306.595194770277,0.0139442231075697,2,2,False,398,0.994324228449805,0.0567901234567901,5319.404254149293,2.5944106578826904,5306.595194770277,0.0526391901663051,4543,1.317286729812622
Macaque,ENSG00000173627.fa,95,7438,2.1451640129089355,5306.595194770277,0.0139442231075697,2,2,False,398,0.9950336998935791,0.0567901234567901,5319.404254149293,2.5944106578826904,5306.595194770277,0.0526391901663051,4543,1.317286729812622
Macaque,ENSG00000142632-0.fa,60,4932,0.1629512310028076,3094.618676122711,0.0257510729613733,7,6,False,764,0.9851024208566108,0.0574608221667045,3082.7829506938806,1.159040927886963,3094.618676122711,0.0518984497865648,2008,0.5783162117004395
Macaque,ENSG00000142632-0.fa,65,4932,0.1891400814056396,3094.618676122711,0.0279114533205004,6,5,False,701,0.9896288209606988,0.0574608221667045,3082.7829506938806,1.159040927886963,3094.618676122711,0.0518984497865648,2008,0.5783162117004395
Macaque,ENSG00000142632-0.fa,70,4932,0.3511331081390381,3094.618676122711,0.0,6,5,False,102,0.9929193899782136,0.0574608221667045,3082.7829506938806,1.159040927886963,3094.618676122711,0.0518984497865648,2008,0.5783162117004395
Macaque,ENSG00000142632-0.fa,75,4932,0.2871184349060058,3094.618676122711,0.0,5,4,False,102,0.9954313064288044,0.0574608221667045,3082.7829506938806,1.159040927886963,3094.618676122711,0.0518984497865648,2008,0.5783162117004395
Macaque,ENSG00000142632-0.fa,80,4932,0.4339697360992431,3094.618676122711,0.0,3,2,False,102,0.9972826086956522,0.0574608221667045,3082.7829506938806,1.159040927886963,3094.618676122711,0.0518984497865648,2008,0.5783162117004395
Macaque,ENSG00000142632-0.fa,85,4932,0.634209156036377,3094.618676122711,0.0,2,1,False,102,0.9980428400565402,0.0574608221667045,3082.7829506938806,1.159040927886963,3094.618676122711,0.0518984497865648,2008,0.5783162117004395
Macaque,ENSG00000142632-0.fa,90,4932,0.5166783332824707,3094.618676122711,0.0,2,1,False,102,0.998585726718886,0.0574608221667045,3082.7829506938806,1.159040927886963,3094.618676122711,0.0518984497865648,2008,0.5783162117004395
Macaque,ENSG00000142632-0.fa,95,4932,0.6289389133453369,3094.618676122711,0.0,2,1,False,102,0.9991292043104386,0.0574608221667045,3082.7829506938806,1.159040927886963,3094.618676122711,0.0518984497865648,2008,0.5783162117004395
